ecosystem,observation_subset,observation_subset_label,draw,mode,turnover_time_years,decomposition_rate_per_year,carbon_stock,respiration_fraction
Harvard Forest,prior_only,Prior,0,fast,2.553293040917052,0.3916510889955802,1422.199462890625,0.8017308593633262
Harvard Forest,prior_only,Prior,0,intermediate,34.66815189869692,0.02884491803664871,3792.867919921875,0.18221422488141756
Harvard Forest,prior_only,Prior,0,slow,119.45379971788945,0.008371437345330754,1044.6337890625,0.01605491575525593
Harvard Forest,prior_only,Prior,1,fast,1.0604988898876768,0.9429524250665792,590.7042236328125,0.7708450439355141
Harvard Forest,prior_only,Prior,1,intermediate,11.764665044848307,0.08500029505199516,1498.1038818359375,0.21925595379913895
Harvard Forest,prior_only,Prior,1,slow,114.44773886133889,0.008737612555295366,617.5084838867188,0.009899002265347043
Harvard Forest,prior_only,Prior,2,fast,3.3970659311279445,0.2943716784642932,1892.1859130859375,0.8171715466543347
Harvard Forest,prior_only,Prior,2,intermediate,16.423464688961435,0.06088849210192059,1664.697265625,0.17099125657078673
Harvard Forest,prior_only,Prior,2,slow,66.73424162817379,0.014984811029572278,431.4335021972656,0.011837196774878512
Harvard Forest,prior_only,Prior,3,fast,3.071463081675328,0.32557773719179806,1710.8232421875,0.8656270732046618
Harvard Forest,prior_only,Prior,3,intermediate,20.62157559138317,0.0484928998547451,1531.012451171875,0.10987331103090894
Harvard Forest,prior_only,Prior,3,slow,106.07675106041653,0.009427136389485054,1415.9512939453125,0.02449961576442925
Harvard Forest,prior_only,Prior,4,fast,4.103022415512377,0.2437227728074993,2285.407958984375,0.6802146196107905
Harvard Forest,prior_only,Prior,4,intermediate,26.461638057033966,0.037790555438958644,4680.6767578125,0.28836340905718544
Harvard Forest,prior_only,Prior,4,slow,71.28274392877161,0.01402864066230724,1223.6798095703125,0.03142197133202414
Harvard Forest,prior_only,Prior,5,fast,2.761887233260218,0.36207126343082763,1538.3875732421875,0.8153961450198548
Harvard Forest,prior_only,Prior,5,intermediate,31.998437100656208,0.03125152634343796,3262.2626953125,0.17449951902075875
Harvard Forest,prior_only,Prior,5,slow,36.90236630215101,0.0270985332434281,204.00399780273438,0.010104335959386715
Harvard Forest,prior_only,Prior,6,fast,2.3839458475575794,0.41947261554809584,1327.8720703125,0.7752498777847374
Harvard Forest,prior_only,Prior,6,intermediate,37.3807550727836,0.026751733560569136,4635.28759765625,0.20602771704031878
Harvard Forest,prior_only,Prior,6,slow,94.07581731217944,0.010629724285908871,960.3615112304688,0.01872240517494376
Harvard Forest,prior_only,Prior,7,fast,1.993242790072981,0.5016950293162158,1110.2481689453125,0.6372256311311865
Harvard Forest,prior_only,Prior,7,intermediate,26.30410758145595,0.038016876143898794,5284.068359375,0.3312073950878935
Harvard Forest,prior_only,Prior,7,slow,133.77731658905398,0.007475108826348088,2303.44189453125,0.031566973780920125
Harvard Forest,prior_only,Prior,8,fast,2.2148060731087265,0.45150679878549765,1233.6602783203125,0.8015395652899087
Harvard Forest,prior_only,Prior,8,intermediate,50.27713242029207,0.01988975806417304,5492.90576171875,0.1847580065267483
Harvard Forest,prior_only,Prior,8,slow,127.86723072925797,0.007820612007445195,954.2273559570312,0.01370242818334314
Harvard Forest,prior_only,Prior,9,fast,3.249483780148794,0.3077411883416787,1809.9818115234375,0.8208748633987968
Harvard Forest,prior_only,Prior,9,intermediate,12.957803879289486,0.07717357117885573,1287.2333984375,0.15865470587050504
Harvard Forest,prior_only,Prior,9,slow,110.04158931923216,0.009087473256124884,1227.8494873046875,0.02047043073069806
Harvard Forest,prior_only,Prior,10,fast,1.309590039827397,0.7635977440175089,729.449462890625,0.670649654216503
Harvard Forest,prior_only,Prior,10,intermediate,28.30303955470626,0.0353318942323182,5160.5009765625,0.31451223269675443
Harvard Forest,prior_only,Prior,10,slow,147.52263539276026,0.0067786207678409965,1192.996826171875,0.014838113086742615
Harvard Forest,prior_only,Prior,11,fast,1.9481252874105555,0.5133140083249975,1085.117431640625,0.7965079226767566
Harvard Forest,prior_only,Prior,11,intermediate,13.387220166870227,0.07469810666703841,1510.8218994140625,0.17018121039892165
Harvard Forest,prior_only,Prior,11,slow,67.21102978084326,0.014878510316844212,1224.192138671875,0.03331086692432167
Harvard Forest,stocks_only,Stocks,0,fast,2.5547776109313585,0.3914235022732348,1423.0263671875,0.7114342867179336
Harvard Forest,stocks_only,Stocks,0,intermediate,28.813222161344076,0.034706288467160874,4596.517578125,0.2578452752142273
Harvard Forest,stocks_only,Stocks,0,slow,153.05805513792035,0.006533468618158657,2562.2314453125,0.03072043806783905
Harvard Forest,stocks_only,Stocks,1,fast,2.4858549900717994,0.40227607965624607,1384.6361083984375,0.6986241301266547
Harvard Forest,stocks_only,Stocks,1,intermediate,27.29880878150681,0.036631635028611054,4551.1376953125,0.27324483180466
Harvard Forest,stocks_only,Stocks,1,slow,143.21761667019717,0.006982381240869334,2195.85888671875,0.028131038068685173
Harvard Forest,stocks_only,Stocks,2,fast,2.4858549900717994,0.40227607965624607,1384.6361083984375,0.6986241301266547
Harvard Forest,stocks_only,Stocks,2,intermediate,27.29880878150681,0.036631635028611054,4551.1376953125,0.27324483180466
Harvard Forest,stocks_only,Stocks,2,slow,143.21761667019717,0.006982381240869334,2195.85888671875,0.028131038068685173
Harvard Forest,stocks_only,Stocks,3,fast,2.4955272326749856,0.4007169254282543,1390.0235595703125,0.676247337119184
Harvard Forest,stocks_only,Stocks,3,intermediate,26.228383165897476,0.03812663532002287,4699.76611328125,0.2953984710030332
Harvard Forest,stocks_only,Stocks,3,slow,134.83618897795947,0.007416406586242671,2084.410888671875,0.0283541918777827
Harvard Forest,stocks_only,Stocks,4,fast,2.4955272326749856,0.4007169254282543,1390.0235595703125,0.676247337119184
Harvard Forest,stocks_only,Stocks,4,intermediate,26.228383165897476,0.03812663532002287,4699.76611328125,0.2953984710030332
Harvard Forest,stocks_only,Stocks,4,slow,134.83618897795947,0.007416406586242671,2084.410888671875,0.0283541918777827
Harvard Forest,stocks_only,Stocks,5,fast,2.1449538846022795,0.46621048926906017,1194.752197265625,0.6782262295775078
Harvard Forest,stocks_only,Stocks,5,intermediate,22.758294924484243,0.04394002289354998,4056.389892578125,0.29222606562159287
Harvard Forest,stocks_only,Stocks,5,slow,136.0552978418914,0.00734995267264117,2191.734619140625,0.029547704800899327
Harvard Forest,stocks_only,Stocks,6,fast,2.3193067479805567,0.4311633210530301,1291.86767578125,0.6409349762319622
Harvard Forest,stocks_only,Stocks,6,intermediate,22.377443620883803,0.044687856975170644,4452.671875,0.328850214132298
Harvard Forest,stocks_only,Stocks,6,slow,130.98380581531094,0.0076345315649937245,2158.40283203125,0.030214809635739675
Harvard Forest,stocks_only,Stocks,7,fast,2.3193067479805567,0.4311633210530301,1291.86767578125,0.6409349762319622
Harvard Forest,stocks_only,Stocks,7,intermediate,22.377443620883803,0.044687856975170644,4452.671875,0.328850214132298
Harvard Forest,stocks_only,Stocks,7,slow,130.98380581531094,0.0076345315649937245,2158.40283203125,0.030214809635739675
Harvard Forest,stocks_only,Stocks,8,fast,2.3460340063176734,0.4262512808028714,1306.7550048828125,0.6124961219818598
Harvard Forest,stocks_only,Stocks,8,intermediate,24.349605207109423,0.04106842766009312,5228.14990234375,0.3569253331830207
Harvard Forest,stocks_only,Stocks,8,slow,122.51792745800194,0.008162070814842923,2044.1431884765625,0.030578544835119553
Harvard Forest,stocks_only,Stocks,9,fast,2.3911671932033456,0.4182058046139142,1331.8944091796875,0.6052034375887703
Harvard Forest,stocks_only,Stocks,9,intermediate,22.058853118444198,0.04533327252466558,4827.9248046875,0.36297823242982674
Harvard Forest,stocks_only,Stocks,9,slow,119.84027066119131,0.008344440432942354,2080.629150390625,0.031818329981403035
Harvard Forest,stocks_only,Stocks,10,fast,2.474893423749609,0.4040578032184276,1378.5303955078125,0.5948849090733802
Harvard Forest,stocks_only,Stocks,10,intermediate,21.55114852974426,0.04640123929450115,4841.19775390625,0.3754336078736807
Harvard Forest,stocks_only,Stocks,10,slow,129.88406712121363,0.007699173749053879,2103.04736328125,0.02968148305293898
Harvard Forest,stocks_only,Stocks,11,fast,2.383719644251344,0.4195124214425269,1327.74609375,0.5960310236293763
Harvard Forest,stocks_only,Stocks,11,intermediate,20.664078803524383,0.04839315652577961,4629.357421875,0.3714043601138695
Harvard Forest,stocks_only,Stocks,11,slow,138.0611207285232,0.007243168784399137,2451.9931640625,0.03256461625675408
Harvard Forest,soil14c_only,Soil 14C,0,fast,2.63739874032615,0.3791614763099252,1469.0467529296875,0.6019435639136881
Harvard Forest,soil14c_only,Soil 14C,0,intermediate,21.378889042905104,0.04677511530150649,4712.4306640625,0.31888337667576083
Harvard Forest,soil14c_only,Soil 14C,0,slow,116.16613423541826,0.008608360832369912,5022.77490234375,0.0791730594105511
Harvard Forest,soil14c_only,Soil 14C,1,fast,2.63739874032615,0.3791614763099252,1469.0467529296875,0.6019435639136881
Harvard Forest,soil14c_only,Soil 14C,1,intermediate,21.378889042905104,0.04677511530150649,4712.4306640625,0.31888337667576083
Harvard Forest,soil14c_only,Soil 14C,1,slow,116.16613423541826,0.008608360832369912,5022.77490234375,0.0791730594105511
Harvard Forest,soil14c_only,Soil 14C,2,fast,2.646320187576293,0.3778832224062343,1474.01611328125,0.5740261391027969
Harvard Forest,soil14c_only,Soil 14C,2,intermediate,20.009697617127006,0.04997576770695748,4722.6083984375,0.34067797032359487
Harvard Forest,soil14c_only,Soil 14C,2,slow,106.19679786779612,0.009416479781668137,4949.54833984375,0.08529589057360816
Harvard Forest,soil14c_only,Soil 14C,3,fast,2.599927862606695,0.3846260561234946,1448.17529296875,0.5803849332735066
Harvard Forest,soil14c_only,Soil 14C,3,intermediate,20.373903320429246,0.0490823964496427,4736.13720703125,0.33500028844919455
Harvard Forest,soil14c_only,Soil 14C,3,slow,107.65559766665326,0.00928888066829946,4977.1044921875,0.08461477827729891
Harvard Forest,soil14c_only,Soil 14C,4,fast,2.6465372370501807,0.37785223121009087,1474.136962890625,0.6033910217075575
Harvard Forest,soil14c_only,Soil 14C,4,intermediate,21.520895543557923,0.04646646780920511,4725.93994140625,0.3141747681134045
Harvard Forest,soil14c_only,Soil 14C,4,slow,110.07664614392732,0.009084579109473238,4956.65966796875,0.08243421017903796
Harvard Forest,soil14c_only,Soil 14C,5,fast,2.6230320932303965,0.3812381871273445,1461.0445556640625,0.6089470118148955
Harvard Forest,soil14c_only,Soil 14C,5,intermediate,21.952599707752324,0.04555269140387327,4752.953125,0.31378385156263255
Harvard Forest,soil14c_only,Soil 14C,5,slow,117.22985466011116,0.008530250275404135,4946.42333984375,0.07726913662247199
Harvard Forest,soil14c_only,Soil 14C,6,fast,2.6230320932303965,0.3812381871273445,1461.0445556640625,0.6089470118148955
Harvard Forest,soil14c_only,Soil 14C,6,intermediate,21.952599707752324,0.04555269140387327,4752.953125,0.31378385156263255
Harvard Forest,soil14c_only,Soil 14C,6,slow,117.22985466011116,0.008530250275404135,4946.42333984375,0.07726913662247199
Harvard Forest,soil14c_only,Soil 14C,7,fast,2.641033219155028,0.37863969023454386,1471.0712890625,0.5941743224984433
Harvard Forest,soil14c_only,Soil 14C,7,intermediate,20.753009344234506,0.048185782765901124,4665.0234375,0.32794109191731463
Harvard Forest,soil14c_only,Soil 14C,7,slow,115.78687409748925,0.008636557535511569,4924.9521484375,0.07788458558424217
Harvard Forest,soil14c_only,Soil 14C,8,fast,2.671350801225046,0.3743424485999417,1487.9583740234375,0.5976451899301001
Harvard Forest,soil14c_only,Soil 14C,8,intermediate,20.71522201732734,0.04827368005824633,4615.74658203125,0.3163174769347433
Harvard Forest,soil14c_only,Soil 14C,8,slow,103.8055315837204,0.009633397996651923,4880.0341796875,0.08603733313515664
Harvard Forest,soil14c_only,Soil 14C,9,fast,2.656699127675673,0.37640694408436565,1479.7972412109375,0.5966803932287735
Harvard Forest,soil14c_only,Soil 14C,9,intermediate,20.57380265218905,0.04860550171038022,4595.46435546875,0.3175040289278118
Harvard Forest,soil14c_only,Soil 14C,9,slow,103.6695992388255,0.009646029379319604,4861.1201171875,0.08581557784341437
Harvard Forest,soil14c_only,Soil 14C,10,fast,2.650299308997606,0.37731587394867455,1476.2325439453125,0.5513174448569794
Harvard Forest,soil14c_only,Soil 14C,10,intermediate,18.414206148925157,0.05430589795250936,4581.060546875,0.36951579462753936
Harvard Forest,soil14c_only,Soil 14C,10,slow,112.01213478932662,0.008927604155396274,4844.27392578125,0.07916676051548126
Harvard Forest,soil14c_only,Soil 14C,11,fast,2.650299308997606,0.37731587394867455,1476.2325439453125,0.5513174448569794
Harvard Forest,soil14c_only,Soil 14C,11,intermediate,18.414206148925157,0.05430589795250936,4581.060546875,0.36951579462753936
Harvard Forest,soil14c_only,Soil 14C,11,slow,112.01213478932662,0.008927604155396274,4844.27392578125,0.07916676051548126
Harvard Forest,resp14c_only,Respired 14C,0,fast,2.2330308124041465,0.44782185469414576,1243.8115234375,0.6632984940167552
Harvard Forest,resp14c_only,Respired 14C,0,intermediate,25.169955728855157,0.03972990698802014,4693.06103515625,0.31019054991240463
Harvard Forest,resp14c_only,Respired 14C,0,slow,119.99340083129336,0.008333791634141332,1735.1092529296875,0.026510956070839992
Harvard Forest,resp14c_only,Respired 14C,1,fast,2.2330308124041465,0.44782185469414576,1243.8115234375,0.6632984940167552
Harvard Forest,resp14c_only,Respired 14C,1,intermediate,25.169955728855157,0.03972990698802014,4693.06103515625,0.31019054991240463
Harvard Forest,resp14c_only,Respired 14C,1,slow,119.99340083129336,0.008333791634141332,1735.1092529296875,0.026510956070839992
Harvard Forest,resp14c_only,Respired 14C,2,fast,2.2379822530242444,0.44683106787315835,1246.569580078125,0.6708169951135448
Harvard Forest,resp14c_only,Respired 14C,2,intermediate,25.671725245702323,0.03895336174055575,4679.8955078125,0.3102366633582983
Harvard Forest,resp14c_only,Respired 14C,2,slow,142.936531962655,0.006996112094431323,1476.1397705078125,0.018946341528156857
Harvard Forest,resp14c_only,Respired 14C,3,fast,2.2379822530242444,0.44683106787315835,1246.569580078125,0.6708169951135448
Harvard Forest,resp14c_only,Respired 14C,3,intermediate,25.671725245702323,0.03895336174055575,4679.8955078125,0.3102366633582983
Harvard Forest,resp14c_only,Respired 14C,3,slow,142.936531962655,0.006996112094431323,1476.1397705078125,0.018946341528156857
Harvard Forest,resp14c_only,Respired 14C,4,fast,2.2379822530242444,0.44683106787315835,1246.569580078125,0.6708169951135448
Harvard Forest,resp14c_only,Respired 14C,4,intermediate,25.671725245702323,0.03895336174055575,4679.8955078125,0.3102366633582983
Harvard Forest,resp14c_only,Respired 14C,4,slow,142.936531962655,0.006996112094431323,1476.1397705078125,0.018946341528156857
Harvard Forest,resp14c_only,Respired 14C,5,fast,2.2379822530242444,0.44683106787315835,1246.569580078125,0.6708169951135448
Harvard Forest,resp14c_only,Respired 14C,5,intermediate,25.671725245702323,0.03895336174055575,4679.8955078125,0.3102366633582983
Harvard Forest,resp14c_only,Respired 14C,5,slow,142.936531962655,0.006996112094431323,1476.1397705078125,0.018946341528156857
Harvard Forest,resp14c_only,Respired 14C,6,fast,2.249724957948059,0.4444987803807294,1253.1102294921875,0.6766063997949553
Harvard Forest,resp14c_only,Respired 14C,6,intermediate,26.376151424075868,0.03791303681579606,4722.33740234375,0.30177980231055446
Harvard Forest,resp14c_only,Respired 14C,6,slow,128.57916150968657,0.007777310010881231,1515.2998046875,0.02161379789449024
Harvard Forest,resp14c_only,Respired 14C,7,fast,2.234825708013025,0.44746218750503647,1244.811279296875,0.6546235371604664
Harvard Forest,resp14c_only,Respired 14C,7,intermediate,25.593744859204115,0.03907204692010424,4895.45849609375,0.32066710023038797
Harvard Forest,resp14c_only,Respired 14C,7,slow,101.87155984310688,0.009816282400506159,1373.811767578125,0.024709362609145587
Harvard Forest,resp14c_only,Respired 14C,8,fast,2.234825708013025,0.44746218750503647,1244.811279296875,0.6546235371604664
Harvard Forest,resp14c_only,Respired 14C,8,intermediate,25.593744859204115,0.03907204692010424,4895.45849609375,0.32066710023038797
Harvard Forest,resp14c_only,Respired 14C,8,slow,101.87155984310688,0.009816282400506159,1373.811767578125,0.024709362609145587
Harvard Forest,resp14c_only,Respired 14C,9,fast,2.2507968929446696,0.44428708922363996,1253.707275390625,0.6897302895968638
Harvard Forest,resp14c_only,Respired 14C,9,intermediate,28.71496235159474,0.034825050012453285,4928.69580078125,0.28433238341356615
Harvard Forest,resp14c_only,Respired 14C,9,slow,101.38627787036877,0.009863267702544396,1434.90966796875,0.02593732698956999
Harvard Forest,resp14c_only,Respired 14C,10,fast,2.2507968929446696,0.44428708922363996,1253.707275390625,0.6897302895968638
Harvard Forest,resp14c_only,Respired 14C,10,intermediate,28.71496235159474,0.034825050012453285,4928.69580078125,0.28433238341356615
Harvard Forest,resp14c_only,Respired 14C,10,slow,101.38627787036877,0.009863267702544396,1434.90966796875,0.02593732698956999
Harvard Forest,resp14c_only,Respired 14C,11,fast,2.2591203787868714,0.4426501612707294,1258.3436279296875,0.7081975119081939
Harvard Forest,resp14c_only,Respired 14C,11,intermediate,31.08394808166537,0.03217094551093535,5013.89306640625,0.26410732472064635
Harvard Forest,resp14c_only,Respired 14C,11,slow,94.64283039517818,0.010566040721991632,1430.3917236328125,0.02769516337115961
Harvard Forest,stocks_soil14c,Stocks + Soil 14C,0,fast,2.6287693370212044,0.3804061413517369,1464.240234375,0.742187375148846
Harvard Forest,stocks_soil14c,Stocks + Soil 14C,0,intermediate,30.56103039970102,0.03272140981247095,4349.8056640625,0.21793264788156105
Harvard Forest,stocks_soil14c,Stocks + Soil 14C,0,slow,229.8710231496185,0.004350265580664857,4990.86279296875,0.03987997696959299
Harvard Forest,stocks_soil14c,Stocks + Soil 14C,1,fast,2.6194423714769193,0.38176064145903327,1459.0450439453125,0.7526239273996095
Harvard Forest,stocks_soil14c,Stocks + Soil 14C,1,intermediate,31.72200271510068,0.03152386086657663,4330.06884765625,0.20563928837202705
Harvard Forest,stocks_soil14c,Stocks + Soil 14C,1,slow,218.57101497340358,0.004575172056192735,4966.7236328125,0.04173678422836346
Harvard Forest,stocks_soil14c,Stocks + Soil 14C,2,fast,2.6194423714769193,0.38176064145903327,1459.0450439453125,0.7526239273996095
Harvard Forest,stocks_soil14c,Stocks + Soil 14C,2,intermediate,31.72200271510068,0.03152386086657663,4330.06884765625,0.20563928837202705
Harvard Forest,stocks_soil14c,Stocks + Soil 14C,2,slow,218.57101497340358,0.004575172056192735,4966.7236328125,0.04173678422836346
Harvard Forest,stocks_soil14c,Stocks + Soil 14C,3,fast,2.635501689848685,0.37943439909439564,1467.990234375,0.7412926665466334
Harvard Forest,stocks_soil14c,Stocks + Soil 14C,3,intermediate,30.66016818688642,0.03261560712598137,4377.728515625,0.21175229813877192
Harvard Forest,stocks_soil14c,Stocks + Soil 14C,3,slow,197.35514628048193,0.005067007467739382,5046.97119140625,0.046955035314594724
Harvard Forest,stocks_soil14c,Stocks + Soil 14C,4,fast,2.664341379160845,0.375327278937115,1484.0540771484375,0.7384041284450829
Harvard Forest,stocks_soil14c,Stocks + Soil 14C,4,intermediate,30.431405614262097,0.0328607890373403,4394.74609375,0.21889519220772552
Harvard Forest,stocks_soil14c,Stocks + Soil 14C,4,slow,218.90791393471858,0.004568130873049268,5089.7919921875,0.042700679347191475
Harvard Forest,stocks_soil14c,Stocks + Soil 14C,5,fast,2.6751787606507014,0.37380679553420326,1490.090576171875,0.7328037349235246
Harvard Forest,stocks_soil14c,Stocks + Soil 14C,5,intermediate,29.996290341033813,0.03333745568637989,4423.86767578125,0.21512305838053042
Harvard Forest,stocks_soil14c,Stocks + Soil 14C,5,slow,178.71565922673634,0.005595480576949898,5070.333984375,0.05207320669594486
Harvard Forest,stocks_soil14c,Stocks + Soil 14C,6,fast,2.6751787606507014,0.37380679553420326,1490.090576171875,0.7328037349235246
Harvard Forest,stocks_soil14c,Stocks + Soil 14C,6,intermediate,29.996290341033813,0.03333745568637989,4423.86767578125,0.21512305838053042
Harvard Forest,stocks_soil14c,Stocks + Soil 14C,6,slow,178.71565922673634,0.005595480576949898,5070.333984375,0.05207320669594486
Harvard Forest,stocks_soil14c,Stocks + Soil 14C,7,fast,2.701485634502145,0.3701666917004685,1504.74365234375,0.7126087948522163
Harvard Forest,stocks_soil14c,Stocks + Soil 14C,7,intermediate,27.668791946242592,0.03614180199637518,4392.9228515625,0.23659337089723834
Harvard Forest,stocks_soil14c,Stocks + Soil 14C,7,slow,183.80073183720745,0.005440674745983609,5087.02978515625,0.05079783425054537
Harvard Forest,stocks_soil14c,Stocks + Soil 14C,8,fast,2.701485634502145,0.3701666917004685,1504.74365234375,0.7126087948522163
Harvard Forest,stocks_soil14c,Stocks + Soil 14C,8,intermediate,27.668791946242592,0.03614180199637518,4392.9228515625,0.23659337089723834
Harvard Forest,stocks_soil14c,Stocks + Soil 14C,8,slow,183.80073183720745,0.005440674745983609,5087.02978515625,0.05079783425054537
Harvard Forest,stocks_soil14c,Stocks + Soil 14C,9,fast,2.7074693545450703,0.3693485942218643,1508.07666015625,0.7108888396479124
Harvard Forest,stocks_soil14c,Stocks + Soil 14C,9,intermediate,27.359457572632532,0.03655043223518776,4370.9326171875,0.24287591229425376
Harvard Forest,stocks_soil14c,Stocks + Soil 14C,9,slow,202.40402103373796,0.0049406133084347855,5097.4697265625,0.04623524805783389
Harvard Forest,stocks_soil14c,Stocks + Soil 14C,10,fast,2.6479320783535694,0.3776531913997506,1474.9139404296875,0.6890069519808033
Harvard Forest,stocks_soil14c,Stocks + Soil 14C,10,intermediate,25.65393266233,0.03898037829764755,4411.10693359375,0.2592958661716404
Harvard Forest,stocks_soil14c,Stocks + Soil 14C,10,slow,183.84122737221583,0.0054394763040574185,5179.01025390625,0.05169718184755633
Harvard Forest,stocks_soil14c,Stocks + Soil 14C,11,fast,2.6637290892661505,0.37541355238775315,1483.7130126953125,0.6904187665326075
Harvard Forest,stocks_soil14c,Stocks + Soil 14C,11,intermediate,25.651412839931584,0.03898420746803072,4389.48486328125,0.2506937696090772
Harvard Forest,stocks_soil14c,Stocks + Soil 14C,11,slow,162.24441967807388,0.00616354018205498,5208.4423828125,0.058887463858315246
Harvard Forest,stocks_resp14c,Stocks + Respired 14C,0,fast,2.2512777663958343,0.4441921893987086,1253.97509765625,0.6662363041809325
Harvard Forest,stocks_resp14c,Stocks + Respired 14C,0,intermediate,21.942615683046274,0.045573418157828796,4055.060791015625,0.28574406490340004
Harvard Forest,stocks_resp14c,Stocks + Respired 14C,0,slow,164.06879031148154,0.006095004407002201,4294.29638671875,0.04801963091566747
Harvard Forest,stocks_resp14c,Stocks + Respired 14C,1,fast,2.2616705492564457,0.4421510464151215,1259.7640380859375,0.7077634646159884
Harvard Forest,stocks_resp14c,Stocks + Respired 14C,1,intermediate,24.929321697226346,0.040113405897893355,4029.5693359375,0.2509835619281727
Harvard Forest,stocks_resp14c,Stocks + Respired 14C,1,slow,184.11318154147293,0.005431441636213006,4137.5439453125,0.04125297345583884
Harvard Forest,stocks_resp14c,Stocks + Respired 14C,2,fast,2.2616705492564457,0.4421510464151215,1259.7640380859375,0.7077634646159884
Harvard Forest,stocks_resp14c,Stocks + Respired 14C,2,intermediate,24.929321697226346,0.040113405897893355,4029.5693359375,0.2509835619281727
Harvard Forest,stocks_resp14c,Stocks + Respired 14C,2,slow,184.11318154147293,0.005431441636213006,4137.5439453125,0.04125297345583884
Harvard Forest,stocks_resp14c,Stocks + Respired 14C,3,fast,2.2547585715141287,0.4435064634562955,1255.9139404296875,0.6919525846138572
Harvard Forest,stocks_resp14c,Stocks + Respired 14C,3,intermediate,23.693810360478,0.04220511537764439,4039.037841796875,0.2660029003897159
Harvard Forest,stocks_resp14c,Stocks + Respired 14C,3,slow,182.56319056447225,0.005477555453035587,4181.85302734375,0.042044514996426856
Harvard Forest,stocks_resp14c,Stocks + Respired 14C,4,fast,2.2547585715141287,0.4435064634562955,1255.9139404296875,0.6919525846138572
Harvard Forest,stocks_resp14c,Stocks + Respired 14C,4,intermediate,23.693810360478,0.04220511537764439,4039.037841796875,0.2660029003897159
Harvard Forest,stocks_resp14c,Stocks + Respired 14C,4,slow,182.56319056447225,0.005477555453035587,4181.85302734375,0.042044514996426856
Harvard Forest,stocks_resp14c,Stocks + Respired 14C,5,fast,2.277084256732194,0.4391581018767762,1268.3494873046875,0.7193770930688225
Harvard Forest,stocks_resp14c,Stocks + Respired 14C,5,intermediate,25.26131209066288,0.039586225624821024,3920.3701171875,0.24288450030732905
Harvard Forest,stocks_resp14c,Stocks + Respired 14C,5,slow,220.74100369596883,0.004530195945730685,4535.54150390625,0.0377384066238483
Harvard Forest,stocks_resp14c,Stocks + Respired 14C,6,fast,2.280495129912517,0.43850126531003003,1270.2493896484375,0.7324950218543611
Harvard Forest,stocks_resp14c,Stocks + Respired 14C,6,intermediate,26.57516432612696,0.037629118214590515,3929.626953125,0.23034711093166332
Harvard Forest,stocks_resp14c,Stocks + Respired 14C,6,slow,210.999050522651,0.004739357819492409,4268.78857421875,0.037157867213975494
Harvard Forest,stocks_resp14c,Stocks + Respired 14C,7,fast,2.280495129912517,0.43850126531003003,1270.2493896484375,0.7324950218543611
Harvard Forest,stocks_resp14c,Stocks + Respired 14C,7,intermediate,26.57516432612696,0.037629118214590515,3929.626953125,0.23034711093166332
Harvard Forest,stocks_resp14c,Stocks + Respired 14C,7,slow,210.999050522651,0.004739357819492409,4268.78857421875,0.037157867213975494
Harvard Forest,stocks_resp14c,Stocks + Respired 14C,8,fast,2.2876572587170805,0.43712841868663516,1274.23876953125,0.705236996936072
Harvard Forest,stocks_resp14c,Stocks + Respired 14C,8,intermediate,24.100099124057486,0.0414936052691073,3930.35009765625,0.2557867684079452
Harvard Forest,stocks_resp14c,Stocks + Respired 14C,8,slow,204.90886957476854,0.0048802182261569365,4349.423828125,0.03897623465598292
Harvard Forest,stocks_resp14c,Stocks + Respired 14C,9,fast,2.2876572587170805,0.43712841868663516,1274.23876953125,0.705236996936072
Harvard Forest,stocks_resp14c,Stocks + Respired 14C,9,intermediate,24.100099124057486,0.0414936052691073,3930.35009765625,0.2557867684079452
Harvard Forest,stocks_resp14c,Stocks + Respired 14C,9,slow,204.90886957476854,0.0048802182261569365,4349.423828125,0.03897623465598292
Harvard Forest,stocks_resp14c,Stocks + Respired 14C,10,fast,2.2745893739985905,0.43963979232087086,1266.9598388671875,0.6937029332590738
Harvard Forest,stocks_resp14c,Stocks + Respired 14C,10,intermediate,24.425891283674446,0.04094016420470891,4139.92919921875,0.26684720878312307
Harvard Forest,stocks_resp14c,Stocks + Respired 14C,10,slow,160.8665681684896,0.006216332028371567,3458.50341796875,0.039449857957802995
Harvard Forest,stocks_resp14c,Stocks + Respired 14C,11,fast,2.2793253609256934,0.43872630785535327,1269.5977783203125,0.7113841395552031
Harvard Forest,stocks_resp14c,Stocks + Respired 14C,11,intermediate,25.963958420024042,0.03851492841818663,4144.27294921875,0.25038233373412777
Harvard Forest,stocks_resp14c,Stocks + Respired 14C,11,slow,163.64999097993342,0.00611060223109098,3409.38671875,0.03823352671066901
Harvard Forest,all_observations,All observations,0,fast,2.2277323143825103,0.44888696615112983,1240.860107421875,0.7548951313137805
Harvard Forest,all_observations,All observations,0,intermediate,30.907800698554208,0.032354291712731846,4183.912109375,0.21721285533667486
Harvard Forest,all_observations,All observations,0,slow,331.72878992985767,0.0030145107399675644,5033.5341796875,0.027892013349544706
Harvard Forest,all_observations,All observations,1,fast,2.2277323143825103,0.44888696615112983,1240.860107421875,0.7548951313137805
Harvard Forest,all_observations,All observations,1,intermediate,30.907800698554208,0.032354291712731846,4183.912109375,0.21721285533667486
Harvard Forest,all_observations,All observations,1,slow,331.72878992985767,0.0030145107399675644,5033.5341796875,0.027892013349544706
Harvard Forest,all_observations,All observations,2,fast,2.2416851327604923,0.44609297951160687,1248.632080078125,0.7876098434610036
Harvard Forest,all_observations,All observations,2,intermediate,35.55319145762661,0.028126870162748424,4164.193359375,0.18504645926962748
Harvard Forest,all_observations,All observations,2,slow,334.27350314285184,0.002991562270410197,4971.31591796875,0.0273436972693688
Harvard Forest,all_observations,All observations,3,fast,2.2416851327604923,0.44609297951160687,1248.632080078125,0.7876098434610036
Harvard Forest,all_observations,All observations,3,intermediate,35.55319145762661,0.028126870162748424,4164.193359375,0.18504645926962748
Harvard Forest,all_observations,All observations,3,slow,334.27350314285184,0.002991562270410197,4971.31591796875,0.0273436972693688
Harvard Forest,all_observations,All observations,4,fast,2.238374999822002,0.4467526665905048,1246.7882080078125,0.780493782957486
Harvard Forest,all_observations,All observations,4,intermediate,34.67330997404491,0.028840627005283344,4198.81103515625,0.19363922829951416
Harvard Forest,all_observations,All observations,4,slow,354.8329601712378,0.002818227482355114,4991.890625,0.02586698874299995
Harvard Forest,all_observations,All observations,5,fast,2.238374999822002,0.4467526665905048,1246.7882080078125,0.780493782957486
Harvard Forest,all_observations,All observations,5,intermediate,34.67330997404491,0.028840627005283344,4198.81103515625,0.19363922829951416
Harvard Forest,all_observations,All observations,5,slow,354.8329601712378,0.002818227482355114,4991.890625,0.02586698874299995
Harvard Forest,all_observations,All observations,6,fast,2.2363042505856483,0.4471663458753959,1245.634765625,0.7782603678411282
Harvard Forest,all_observations,All observations,6,intermediate,34.38009475960054,0.02908659813163409,4205.57861328125,0.19355602958360804
Harvard Forest,all_observations,All observations,6,slow,324.56543954037664,0.0030810427672648055,4975.7802734375,0.02818360257526383
Harvard Forest,all_observations,All observations,7,fast,2.224435359686831,0.4495522855475494,1239.0238037109375,0.7705724606364642
Harvard Forest,all_observations,All observations,7,intermediate,33.21648532683856,0.030105533145977095,4204.56396484375,0.19587913483984964
Harvard Forest,all_observations,All observations,7,slow,270.14407217322065,0.0037017284590230956,4931.7685546875,0.03354840452368605
Harvard Forest,all_observations,All observations,8,fast,2.2202707378922213,0.45039552291236973,1236.7039794921875,0.7705075975739597
Harvard Forest,all_observations,All observations,8,intermediate,33.31489507085419,0.030016603620488608,4219.04296875,0.2002566608250607
Harvard Forest,all_observations,All observations,8,slow,310.81414620006046,0.003217356778080281,4943.52392578125,0.02923574160097961
Harvard Forest,all_observations,All observations,9,fast,2.2158011445028873,0.4513040362312607,1234.2144775390625,0.7902372448599287
Harvard Forest,all_observations,All observations,9,intermediate,36.44921318136728,0.027435434477669243,4214.9296875,0.180104065361432
Harvard Forest,all_observations,All observations,9,slow,307.1394443241835,0.0032558501308757566,4955.16748046875,0.029658689778639342
Harvard Forest,all_observations,All observations,10,fast,2.2133966258193936,0.4517943094043539,1232.8751220703125,0.7881739207306674
Harvard Forest,all_observations,All observations,10,intermediate,36.1205125860349,0.027685099917065553,4218.59375,0.1829345820249373
Harvard Forest,all_observations,All observations,10,slow,316.7999577510457,0.003156566077530353,4978.6142578125,0.0288914972443953
Harvard Forest,all_observations,All observations,11,fast,2.21499512340496,0.45146826258595485,1233.7655029296875,0.7762483835563485
Harvard Forest,all_observations,All observations,11,intermediate,34.254029339109834,0.02919364580733401,4228.50048828125,0.19571264505710004
Harvard Forest,all_observations,All observations,11,slow,327.9981977005863,0.003048797240382558,5002.6298828125,0.028038971386551564
Barrow,prior_only,Prior,0,fast,1.6974382984738774,0.5891230337497828,1503.878662109375,0.5367343755245281
Barrow,prior_only,Prior,0,intermediate,41.41754573115637,0.02414435675380324,9201.0986328125,0.45187699238306783
Barrow,prior_only,Prior,0,slow,860.152677042602,0.001162584302403411,5833.8798828125,0.011388632092404078
Barrow,prior_only,Prior,1,fast,0.9660405675790289,1.0351532156729981,855.882568359375,0.6089053953333236
Barrow,prior_only,Prior,1,intermediate,20.71439229978608,0.04827561366646161,3587.952880859375,0.3785310338816499
Barrow,prior_only,Prior,1,slow,1443.0778893581783,0.0006929632886584929,9045.482421875,0.012563570785026533
Barrow,prior_only,Prior,2,fast,1.0880764441832413,0.919053073289023,964.0026245117188,0.5732895104885417
Barrow,prior_only,Prior,2,intermediate,57.81098214976652,0.01729775144468876,10526.3427734375,0.40109803512025965
Barrow,prior_only,Prior,2,slow,982.5734788980445,0.001017735590748388,13444.1396484375,0.025612454391198716
Barrow,prior_only,Prior,3,fast,2.808689396711028,0.3560379446623749,2488.413330078125,0.6519708905744487
Barrow,prior_only,Prior,3,intermediate,25.036966417520564,0.039940941059864676,4457.37451171875,0.33411919294568765
Barrow,prior_only,Prior,3,slow,1606.5354529168317,0.0006224574740534959,13738.142578125,0.013909916479863402
Barrow,prior_only,Prior,4,fast,4.262897317558168,0.23458223961463148,3776.79736328125,0.4995517369047957
Barrow,prior_only,Prior,4,intermediate,63.962979928628044,0.015634043334376107,19210.9375,0.49207086203692074
Barrow,prior_only,Prior,4,slow,1546.701631103855,0.0006465371083150128,10152.5703125,0.008377401058283522
Barrow,prior_only,Prior,5,fast,3.0414257679287005,0.32879316356980465,2694.610595703125,0.7957339231737405
Barrow,prior_only,Prior,5,intermediate,56.88247388912689,0.017580107397388536,5240.98681640625,0.2014142312770606
Barrow,prior_only,Prior,5,slow,1021.7410652354341,0.0009787215509142481,1694.417236328125,0.0028518455491990803
Barrow,prior_only,Prior,6,fast,2.57359364121088,0.3885617309535698,2280.125732421875,0.5234002342289897
Barrow,prior_only,Prior,6,intermediate,30.468430723440544,0.032820856744376445,7828.501953125,0.46144576385131486
Barrow,prior_only,Prior,6,slow,719.1294185933502,0.001390570284213995,7176.693359375,0.015154001919695579
Barrow,prior_only,Prior,7,fast,0.9960759828555364,1.0039394757147082,882.4930419921875,0.519745432761951
Barrow,prior_only,Prior,7,intermediate,49.61647258250654,0.020154596809297837,10625.0419921875,0.45661676677561125
Barrow,prior_only,Prior,7,slow,484.0260395051732,0.002066004550131878,6322.16943359375,0.023637800462437984
Barrow,prior_only,Prior,8,fast,0.6651484045936673,1.5034238872013685,589.3012084960938,0.774869841321311
Barrow,prior_only,Prior,8,intermediate,9.831770648528874,0.10171107888380511,964.7901000976562,0.21828737483542457
Barrow,prior_only,Prior,8,slow,766.6365723614898,0.0013043990282379499,2154.98583984375,0.006842783843264388
Barrow,prior_only,Prior,9,fast,1.9459138120054336,0.513897375017557,1724.0205078125,0.43936222891221716
Barrow,prior_only,Prior,9,intermediate,65.86593442437174,0.015182355017648995,19415.95703125,0.5428085616201914
Barrow,prior_only,Prior,9,slow,1113.1202702213404,0.0008983755185781975,13369.9462890625,0.0178292094675914
Barrow,prior_only,Prior,10,fast,1.0305985079533793,0.970309962883467,913.0789794921875,0.3394369574562636
Barrow,prior_only,Prior,10,intermediate,39.628423229188165,0.025234413042794338,14357.2158203125,0.6116787129053965
Barrow,prior_only,Prior,10,slow,1469.8723891964573,0.0006803311684401903,47779.0234375,0.04888432963833998
Barrow,prior_only,Prior,11,fast,1.8282025284711174,0.5469853500510561,1619.73193359375,0.4994048497331342
Barrow,prior_only,Prior,11,intermediate,49.82719980619574,0.020069359785208227,12477.3173828125,0.4725297098896824
Barrow,prior_only,Prior,11,slow,2146.4182077724527,0.00046589243250866634,37719.8203125,0.02806544037718344
Barrow,stocks_only,Stocks,0,fast,3.4900892425602836,0.2865256245615121,3092.113037109375,0.427973196121084
Barrow,stocks_only,Stocks,0,intermediate,83.89241255656148,0.011920029112594484,28676.619140625,0.557648446626972
Barrow,stocks_only,Stocks,0,slow,1163.6988323376233,0.0008593288677545656,13089.6455078125,0.014378357251943813
Barrow,stocks_only,Stocks,1,fast,2.7163441520980527,0.36814186421393585,2406.598388671875,0.4558498239133085
Barrow,stocks_only,Stocks,1,intermediate,79.8127892156358,0.012529320298507923,23987.12109375,0.5278726180158144
Barrow,stocks_only,Stocks,1,slow,1017.5334882588863,0.000982768637630897,11887.16796875,0.016277558070877177
Barrow,stocks_only,Stocks,2,fast,3.0514505304144803,0.32771299748522204,2703.49267578125,0.4498525886169616
Barrow,stocks_only,Stocks,2,intermediate,73.28742463656656,0.013644905725081964,23048.76953125,0.5325937561972095
Barrow,stocks_only,Stocks,2,slow,974.3776963881684,0.0010262960694880524,12679.552734375,0.017553655185828854
Barrow,stocks_only,Stocks,3,fast,3.0514505304144803,0.32771299748522204,2703.49267578125,0.4498525886169616
Barrow,stocks_only,Stocks,3,intermediate,73.28742463656656,0.013644905725081964,23048.76953125,0.5325937561972095
Barrow,stocks_only,Stocks,3,slow,974.3776963881684,0.0010262960694880524,12679.552734375,0.017553655185828854
Barrow,stocks_only,Stocks,4,fast,3.0514505304144803,0.32771299748522204,2703.49267578125,0.4498525886169616
Barrow,stocks_only,Stocks,4,intermediate,73.28742463656656,0.013644905725081964,23048.76953125,0.5325937561972095
Barrow,stocks_only,Stocks,4,slow,974.3776963881684,0.0010262960694880524,12679.552734375,0.017553655185828854
Barrow,stocks_only,Stocks,5,fast,3.0514505304144803,0.32771299748522204,2703.49267578125,0.4498525886169616
Barrow,stocks_only,Stocks,5,intermediate,73.28742463656656,0.013644905725081964,23048.76953125,0.5325937561972095
Barrow,stocks_only,Stocks,5,slow,974.3776963881684,0.0010262960694880524,12679.552734375,0.017553655185828854
Barrow,stocks_only,Stocks,6,fast,2.7942742643160803,0.3578746770746062,2475.64208984375,0.4306293105420498
Barrow,stocks_only,Stocks,6,intermediate,71.17120726378032,0.014050625785982826,23081.7578125,0.5506021653452556
Barrow,stocks_only,Stocks,6,slow,971.3067648491578,0.001029540857934103,13424.662109375,0.018768524112694605
Barrow,stocks_only,Stocks,7,fast,2.7942742643160803,0.3578746770746062,2475.64208984375,0.4306293105420498
Barrow,stocks_only,Stocks,7,intermediate,71.17120726378032,0.014050625785982826,23081.7578125,0.5506021653452556
Barrow,stocks_only,Stocks,7,slow,971.3067648491578,0.001029540857934103,13424.662109375,0.018768524112694605
Barrow,stocks_only,Stocks,8,fast,2.901487335759948,0.3446508236225278,2570.629638671875,0.4399306236208282
Barrow,stocks_only,Stocks,8,intermediate,58.89017802221536,0.016980760350610018,18895.8046875,0.5430945996293267
Barrow,stocks_only,Stocks,8,slow,1118.704204329617,0.0008938913397570089,13969.6982421875,0.01697477674984507
Barrow,stocks_only,Stocks,9,fast,2.901487335759948,0.3446508236225278,2570.629638671875,0.4399306236208282
Barrow,stocks_only,Stocks,9,intermediate,58.89017802221536,0.016980760350610018,18895.8046875,0.5430945996293267
Barrow,stocks_only,Stocks,9,slow,1118.704204329617,0.0008938913397570089,13969.6982421875,0.01697477674984507
Barrow,stocks_only,Stocks,10,fast,2.7259043665792286,0.36685072750916514,2415.068603515625,0.410371429131984
Barrow,stocks_only,Stocks,10,intermediate,57.16526073751539,0.01749314158806483,19525.412109375,0.573828269356105
Barrow,stocks_only,Stocks,10,slow,1239.485985868447,0.0008067860479272375,14542.9619140625,0.01580030151191122
Barrow,stocks_only,Stocks,11,fast,2.4490069057897177,0.40832877916182747,2169.74560546875,0.47386513973749694
Barrow,stocks_only,Stocks,11,intermediate,51.96633570366414,0.019243227109613004,14734.86328125,0.5110393135784449
Barrow,stocks_only,Stocks,11,slow,1524.4585905591728,0.0006559705892917689,15772.44921875,0.015095546684058164
Barrow,soil14c_only,Soil 14C,0,fast,5.957733754100163,0.16784905826175792,5278.37060546875,0.60018548632884
Barrow,soil14c_only,Soil 14C,0,intermediate,17.465822433968572,0.057254675740613305,4599.8046875,0.38010356771271253
Barrow,soil14c_only,Soil 14C,0,slow,1468.6939652331025,0.0006808770401948821,23124.83984375,0.019710945958447332
Barrow,soil14c_only,Soil 14C,1,fast,5.957733754100163,0.16784905826175792,5278.37060546875,0.60018548632884
Barrow,soil14c_only,Soil 14C,1,intermediate,17.465822433968572,0.057254675740613305,4599.8046875,0.38010356771271253
Barrow,soil14c_only,Soil 14C,1,slow,1468.6939652331025,0.0006808770401948821,23124.83984375,0.019710945958447332
Barrow,soil14c_only,Soil 14C,2,fast,5.957733754100163,0.16784905826175792,5278.37060546875,0.60018548632884
Barrow,soil14c_only,Soil 14C,2,intermediate,17.465822433968572,0.057254675740613305,4599.8046875,0.38010356771271253
Barrow,soil14c_only,Soil 14C,2,slow,1468.6939652331025,0.0006808770401948821,23124.83984375,0.019710945958447332
Barrow,soil14c_only,Soil 14C,3,fast,5.957733754100163,0.16784905826175792,5278.37060546875,0.60018548632884
Barrow,soil14c_only,Soil 14C,3,intermediate,17.465822433968572,0.057254675740613305,4599.8046875,0.38010356771271253
Barrow,soil14c_only,Soil 14C,3,slow,1468.6939652331025,0.0006808770401948821,23124.83984375,0.019710945958447332
Barrow,soil14c_only,Soil 14C,4,fast,5.957733754100163,0.16784905826175792,5278.37060546875,0.60018548632884
Barrow,soil14c_only,Soil 14C,4,intermediate,17.465822433968572,0.057254675740613305,4599.8046875,0.38010356771271253
Barrow,soil14c_only,Soil 14C,4,slow,1468.6939652331025,0.0006808770401948821,23124.83984375,0.019710945958447332
Barrow,soil14c_only,Soil 14C,5,fast,5.957733754100163,0.16784905826175792,5278.37060546875,0.60018548632884
Barrow,soil14c_only,Soil 14C,5,intermediate,17.465822433968572,0.057254675740613305,4599.8046875,0.38010356771271253
Barrow,soil14c_only,Soil 14C,5,slow,1468.6939652331025,0.0006808770401948821,23124.83984375,0.019710945958447332
Barrow,soil14c_only,Soil 14C,6,fast,5.964331060735728,0.1676633959142847,5284.2158203125,0.5871556596868865
Barrow,soil14c_only,Soil 14C,6,intermediate,16.606540042210394,0.06021723956093242,4557.2685546875,0.3922137275341057
Barrow,soil14c_only,Soil 14C,6,slow,1407.3990439308604,0.000710530538096007,23297.14453125,0.020630612779007643
Barrow,soil14c_only,Soil 14C,7,fast,5.964331060735728,0.1676633959142847,5284.2158203125,0.5871556596868865
Barrow,soil14c_only,Soil 14C,7,intermediate,16.606540042210394,0.06021723956093242,4557.2685546875,0.3922137275341057
Barrow,soil14c_only,Soil 14C,7,slow,1407.3990439308604,0.000710530538096007,23297.14453125,0.020630612779007643
Barrow,soil14c_only,Soil 14C,8,fast,5.8896073449526885,0.16979060596577564,5218.013671875,0.5860902299755476
Barrow,soil14c_only,Soil 14C,8,intermediate,16.484175364639437,0.06066424178822568,4531.1689453125,0.3901045312415429
Barrow,soil14c_only,Soil 14C,8,slow,1232.968719615765,0.0008110505839204372,23448.732421875,0.023805238782909598
Barrow,soil14c_only,Soil 14C,9,fast,5.849715167437602,0.17094849430729428,5182.66943359375,0.5592788153877598
Barrow,soil14c_only,Soil 14C,9,intermediate,15.084103328735864,0.06629495822233974,4481.1494140625,0.41772423833363187
Barrow,soil14c_only,Soil 14C,9,slow,1259.4289616369583,0.0007940106432841101,23301.849609375,0.022996946278608394
Barrow,soil14c_only,Soil 14C,10,fast,5.8574216665682926,0.1707235805999047,5189.49755859375,0.5717252881844614
Barrow,soil14c_only,Soil 14C,10,intermediate,15.743537051937645,0.06351812789597522,4521.29443359375,0.3979572458884454
Barrow,soil14c_only,Soil 14C,10,slow,973.7655202857536,0.0010269412699132618,23629.439453125,0.03031746592709309
Barrow,soil14c_only,Soil 14C,11,fast,5.8574216665682926,0.1707235805999047,5189.49755859375,0.5717252881844614
Barrow,soil14c_only,Soil 14C,11,intermediate,15.743537051937645,0.06351812789597522,4521.29443359375,0.3979572458884454
Barrow,soil14c_only,Soil 14C,11,slow,973.7655202857536,0.0010269412699132618,23629.439453125,0.03031746592709309
Barrow,resp14c_only,Respired 14C,0,fast,4.281253455827113,0.23357645379273761,3793.060302734375,0.53745970969111
Barrow,resp14c_only,Respired 14C,0,intermediate,52.28283753407121,0.019126735410034488,14282.5869140625,0.4522678186011928
Barrow,resp14c_only,Respired 14C,0,slow,749.0424502438929,0.0013350378201854832,5867.74462890625,0.010272471707697236
Barrow,resp14c_only,Respired 14C,1,fast,4.281253455827113,0.23357645379273761,3793.060302734375,0.53745970969111
Barrow,resp14c_only,Respired 14C,1,intermediate,52.28283753407121,0.019126735410034488,14282.5869140625,0.4522678186011928
Barrow,resp14c_only,Respired 14C,1,slow,749.0424502438929,0.0013350378201854832,5867.74462890625,0.010272471707697236
Barrow,resp14c_only,Respired 14C,2,fast,4.288588576357841,0.23317694905797362,3799.559326171875,0.5506565479919766
Barrow,resp14c_only,Respired 14C,2,intermediate,62.62761659463659,0.015967396723279417,16414.939453125,0.4381720348731736
Barrow,resp14c_only,Respired 14C,2,slow,688.4286579507313,0.0014525833409909656,5830.6337890625,0.011171417134849801
Barrow,resp14c_only,Respired 14C,3,fast,4.4201595822361375,0.22623617572967916,3916.127197265625,0.594129829378256
Barrow,resp14c_only,Respired 14C,3,intermediate,65.61822072390456,0.015239669545561184,15234.8369140625,0.3966525172864421
Barrow,resp14c_only,Respired 14C,3,slow,615.8212418277136,0.0016238478507692772,4232.12939453125,0.009217653335301999
Barrow,resp14c_only,Respired 14C,4,fast,4.588541499169673,0.21793417367609222,4065.30810546875,0.6504492898046416
Barrow,resp14c_only,Respired 14C,4,intermediate,66.06283801128878,0.015137103250531268,12933.884765625,0.34100370168152266
Barrow,resp14c_only,Respired 14C,4,slow,745.7494474498636,0.0013409329412439551,4657.5048828125,0.008547008513835856
Barrow,resp14c_only,Respired 14C,5,fast,4.6591761909070675,0.21463021766629434,4127.888671875,0.6695887599733956
Barrow,resp14c_only,Respired 14C,5,intermediate,71.53737681453508,0.013978706580093923,13126.1640625,0.32301820933206477
Barrow,resp14c_only,Respired 14C,5,slow,719.1932022407206,0.0013904469576247341,3865.99365234375,0.007393030694539765
Barrow,resp14c_only,Respired 14C,6,fast,4.681358868846144,0.2136131896776542,4147.54150390625,0.6665809933489806
Barrow,resp14c_only,Respired 14C,6,intermediate,66.96515418488802,0.014933139663040891,12466.14453125,0.3253049673116084
Barrow,resp14c_only,Respired 14C,6,slow,511.08129088244056,0.0019566358969497497,3020.486328125,0.008114039339410878
Barrow,resp14c_only,Respired 14C,7,fast,4.659296162541708,0.2146246911796409,4127.99462890625,0.6525011646160253
Barrow,resp14c_only,Respired 14C,7,intermediate,59.40511969156286,0.016833565948391267,11629.9658203125,0.34012831421498274
Barrow,resp14c_only,Respired 14C,7,slow,424.84836889806405,0.0023537809562355527,2291.898681640625,0.007370521168992047
Barrow,resp14c_only,Respired 14C,8,fast,4.659296162541708,0.2146246911796409,4127.99462890625,0.6525011646160253
Barrow,resp14c_only,Respired 14C,8,intermediate,59.40511969156286,0.016833565948391267,11629.9658203125,0.34012831421498274
Barrow,resp14c_only,Respired 14C,8,slow,424.84836889806405,0.0023537809562355527,2291.898681640625,0.007370521168992047
Barrow,resp14c_only,Respired 14C,9,fast,4.647261093453334,0.21518050737642325,4117.33203125,0.6509956774273709
Barrow,resp14c_only,Respired 14C,9,intermediate,57.27822247482155,0.017458642338972402,11278.3662109375,0.34120531074711163
Barrow,resp14c_only,Respired 14C,9,slow,512.6414139597174,0.0019506812613437792,2927.039794921875,0.007799011825517576
Barrow,resp14c_only,Respired 14C,10,fast,4.647261093453334,0.21518050737642325,4117.33203125,0.6509956774273709
Barrow,resp14c_only,Respired 14C,10,intermediate,57.27822247482155,0.017458642338972402,11278.3662109375,0.34120531074711163
Barrow,resp14c_only,Respired 14C,10,slow,512.6414139597174,0.0019506812613437792,2927.039794921875,0.007799011825517576
Barrow,resp14c_only,Respired 14C,11,fast,4.827202819264749,0.20715930890849,4276.7548828125,0.6921368477323765
Barrow,resp14c_only,Respired 14C,11,intermediate,50.54597391313214,0.019783969376445117,8730.8154296875,0.30000467687332827
Barrow,resp14c_only,Respired 14C,11,slow,427.86455374295343,0.002337188232238481,2433.951416015625,0.007858475394295069
Barrow,stocks_soil14c,Stocks + Soil 14C,0,fast,6.199578298357042,0.16130129371299518,5492.63818359375,0.7126052768661955
Barrow,stocks_soil14c,Stocks + Soil 14C,0,intermediate,23.32796239901845,0.042867010109810366,4190.02392578125,0.2714095660720056
Barrow,stocks_soil14c,Stocks + Soil 14C,0,slow,1829.465440942361,0.0005466077563536254,22698.6328125,0.01598515706179891
Barrow,stocks_soil14c,Stocks + Soil 14C,1,fast,6.2153548271779995,0.16089186020841179,5506.61572265625,0.708093523829272
Barrow,stocks_soil14c,Stocks + Soil 14C,1,intermediate,22.767151880042018,0.04392292919504846,4165.07763671875,0.27731883858904033
Barrow,stocks_soil14c,Stocks + Soil 14C,1,slow,2003.213367896135,0.0004991979466721735,22743.900390625,0.014587637581687622
Barrow,stocks_soil14c,Stocks + Soil 14C,2,fast,6.1881483951598995,0.1615992274493864,5482.51123046875,0.7190183160464227
Barrow,stocks_soil14c,Stocks + Soil 14C,2,intermediate,23.977495507946998,0.04170577363547266,4179.19287109375,0.26916890145533445
Barrow,stocks_soil14c,Stocks + Soil 14C,2,slow,2501.9138166676726,0.0003996940235662919,22893.52734375,0.011812782498242844
Barrow,stocks_soil14c,Stocks + Soil 14C,3,fast,6.200273041766647,0.1612832198297947,5493.25341796875,0.7403904442137812
Barrow,stocks_soil14c,Stocks + Soil 14C,3,intermediate,26.378943694522977,0.037909023635682146,4197.5205078125,0.24696082294688018
Barrow,stocks_soil14c,Stocks + Soil 14C,3,slow,2307.921790835709,0.0004332902457833701,22445.0625,0.012648732839338692
Barrow,stocks_soil14c,Stocks + Soil 14C,4,fast,6.200273041766647,0.1612832198297947,5493.25341796875,0.7403904442137812
Barrow,stocks_soil14c,Stocks + Soil 14C,4,intermediate,26.378943694522977,0.037909023635682146,4197.5205078125,0.24696082294688018
Barrow,stocks_soil14c,Stocks + Soil 14C,4,slow,2307.921790835709,0.0004332902457833701,22445.0625,0.012648732839338692
Barrow,stocks_soil14c,Stocks + Soil 14C,5,fast,6.265378019673966,0.15960728895525406,5550.93408203125,0.7452515266675377
Barrow,stocks_soil14c,Stocks + Soil 14C,5,intermediate,27.12948911844522,0.0368602591679511,4235.04541015625,0.24228416120946952
Barrow,stocks_soil14c,Stocks + Soil 14C,5,slow,2346.9371768538817,0.00042608724675814323,22535.365234375,0.012464312122992887
Barrow,stocks_soil14c,Stocks + Soil 14C,6,fast,6.156597180841392,0.16242738815394364,5454.5576171875,0.7297609851256571
Barrow,stocks_soil14c,Stocks + Soil 14C,6,intermediate,25.40372886818303,0.039364299831291805,4232.693359375,0.2550473178571232
Barrow,stocks_soil14c,Stocks + Soil 14C,6,slow,1958.422005578921,0.0005106151775007217,22899.103515625,0.015191697017219584
Barrow,stocks_soil14c,Stocks + Soil 14C,7,fast,6.116284679577447,0.16349794890009706,5418.841796875,0.7391122036241
Barrow,stocks_soil14c,Stocks + Soil 14C,7,intermediate,26.664881305709727,0.0375025108319485,4251.2734375,0.24681595153346989
Barrow,stocks_soil14c,Stocks + Soil 14C,7,slow,2077.7051604049,0.00048130024368092796,22380.0390625,0.014071844842430046
Barrow,stocks_soil14c,Stocks + Soil 14C,8,fast,6.070088123626289,0.16474225408816587,5377.9130859375,0.7186834893791678
Barrow,stocks_soil14c,Stocks + Soil 14C,8,intermediate,24.6380639044097,0.04058760476796315,4281.8896484375,0.2656537150515373
Barrow,stocks_soil14c,Stocks + Soil 14C,8,slow,1874.7620541671554,0.0005334010242938484,22585.8125,0.015662795569294816
Barrow,stocks_soil14c,Stocks + Soil 14C,9,fast,6.032519210796904,0.16576822469296348,5344.62841796875,0.716839454561856
Barrow,stocks_soil14c,Stocks + Soil 14C,9,intermediate,24.65435249165522,0.04056078943214878,4304.96142578125,0.2684171234247006
Barrow,stocks_soil14c,Stocks + Soil 14C,9,slow,2001.139733233934,0.0004997152289730182,22667.775390625,0.01474342201344342
Barrow,stocks_soil14c,Stocks + Soil 14C,10,fast,6.032519210796904,0.16576822469296348,5344.62841796875,0.716839454561856
Barrow,stocks_soil14c,Stocks + Soil 14C,10,intermediate,24.65435249165522,0.04056078943214878,4304.96142578125,0.2684171234247006
Barrow,stocks_soil14c,Stocks + Soil 14C,10,slow,2001.139733233934,0.0004997152289730182,22667.775390625,0.01474342201344342
Barrow,stocks_soil14c,Stocks + Soil 14C,11,fast,6.032519210796904,0.16576822469296348,5344.62841796875,0.716839454561856
Barrow,stocks_soil14c,Stocks + Soil 14C,11,intermediate,24.65435249165522,0.04056078943214878,4304.96142578125,0.2684171234247006
Barrow,stocks_soil14c,Stocks + Soil 14C,11,slow,2001.139733233934,0.0004997152289730182,22667.775390625,0.01474342201344342
Barrow,stocks_resp14c,Stocks + Respired 14C,0,fast,4.202338158648259,0.2379627631684129,3723.143798828125,0.5207257704949662
Barrow,stocks_resp14c,Stocks + Respired 14C,0,intermediate,53.25624556377347,0.018777140397599312,15216.5654296875,0.4580889667782821
Barrow,stocks_resp14c,Stocks + Respired 14C,0,slow,839.091781793238,0.001191764740995177,13601.962890625,0.021185262726751725
Barrow,stocks_resp14c,Stocks + Respired 14C,1,fast,4.202338158648259,0.2379627631684129,3723.143798828125,0.5207257704949662
Barrow,stocks_resp14c,Stocks + Respired 14C,1,intermediate,53.25624556377347,0.018777140397599312,15216.5654296875,0.4580889667782821
Barrow,stocks_resp14c,Stocks + Respired 14C,1,slow,839.091781793238,0.001191764740995177,13601.962890625,0.021185262726751725
Barrow,stocks_resp14c,Stocks + Respired 14C,2,fast,4.156848714642811,0.24056684970935438,3682.84130859375,0.5155616854449362
Barrow,stocks_resp14c,Stocks + Respired 14C,2,intermediate,64.93717183527156,0.015399500343758976,18667.197265625,0.4620541669245108
Barrow,stocks_resp14c,Stocks + Respired 14C,2,slow,765.7838280574535,0.0013058515515229374,13146.0517578125,0.022384147630552926
Barrow,stocks_resp14c,Stocks + Respired 14C,3,fast,4.294826141268244,0.23283829591870378,3805.08544921875,0.5657806812819832
Barrow,stocks_resp14c,Stocks + Respired 14C,3,intermediate,67.23404469882095,0.014873417246865953,16922.5625,0.4146005535815001
Barrow,stocks_resp14c,Stocks + Respired 14C,3,slow,904.7774265879962,0.0011052441966540847,13331.8623046875,0.019618765136516756
Barrow,stocks_resp14c,Stocks + Respired 14C,4,fast,4.108133949273179,0.24341952145375456,3639.681884765625,0.5023067956447326
Barrow,stocks_resp14c,Stocks + Respired 14C,4,intermediate,67.55231481552647,0.014803341717168756,20039.75390625,0.47467225307716104
Barrow,stocks_resp14c,Stocks + Respired 14C,4,slow,763.047879840713,0.001310533750789991,13547.8212890625,0.023020951278106366
Barrow,stocks_resp14c,Stocks + Respired 14C,5,fast,4.155362375490675,0.24065289850489094,3681.524658203125,0.5150624756232979
Barrow,stocks_resp14c,Stocks + Respired 14C,5,intermediate,65.04272246361643,0.015374510200728138,18709.3125,0.46391780604036215
Barrow,stocks_resp14c,Stocks + Respired 14C,5,slow,856.6383045083321,0.0011673538233548293,13819.673828125,0.021019718336339945
Barrow,stocks_resp14c,Stocks + Respired 14C,6,fast,4.065838934354555,0.2459517005335452,3602.209716796875,0.48149052746198323
Barrow,stocks_resp14c,Stocks + Respired 14C,6,intermediate,61.55361574406757,0.01624599932777106,19237.884765625,0.5000333456491851
Barrow,stocks_resp14c,Stocks + Respired 14C,6,slow,1025.5101902997365,0.0009751243912142108,14778.671875,0.018476126888831657
Barrow,stocks_resp14c,Stocks + Respired 14C,7,fast,4.023754873562978,0.24852408544323532,3564.924560546875,0.46378800913058266
Barrow,stocks_resp14c,Stocks + Respired 14C,7,intermediate,61.5986567276368,0.016234120240991242,20082.0703125,0.5187040353118686
Barrow,stocks_resp14c,Stocks + Respired 14C,7,slow,968.2307377776082,0.0010328116645989902,13344.8984375,0.017507955557548853
Barrow,stocks_resp14c,Stocks + Respired 14C,8,fast,4.040954082835263,0.24746631104958458,3580.16259765625,0.4748833489057642
Barrow,stocks_resp14c,Stocks + Respired 14C,8,intermediate,67.79452718533847,0.014750453193163714,21437.4453125,0.5102611214693148
Barrow,stocks_resp14c,Stocks + Respired 14C,8,slow,1115.9177904274686,0.000896123360141911,12994.3818359375,0.014855529624921078
Barrow,stocks_resp14c,Stocks + Respired 14C,9,fast,4.040954082835263,0.24746631104958458,3580.16259765625,0.4748833489057642
Barrow,stocks_resp14c,Stocks + Respired 14C,9,intermediate,67.79452718533847,0.014750453193163714,21437.4453125,0.5102611214693148
Barrow,stocks_resp14c,Stocks + Respired 14C,9,slow,1115.9177904274686,0.000896123360141911,12994.3818359375,0.014855529624921078
Barrow,stocks_resp14c,Stocks + Respired 14C,10,fast,4.039932967028294,0.24752885955322743,3579.258056640625,0.47785088110242446
Barrow,stocks_resp14c,Stocks + Respired 14C,10,intermediate,68.89714774366642,0.014514388951492234,21630.46484375,0.5049254584836453
Barrow,stocks_resp14c,Stocks + Respired 14C,10,slow,1116.3967931641316,0.0008957388682260223,15036.4384765625,0.017223660413930267
Barrow,stocks_resp14c,Stocks + Respired 14C,11,fast,4.039932967028294,0.24752885955322743,3579.258056640625,0.47785088110242446
Barrow,stocks_resp14c,Stocks + Respired 14C,11,intermediate,68.89714774366642,0.014514388951492234,21630.46484375,0.5049254584836453
Barrow,stocks_resp14c,Stocks + Respired 14C,11,slow,1116.3967931641316,0.0008957388682260223,15036.4384765625,0.017223660413930267
Barrow,all_observations,All observations,0,fast,5.110931997620573,0.19565903057711517,4528.13037109375,0.7033822815497114
Barrow,all_observations,All observations,0,intermediate,22.924019451414306,0.04362236745259369,4036.037841796875,0.2809498818898825
Barrow,all_observations,All observations,0,slow,1850.5363881343878,0.000540383861896467,21125.716796875,0.01566783656040592
Barrow,all_observations,All observations,1,fast,5.110931997620573,0.19565903057711517,4528.13037109375,0.7033822815497114
Barrow,all_observations,All observations,1,intermediate,22.924019451414306,0.04362236745259369,4036.037841796875,0.2809498818898825
Barrow,all_observations,All observations,1,slow,1850.5363881343878,0.000540383861896467,21125.716796875,0.01566783656040592
Barrow,all_observations,All observations,2,fast,5.110931997620573,0.19565903057711517,4528.13037109375,0.7033822815497114
Barrow,all_observations,All observations,2,intermediate,22.924019451414306,0.04362236745259369,4036.037841796875,0.2809498818898825
Barrow,all_observations,All observations,2,slow,1850.5363881343878,0.000540383861896467,21125.716796875,0.01566783656040592
Barrow,all_observations,All observations,3,fast,5.084861011422059,0.19666220920369556,4505.0322265625,0.700181791750986
Barrow,all_observations,All observations,3,intermediate,23.80783300329322,0.042002982794010484,4221.7158203125,0.28583892532714195
Barrow,all_observations,All observations,3,slow,2065.040812898827,0.00048425193039949534,21048.193359375,0.013979282921872106
Barrow,all_observations,All observations,4,fast,5.084861011422059,0.19666220920369556,4505.0322265625,0.700181791750986
Barrow,all_observations,All observations,4,intermediate,23.80783300329322,0.042002982794010484,4221.7158203125,0.28583892532714195
Barrow,all_observations,All observations,4,slow,2065.040812898827,0.00048425193039949534,21048.193359375,0.013979282921872106
Barrow,all_observations,All observations,5,fast,5.14664245088797,0.19430143234983543,4559.76904296875,0.7111857915667443
Barrow,all_observations,All observations,5,intermediate,23.281889347946507,0.042951840593993776,3973.89892578125,0.27616373220041746
Barrow,all_observations,All observations,5,slow,2295.037983028321,0.00043572263613715536,21146.083984375,0.012650476232838244
Barrow,all_observations,All observations,6,fast,5.142496675049638,0.19445807419804456,4556.095703125,0.7104140954502267
Barrow,all_observations,All observations,6,intermediate,23.74158158255186,0.04212019306813659,4062.43701171875,0.2755290928513983
Barrow,all_observations,All observations,6,slow,2118.453894355951,0.00047204237140313995,21691.111328125,0.01405681169837487
Barrow,all_observations,All observations,7,fast,5.142496675049638,0.19445807419804456,4556.095703125,0.7104140954502267
Barrow,all_observations,All observations,7,intermediate,23.74158158255186,0.04212019306813659,4062.43701171875,0.2755290928513983
Barrow,all_observations,All observations,7,slow,2118.453894355951,0.00047204237140313995,21691.111328125,0.01405681169837487
Barrow,all_observations,All observations,8,fast,5.142496675049638,0.19445807419804456,4556.095703125,0.7104140954502267
Barrow,all_observations,All observations,8,intermediate,23.74158158255186,0.04212019306813659,4062.43701171875,0.2755290928513983
Barrow,all_observations,All observations,8,slow,2118.453894355951,0.00047204237140313995,21691.111328125,0.01405681169837487
Barrow,all_observations,All observations,9,fast,5.203643286592911,0.19217304971239693,4610.26953125,0.7377904790599477
Barrow,all_observations,All observations,9,intermediate,26.90843277823973,0.03716307108040415,4103.271484375,0.24842672741858635
Barrow,all_observations,All observations,9,slow,2154.7717867313836,0.0004640862694405889,21480.130859375,0.013782793521466016
Barrow,all_observations,All observations,10,fast,5.143511958529441,0.1944196899050091,4556.9951171875,0.7227971867219997
Barrow,all_observations,All observations,10,intermediate,27.15692804385057,0.03682301615209532,4387.98388671875,0.2634816551084
Barrow,all_observations,All observations,10,slow,2161.322631870512,0.00046267965053165255,21516.43359375,0.013721158169600157
Barrow,all_observations,All observations,11,fast,5.148419533522581,0.19423436522388332,4561.34326171875,0.7132126974161939
Barrow,all_observations,All observations,11,intermediate,25.347512111087493,0.03945160359791605,4271.8291015625,0.27358134296412107
Barrow,all_observations,All observations,11,slow,2285.8484900679427,0.00043747431395607363,21992.76171875,0.013205959619685221
Howland Forest,prior_only,Prior,0,fast,2.111792097146515,0.47353146237795607,1445.1826171875,0.6395069734647015
Howland Forest,prior_only,Prior,0,intermediate,18.051844488324797,0.05539600125886081,2805.818115234375,0.29624176956716863
Howland Forest,prior_only,Prior,0,slow,205.3641083117448,0.004869400053499075,3515.276611328125,0.06425125696812974
Howland Forest,prior_only,Prior,1,fast,2.067288896050728,0.4837253283323695,1414.7274169921875,0.7301901389289288
Howland Forest,prior_only,Prior,1,intermediate,19.329197547167432,0.051735205124774745,2125.508544921875,0.23208511553373085
Howland Forest,prior_only,Prior,1,slow,309.34621717324006,0.003232623980787132,2907.46484375,0.037724745537340405
Howland Forest,prior_only,Prior,2,fast,3.1104126351091073,0.3215007516084508,2128.578125,0.49436332431991026
Howland Forest,prior_only,Prior,2,intermediate,42.831178522048575,0.02334747804068061,9024.0546875,0.4591991036876681
Howland Forest,prior_only,Prior,2,slow,170.85822474966452,0.005852805748538971,2529.737060546875,0.04643757199242159
Howland Forest,prior_only,Prior,3,fast,1.805837840609086,0.553759577694259,1235.8060302734375,0.61607973358817
Howland Forest,prior_only,Prior,3,intermediate,10.714086874975777,0.09333506547680115,2060.965576171875,0.33936662316854693
Howland Forest,prior_only,Prior,3,slow,114.91200219133272,0.00870231116794017,1366.6053466796875,0.0445536432432831
Howland Forest,prior_only,Prior,4,fast,1.811396969663592,0.5520601042993449,1239.6103515625,0.7502017196237996
Howland Forest,prior_only,Prior,4,intermediate,20.407486696664723,0.04900162449516304,2023.5391845703125,0.2185665508473963
Howland Forest,prior_only,Prior,4,slow,418.721074669956,0.0023882246691027415,3168.177001953125,0.03123172952880424
Howland Forest,prior_only,Prior,5,fast,2.318296146703528,0.43135127555723946,1586.50146484375,0.6056203327917321
Howland Forest,prior_only,Prior,5,intermediate,22.161224378473207,0.04512386061897248,3734.62548828125,0.3411316225561623
Howland Forest,prior_only,Prior,5,slow,191.64561708782492,0.005217964361489847,2820.73388671875,0.05324804465210556
Howland Forest,prior_only,Prior,6,fast,0.9880181801395667,1.0121271248862453,676.1397705078125,0.5116300535401661
Howland Forest,prior_only,Prior,6,intermediate,18.54274375882443,0.05392945148821913,4083.5439453125,0.37945147293002673
Howland Forest,prior_only,Prior,6,slow,84.99795658558756,0.011764988714676492,2724.609375,0.10891847352980716
Howland Forest,prior_only,Prior,7,fast,1.9433545365945977,0.5145741454630981,1329.9141845703125,0.7286289967568957
Howland Forest,prior_only,Prior,7,intermediate,21.183567859813923,0.047206401047155046,2288.2080078125,0.2329336046911235
Howland Forest,prior_only,Prior,7,slow,112.41258091574788,0.008895801447255179,1121.09716796875,0.038437398551980896
Howland Forest,prior_only,Prior,8,fast,1.6868955331417528,0.5928049368519895,1154.4091796875,0.7393185161238821
Howland Forest,prior_only,Prior,8,intermediate,29.731452769321425,0.033634414293803226,2835.66357421875,0.2397496303804834
Howland Forest,prior_only,Prior,8,slow,181.63790747797398,0.005505458711151819,950.0525512695312,0.02093185349563448
Howland Forest,prior_only,Prior,9,fast,3.3436147884374186,0.2990775143889506,2288.16748046875,0.7653016694197452
Howland Forest,prior_only,Prior,9,intermediate,12.549316599440235,0.07968561411898757,1320.614501953125,0.1895412986097596
Howland Forest,prior_only,Prior,9,slow,298.97746135266954,0.0033447337316855944,3457.15478515625,0.04515703197049517
Howland Forest,prior_only,Prior,10,fast,1.1379564886397697,0.8787682217931962,778.74853515625,0.5516671253008412
Howland Forest,prior_only,Prior,10,intermediate,44.20397899682746,0.0226223978631374,7076.0458984375,0.2923102557708151
Howland Forest,prior_only,Prior,10,slow,144.60211481637631,0.006915528180689852,6554.91015625,0.1560226189283437
Howland Forest,prior_only,Prior,11,fast,1.1858824606101768,0.843253891692998,811.5460815429688,0.6577916690881621
Howland Forest,prior_only,Prior,11,intermediate,19.497544597787016,0.05128850943177228,2794.90380859375,0.2978952477776835
Howland Forest,prior_only,Prior,11,slow,152.86579078329163,0.0065416859774574294,1743.992431640625,0.0443130831341544
Howland Forest,stocks_only,Stocks,0,fast,1.4423849873807573,0.6932961787240388,987.0809326171875,0.5471727383386101
Howland Forest,stocks_only,Stocks,0,intermediate,12.48950012778607,0.08006725567624966,2782.947509765625,0.3857900469896584
Howland Forest,stocks_only,Stocks,0,slow,297.42811715516,0.003362156912281187,5219.2841796875,0.06703721467173125
Howland Forest,stocks_only,Stocks,1,fast,1.4423849873807573,0.6932961787240388,987.0809326171875,0.5471727383386101
Howland Forest,stocks_only,Stocks,1,intermediate,12.48950012778607,0.08006725567624966,2782.947509765625,0.3857900469896584
Howland Forest,stocks_only,Stocks,1,slow,297.42811715516,0.003362156912281187,5219.2841796875,0.06703721467173125
Howland Forest,stocks_only,Stocks,2,fast,1.6428328132393013,0.6087046666837767,1124.25537109375,0.566132813819149
Howland Forest,stocks_only,Stocks,2,intermediate,12.35277819186193,0.0809534490515506,2611.278564453125,0.36365938536873443
Howland Forest,stocks_only,Stocks,2,slow,266.41306620235235,0.003753569651273997,4913.025390625,0.0702078008121165
Howland Forest,stocks_only,Stocks,3,fast,1.480726153253248,0.6753443219753614,1013.3192749023438,0.5986514227298689
Howland Forest,stocks_only,Stocks,3,intermediate,12.363962972824028,0.08088021633500508,2390.970703125,0.34437689939132005
Howland Forest,stocks_only,Stocks,3,slow,299.06671946424456,0.003343735477459426,4343.61767578125,0.056971677878811064
Howland Forest,stocks_only,Stocks,4,fast,1.480726153253248,0.6753443219753614,1013.3192749023438,0.5986514227298689
Howland Forest,stocks_only,Stocks,4,intermediate,12.363962972824028,0.08088021633500508,2390.970703125,0.34437689939132005
Howland Forest,stocks_only,Stocks,4,slow,299.06671946424456,0.003343735477459426,4343.61767578125,0.056971677878811064
Howland Forest,stocks_only,Stocks,5,fast,1.294191525849613,0.7726831616699996,885.6663818359375,0.6508370811188917
Howland Forest,stocks_only,Stocks,5,intermediate,13.653707189870305,0.07324018203216638,2188.287353515625,0.3019242127896016
Howland Forest,stocks_only,Stocks,5,slow,301.26691461101956,0.003319315701464095,3527.968505859375,0.047238706091506856
Howland Forest,stocks_only,Stocks,6,fast,1.2750051598237075,0.784310551447704,872.536376953125,0.6703246093210766
Howland Forest,stocks_only,Stocks,6,intermediate,14.105055444649008,0.07089656640657638,2093.4345703125,0.28405527854935236
Howland Forest,stocks_only,Stocks,6,slow,305.8865900126771,0.003269185484589423,3428.593994140625,0.0456201121295711
Howland Forest,stocks_only,Stocks,7,fast,1.2750051598237075,0.784310551447704,872.536376953125,0.6703246093210766
Howland Forest,stocks_only,Stocks,7,intermediate,14.105055444649008,0.07089656640657638,2093.4345703125,0.28405527854935236
Howland Forest,stocks_only,Stocks,7,slow,305.8865900126771,0.003269185484589423,3428.593994140625,0.0456201121295711
Howland Forest,stocks_only,Stocks,8,fast,1.3905989982579325,0.719114569514825,951.6417846679688,0.6638993419643927
Howland Forest,stocks_only,Stocks,8,intermediate,14.230074161899774,0.07027370262605123,2161.34326171875,0.29058826300115514
Howland Forest,stocks_only,Stocks,8,slow,314.50551788753955,0.003179594452640346,3541.286865234375,0.04551239503445214
Howland Forest,stocks_only,Stocks,9,fast,1.647901930872316,0.6068322278563328,1127.724365234375,0.6418132899423011
Howland Forest,stocks_only,Stocks,9,intermediate,12.302683217106793,0.08128308128827597,2105.620361328125,0.31566949555558355
Howland Forest,stocks_only,Stocks,9,slow,323.39721513756615,0.0030921725766086816,3434.0029296875,0.042517214502115326
Howland Forest,stocks_only,Stocks,10,fast,1.8132419965201176,0.5514983669687495,1240.873046875,0.6501771510581341
Howland Forest,stocks_only,Stocks,10,intermediate,12.46302643833581,0.08023733279775744,2082.762939453125,0.3118041695740364
Howland Forest,stocks_only,Stocks,10,slow,281.1444501756383,0.0035568904147859712,2688.29638671875,0.03801867936782948
Howland Forest,stocks_only,Stocks,11,fast,1.8653818938086077,0.5360832563664855,1276.554443359375,0.6488943234172625
Howland Forest,stocks_only,Stocks,11,intermediate,11.006304890754897,0.090857014222819,1897.7049560546875,0.31160851095422076
Howland Forest,stocks_only,Stocks,11,slow,279.9228747449663,0.0035724125829698114,2769.9541015625,0.03949716562851675
Howland Forest,soil14c_only,Soil 14C,0,fast,8.664723901814611,0.11541048639652267,5929.61279296875,0.8319733885221936
Howland Forest,soil14c_only,Soil 14C,0,intermediate,29.63975546242347,0.03373846998393002,1937.8131103515625,0.1205571130064231
Howland Forest,soil14c_only,Soil 14C,0,slow,334.67988594813386,0.002987929786001458,4841.3486328125,0.047469498471383265
Howland Forest,soil14c_only,Soil 14C,1,fast,8.674480113371386,0.11528068390617871,5936.2890625,0.838745975835035
Howland Forest,soil14c_only,Soil 14C,1,intermediate,30.822849991391113,0.032443463218985336,1931.889892578125,0.12140203087328866
Howland Forest,soil14c_only,Soil 14C,1,slow,404.1840801979542,0.0024741202065906146,4878.28759765625,0.039851993291676366
Howland Forest,soil14c_only,Soil 14C,2,fast,8.659065372899608,0.11548590487949349,5925.73974609375,0.8303069531894812
Howland Forest,soil14c_only,Soil 14C,2,intermediate,28.908123733243965,0.034592352282276036,1936.15625,0.12759407490799674
Howland Forest,soil14c_only,Soil 14C,2,slow,383.58285995774486,0.002606998655023739,4909.40625,0.042098971902522105
Howland Forest,soil14c_only,Soil 14C,3,fast,8.672097923409387,0.1153123510402954,5934.6591796875,0.8225881590802863
Howland Forest,soil14c_only,Soil 14C,3,intermediate,27.321363687717593,0.03660139411158138,1939.17919921875,0.13272652966704418
Howland Forest,soil14c_only,Soil 14C,3,slow,360.2149343287114,0.0027761203234496034,4916.21826171875,0.044685311252669446
Howland Forest,soil14c_only,Soil 14C,4,fast,8.672097923409387,0.1153123510402954,5934.6591796875,0.8225881590802863
Howland Forest,soil14c_only,Soil 14C,4,intermediate,27.321363687717593,0.03660139411158138,1939.17919921875,0.13272652966704418
Howland Forest,soil14c_only,Soil 14C,4,slow,360.2149343287114,0.0027761203234496034,4916.21826171875,0.044685311252669446
Howland Forest,soil14c_only,Soil 14C,5,fast,8.658933247055646,0.11548766706800015,5925.6494140625,0.8196119831660316
Howland Forest,soil14c_only,Soil 14C,5,intermediate,26.878450754839516,0.03720452525783868,1945.982421875,0.13425967048455875
Howland Forest,soil14c_only,Soil 14C,5,slow,347.4263922852237,0.0028783075270201078,4902.31005859375,0.04612834634940991
Howland Forest,soil14c_only,Soil 14C,6,fast,8.660675818648231,0.11546443036775404,5926.84228515625,0.8217374729317088
Howland Forest,soil14c_only,Soil 14C,6,intermediate,27.376135449514486,0.03652816526438303,1948.3211669921875,0.13209690335828064
Howland Forest,soil14c_only,Soil 14C,6,slow,346.4341483549269,0.002886551469445458,4889.05517578125,0.04616562371001049
Howland Forest,soil14c_only,Soil 14C,7,fast,8.658966278327629,0.11548722651835266,5925.67236328125,0.8173772726243421
Howland Forest,soil14c_only,Soil 14C,7,intermediate,26.629989296507706,0.03755164858932712,1969.26806640625,0.13989619916653662
Howland Forest,soil14c_only,Soil 14C,7,slow,375.8596092906183,0.0026605678697090066,4908.4033203125,0.04272652820912129
Howland Forest,soil14c_only,Soil 14C,8,fast,8.665360201174568,0.11540201177839698,5930.0478515625,0.8391740465746164
Howland Forest,soil14c_only,Soil 14C,8,intermediate,30.939356089875997,0.032321293212925685,1951.0196533203125,0.12722473311066795
Howland Forest,soil14c_only,Soil 14C,8,slow,482.40300031764264,0.002072955597999061,4892.71728515625,0.033601220314715616
Howland Forest,soil14c_only,Soil 14C,9,fast,8.670716883758148,0.11533071756421714,5933.71337890625,0.8284757063714312
Howland Forest,soil14c_only,Soil 14C,9,intermediate,28.631478388630576,0.034926593256081925,1962.579833984375,0.13505565433909295
Howland Forest,soil14c_only,Soil 14C,9,slow,442.3858310938916,0.002260470226922256,4897.20361328125,0.03646863928947592
Howland Forest,soil14c_only,Soil 14C,10,fast,8.676126522744777,0.11525880787681739,5937.416015625,0.830454145542618
Howland Forest,soil14c_only,Soil 14C,10,intermediate,28.79484495473562,0.03472843842611277,1960.6884765625,0.13789776271773982
Howland Forest,soil14c_only,Soil 14C,10,slow,511.06520676721203,0.0019566974757009737,4894.84716796875,0.031648091739642295
Howland Forest,soil14c_only,Soil 14C,11,fast,8.664071123758289,0.11541918178139579,5929.16552734375,0.8370332108341048
Howland Forest,soil14c_only,Soil 14C,11,intermediate,30.373649365267283,0.0329232746442222,1965.940673828125,0.13417690828706105
Howland Forest,soil14c_only,Soil 14C,11,slow,561.8715931370947,0.0017797660750505384,4875.61181640625,0.028789880878834283
Howland Forest,resp14c_only,Respired 14C,0,fast,7.117853577379587,0.14049179139874166,4871.02783203125,0.5046764724188824
Howland Forest,resp14c_only,Respired 14C,0,intermediate,16.201380123606544,0.061723136693949306,4139.3515625,0.4157653727611901
Howland Forest,resp14c_only,Respired 14C,0,slow,260.1078764306343,0.0038445587028068354,6916.04736328125,0.07955815481992748
Howland Forest,resp14c_only,Respired 14C,1,fast,7.240231235764502,0.13811713568764344,4954.77587890625,0.5174464365846742
Howland Forest,resp14c_only,Respired 14C,1,intermediate,14.935178479362035,0.06695601270395501,3760.35009765625,0.41090480984752326
Howland Forest,resp14c_only,Respired 14C,1,slow,264.5362775420995,0.0037801998625343752,6263.37158203125,0.07164875356780247
Howland Forest,resp14c_only,Respired 14C,2,fast,7.02862105738978,0.14227541815597186,4809.96240234375,0.4953753526902958
Howland Forest,resp14c_only,Respired 14C,2,intermediate,18.455837955935273,0.05418339727448716,4735.52197265625,0.42890215471006976
Howland Forest,resp14c_only,Respired 14C,2,slow,238.47680148690114,0.004193279991030604,6115.845703125,0.07572249259963439
Howland Forest,resp14c_only,Respired 14C,3,fast,7.070194975563517,0.14143881511843268,4838.4130859375,0.5039792098482371
Howland Forest,resp14c_only,Respired 14C,3,intermediate,17.39044738379143,0.05750283347696039,4426.01123046875,0.42898447281378516
Howland Forest,resp14c_only,Respired 14C,3,slow,315.12910200444486,0.003173302604041613,7034.03662109375,0.06703631733797771
Howland Forest,resp14c_only,Respired 14C,4,fast,7.070194975563517,0.14143881511843268,4838.4130859375,0.5039792098482371
Howland Forest,resp14c_only,Respired 14C,4,intermediate,17.39044738379143,0.05750283347696039,4426.01123046875,0.42898447281378516
Howland Forest,resp14c_only,Respired 14C,4,slow,315.12910200444486,0.003173302604041613,7034.03662109375,0.06703631733797771
Howland Forest,resp14c_only,Respired 14C,5,fast,7.070194975563517,0.14143881511843268,4838.4130859375,0.5039792098482371
Howland Forest,resp14c_only,Respired 14C,5,intermediate,17.39044738379143,0.05750283347696039,4426.01123046875,0.42898447281378516
Howland Forest,resp14c_only,Respired 14C,5,slow,315.12910200444486,0.003173302604041613,7034.03662109375,0.06703631733797771
Howland Forest,resp14c_only,Respired 14C,6,fast,6.966030477948248,0.14355377903751818,4767.12939453125,0.46521499632168656
Howland Forest,resp14c_only,Respired 14C,6,intermediate,16.845355959271227,0.05936354223786094,4742.90185546875,0.4668557285641859
Howland Forest,resp14c_only,Respired 14C,6,slow,197.98326788902415,0.0050509318825898535,4590.8203125,0.06792927511412752
Howland Forest,resp14c_only,Respired 14C,7,fast,6.989044347486626,0.14308107808181475,4782.87890625,0.46573592739849123
Howland Forest,resp14c_only,Respired 14C,7,intermediate,16.830823421597355,0.05941479955857641,4732.70849609375,0.4651188477336497
Howland Forest,resp14c_only,Respired 14C,7,slow,184.22541391910474,0.005428132735471069,4362.232421875,0.06914522486785914
Howland Forest,resp14c_only,Respired 14C,8,fast,6.989044347486626,0.14308107808181475,4782.87890625,0.46573592739849123
Howland Forest,resp14c_only,Respired 14C,8,intermediate,16.830823421597355,0.05941479955857641,4732.70849609375,0.4651188477336497
Howland Forest,resp14c_only,Respired 14C,8,slow,184.22541391910474,0.005428132735471069,4362.232421875,0.06914522486785914
Howland Forest,resp14c_only,Respired 14C,9,fast,6.989044347486626,0.14308107808181475,4782.87890625,0.46573592739849123
Howland Forest,resp14c_only,Respired 14C,9,intermediate,16.830823421597355,0.05941479955857641,4732.70849609375,0.4651188477336497
Howland Forest,resp14c_only,Respired 14C,9,slow,184.22541391910474,0.005428132735471069,4362.232421875,0.06914522486785914
Howland Forest,resp14c_only,Respired 14C,10,fast,7.01452870797458,0.1425612527414898,4800.31884765625,0.45179311033313413
Howland Forest,resp14c_only,Respired 14C,10,intermediate,13.87413238066704,0.07207657910151222,4126.55859375,0.4655387344675691
Howland Forest,resp14c_only,Respired 14C,10,slow,175.25079580279794,0.005706108182956591,4942.73828125,0.08266815519929674
Howland Forest,resp14c_only,Respired 14C,11,fast,6.926968049500033,0.1443633048187911,4740.39794921875,0.4407030802725991
Howland Forest,resp14c_only,Respired 14C,11,intermediate,13.533171367711827,0.07389250995416005,4143.5595703125,0.47863268340437704
Howland Forest,resp14c_only,Respired 14C,11,slow,209.60396621060434,0.004770902087774557,5723.8359375,0.08066423632302389
Howland Forest,stocks_soil14c,Stocks + Soil 14C,0,fast,8.741831254869597,0.11439250779897571,5982.3798828125,0.8137681806752559
Howland Forest,stocks_soil14c,Stocks + Soil 14C,0,intermediate,26.034077494097385,0.038411193952492706,1954.179931640625,0.13436410358500908
Howland Forest,stocks_soil14c,Stocks + Soil 14C,0,slow,303.46882544247495,0.003295231391698777,4853.60546875,0.05186771573973481
Howland Forest,stocks_soil14c,Stocks + Soil 14C,1,fast,8.741831254869597,0.11439250779897571,5982.3798828125,0.8137681806752559
Howland Forest,stocks_soil14c,Stocks + Soil 14C,1,intermediate,26.034077494097385,0.038411193952492706,1954.179931640625,0.13436410358500908
Howland Forest,stocks_soil14c,Stocks + Soil 14C,1,slow,303.46882544247495,0.003295231391698777,4853.60546875,0.05186771573973481
Howland Forest,stocks_soil14c,Stocks + Soil 14C,2,fast,8.722328117163679,0.11464828960426443,5969.033203125,0.8098992758309225
Howland Forest,stocks_soil14c,Stocks + Soil 14C,2,intermediate,25.167675457821172,0.0397335066433097,1955.373046875,0.141326408892615
Howland Forest,stocks_soil14c,Stocks + Soil 14C,2,slow,325.6456346327559,0.0030708226785467014,4892.7548828125,0.048774315276462546
Howland Forest,stocks_soil14c,Stocks + Soil 14C,3,fast,8.735139319003732,0.11448014318723572,5977.80029296875,0.810046674687177
Howland Forest,stocks_soil14c,Stocks + Soil 14C,3,intermediate,24.98122774365795,0.040030058180542095,1947.7489013671875,0.14305199052690873
Howland Forest,stocks_soil14c,Stocks + Soil 14C,3,slow,337.11957664037124,0.0029663065253157017,4867.41064453125,0.04690133478591437
Howland Forest,stocks_soil14c,Stocks + Soil 14C,4,fast,8.735139319003732,0.11448014318723572,5977.80029296875,0.810046674687177
Howland Forest,stocks_soil14c,Stocks + Soil 14C,4,intermediate,24.98122774365795,0.040030058180542095,1947.7489013671875,0.14305199052690873
Howland Forest,stocks_soil14c,Stocks + Soil 14C,4,slow,337.11957664037124,0.0029663065253157017,4867.41064453125,0.04690133478591437
Howland Forest,stocks_soil14c,Stocks + Soil 14C,5,fast,8.715634487323225,0.11473633978736565,5964.45263671875,0.7949210737297432
Howland Forest,stocks_soil14c,Stocks + Soil 14C,5,intermediate,22.597065415570096,0.0442535338819247,1952.4168701171875,0.15447572590085618
Howland Forest,stocks_soil14c,Stocks + Soil 14C,5,slow,311.3722040857309,0.0032115904595153505,4882.66015625,0.05060320036940051
Howland Forest,stocks_soil14c,Stocks + Soil 14C,6,fast,8.715634487323225,0.11473633978736565,5964.45263671875,0.7949210737297432
Howland Forest,stocks_soil14c,Stocks + Soil 14C,6,intermediate,22.597065415570096,0.0442535338819247,1952.4168701171875,0.15447572590085618
Howland Forest,stocks_soil14c,Stocks + Soil 14C,6,slow,311.3722040857309,0.0032115904595153505,4882.66015625,0.05060320036940051
Howland Forest,stocks_soil14c,Stocks + Soil 14C,7,fast,8.704146739203942,0.11488776900967748,5956.59130859375,0.8103656667043209
Howland Forest,stocks_soil14c,Stocks + Soil 14C,7,intermediate,25.060161831135485,0.03990397215861433,1945.4993896484375,0.1419676827252008
Howland Forest,stocks_soil14c,Stocks + Soil 14C,7,slow,332.5466411377734,0.003007096979174425,4876.32373046875,0.04766665057047839
Howland Forest,stocks_soil14c,Stocks + Soil 14C,8,fast,8.714479213027037,0.11475155032846109,5963.662109375,0.8101728774615644
Howland Forest,stocks_soil14c,Stocks + Soil 14C,8,intermediate,25.02059207560281,0.03996707979484964,1936.544189453125,0.1389957931706086
Howland Forest,stocks_soil14c,Stocks + Soil 14C,8,slow,309.91848597066746,0.0032266548956187335,4856.6279296875,0.05083132936782701
Howland Forest,stocks_soil14c,Stocks + Soil 14C,9,fast,8.714479213027037,0.11475155032846109,5963.662109375,0.8101728774615644
Howland Forest,stocks_soil14c,Stocks + Soil 14C,9,intermediate,25.02059207560281,0.03996707979484964,1936.544189453125,0.1389957931706086
Howland Forest,stocks_soil14c,Stocks + Soil 14C,9,slow,309.91848597066746,0.0032266548956187335,4856.6279296875,0.05083132936782701
Howland Forest,stocks_soil14c,Stocks + Soil 14C,10,fast,8.714479213027037,0.11475155032846109,5963.662109375,0.8101728774615644
Howland Forest,stocks_soil14c,Stocks + Soil 14C,10,intermediate,25.02059207560281,0.03996707979484964,1936.544189453125,0.1389957931706086
Howland Forest,stocks_soil14c,Stocks + Soil 14C,10,slow,309.91848597066746,0.0032266548956187335,4856.6279296875,0.05083132936782701
Howland Forest,stocks_soil14c,Stocks + Soil 14C,11,fast,8.715626175450428,0.11473644920851823,5964.447265625,0.7885594707344522
Howland Forest,stocks_soil14c,Stocks + Soil 14C,11,intermediate,21.79635054501124,0.04587924010191149,1950.0469970703125,0.15526072129930268
Howland Forest,stocks_soil14c,Stocks + Soil 14C,11,slow,278.4008444887322,0.0035919431273150225,4873.35791015625,0.056179807966245034
Howland Forest,stocks_resp14c,Stocks + Respired 14C,0,fast,7.919938235797038,0.12626361093071872,5419.92578125,0.6143403062827963
Howland Forest,stocks_resp14c,Stocks + Respired 14C,0,intermediate,14.420281184048408,0.06934677536705675,2796.374267578125,0.31805440037389976
Howland Forest,stocks_resp14c,Stocks + Respired 14C,0,slow,231.19629960422418,0.004325328743201602,5072.65380859375,0.06760529334330383
Howland Forest,stocks_resp14c,Stocks + Respired 14C,1,fast,7.880680730514905,0.12689259141382098,5393.06103515625,0.6107224683335893
Howland Forest,stocks_resp14c,Stocks + Respired 14C,1,intermediate,13.989604387430564,0.07148164968113638,2757.810791015625,0.3225682269475143
Howland Forest,stocks_resp14c,Stocks + Respired 14C,1,slow,269.78620446757515,0.003706638751130758,5805.27197265625,0.06670930471889644
Howland Forest,stocks_resp14c,Stocks + Respired 14C,2,fast,7.880680730514905,0.12689259141382098,5393.06103515625,0.6107224683335893
Howland Forest,stocks_resp14c,Stocks + Respired 14C,2,intermediate,13.989604387430564,0.07148164968113638,2757.810791015625,0.3225682269475143
Howland Forest,stocks_resp14c,Stocks + Respired 14C,2,slow,269.78620446757515,0.003706638751130758,5805.27197265625,0.06670930471889644
Howland Forest,stocks_resp14c,Stocks + Respired 14C,3,fast,7.903685682841843,0.12652325005420012,5408.80419921875,0.6114307574806661
Howland Forest,stocks_resp14c,Stocks + Respired 14C,3,intermediate,13.867438905516734,0.07211136871150597,2733.249755859375,0.3221183084687723
Howland Forest,stocks_resp14c,Stocks + Respired 14C,3,slow,259.8782759315791,0.003847955341458709,5575.28955078125,0.06645093405056167
Howland Forest,stocks_resp14c,Stocks + Respired 14C,4,fast,8.11227486415745,0.12326998489884884,5551.54931640625,0.6418569022429659
Howland Forest,stocks_resp14c,Stocks + Respired 14C,4,intermediate,13.848407946771308,0.07221046663585219,2501.63134765625,0.30190523812710673
Howland Forest,stocks_resp14c,Stocks + Respired 14C,4,slow,269.4925413154477,0.0037106778359014964,4847.71630859375,0.05623785962992747
Howland Forest,stocks_resp14c,Stocks + Respired 14C,5,fast,8.132457296268555,0.12296406406693751,5565.361328125,0.6451225835351732
Howland Forest,stocks_resp14c,Stocks + Respired 14C,5,intermediate,13.814903090815337,0.0723855964407624,2450.48291015625,0.2896853971140612
Howland Forest,stocks_resp14c,Stocks + Respired 14C,5,slow,247.55746056490318,0.004039466222177642,5185.67041015625,0.06519201935076571
Howland Forest,stocks_resp14c,Stocks + Respired 14C,6,fast,8.011809715876282,0.12481574518905385,5482.79736328125,0.6223679446098942
Howland Forest,stocks_resp14c,Stocks + Respired 14C,6,intermediate,13.526590786796973,0.07392845808391568,2575.97021484375,0.30472475219978606
Howland Forest,stocks_resp14c,Stocks + Respired 14C,6,slow,230.05348830877602,0.00434681520089714,5434.54736328125,0.07290730319031984
Howland Forest,stocks_resp14c,Stocks + Respired 14C,7,fast,8.113377385787764,0.12325323381995074,5552.3046875,0.6321796280608598
Howland Forest,stocks_resp14c,Stocks + Respired 14C,7,intermediate,13.161395178181921,0.0759797868282029,2437.82861328125,0.2933386913240941
Howland Forest,stocks_resp14c,Stocks + Respired 14C,7,slow,230.6932577017859,0.004334760408527789,5559.59521484375,0.07448168061504616
Howland Forest,stocks_resp14c,Stocks + Respired 14C,8,fast,8.113377385787764,0.12325323381995074,5552.3046875,0.6321796280608598
Howland Forest,stocks_resp14c,Stocks + Respired 14C,8,intermediate,13.161395178181921,0.0759797868282029,2437.82861328125,0.2933386913240941
Howland Forest,stocks_resp14c,Stocks + Respired 14C,8,slow,230.6932577017859,0.004334760408527789,5559.59521484375,0.07448168061504616
Howland Forest,stocks_resp14c,Stocks + Respired 14C,9,fast,8.113377385787764,0.12325323381995074,5552.3046875,0.6321796280608598
Howland Forest,stocks_resp14c,Stocks + Respired 14C,9,intermediate,13.161395178181921,0.0759797868282029,2437.82861328125,0.2933386913240941
Howland Forest,stocks_resp14c,Stocks + Respired 14C,9,slow,230.6932577017859,0.004334760408527789,5559.59521484375,0.07448168061504616
Howland Forest,stocks_resp14c,Stocks + Respired 14C,10,fast,8.157278487298516,0.12258990563544861,5582.34765625,0.6254625810744562
Howland Forest,stocks_resp14c,Stocks + Respired 14C,10,intermediate,12.149650584759815,0.08230689376815266,2341.947021484375,0.305068743810191
Howland Forest,stocks_resp14c,Stocks + Respired 14C,10,slow,241.58952312058463,0.004139252344568228,5412.2001953125,0.06946867511535289
Howland Forest,stocks_resp14c,Stocks + Respired 14C,11,fast,7.958840997477669,0.12564643524313676,5446.54833984375,0.6120448771737999
Howland Forest,stocks_resp14c,Stocks + Respired 14C,11,intermediate,13.514148049629876,0.07399652544337694,2658.449951171875,0.31524500748414763
Howland Forest,stocks_resp14c,Stocks + Respired 14C,11,slow,249.62831313967072,0.004005955844601991,5878.62646484375,0.07271011534205246
Howland Forest,all_observations,All observations,0,fast,8.726271863849737,0.11459647551696077,5971.73193359375,0.7879960015895678
Howland Forest,all_observations,All observations,0,intermediate,21.463812251152355,0.04659004599456985,1950.2254638671875,0.16234911513535685
Howland Forest,all_observations,All observations,0,slow,315.1985322045035,0.0031726036063873275,4859.66162109375,0.04965488327507528
Howland Forest,all_observations,All observations,1,fast,8.726271863849737,0.11459647551696077,5971.73193359375,0.7879960015895678
Howland Forest,all_observations,All observations,1,intermediate,21.463812251152355,0.04659004599456985,1950.2254638671875,0.16234911513535685
Howland Forest,all_observations,All observations,1,slow,315.1985322045035,0.0031726036063873275,4859.66162109375,0.04965488327507528
Howland Forest,all_observations,All observations,2,fast,8.726271863849737,0.11459647551696077,5971.73193359375,0.7879960015895678
Howland Forest,all_observations,All observations,2,intermediate,21.463812251152355,0.04659004599456985,1950.2254638671875,0.16234911513535685
Howland Forest,all_observations,All observations,2,slow,315.1985322045035,0.0031726036063873275,4859.66162109375,0.04965488327507528
Howland Forest,all_observations,All observations,3,fast,8.729484755418373,0.1145542982223896,5973.9306640625,0.7927506702842316
Howland Forest,all_observations,All observations,3,intermediate,22.028223550167215,0.04539630704775597,1946.502197265625,0.16013159290339754
Howland Forest,all_observations,All observations,3,slow,334.21963230294807,0.0029920444622282567,4874.85498046875,0.04711773681237076
Howland Forest,all_observations,All observations,4,fast,8.729484755418373,0.1145542982223896,5973.9306640625,0.7927506702842316
Howland Forest,all_observations,All observations,4,intermediate,22.028223550167215,0.04539630704775597,1946.502197265625,0.16013159290339754
Howland Forest,all_observations,All observations,4,slow,334.21963230294807,0.0029920444622282567,4874.85498046875,0.04711773681237076
Howland Forest,all_observations,All observations,5,fast,8.752266890524055,0.11425611358843327,5989.52099609375,0.8077865280998893
Howland Forest,all_observations,All observations,5,intermediate,24.493351515692087,0.0408274057292377,1950.3714599609375,0.14750844299790963
Howland Forest,all_observations,All observations,5,slow,355.203696325894,0.0028152860185399514,4888.376953125,0.044705028902201314
Howland Forest,all_observations,All observations,6,fast,8.747744087342015,0.11431518686594866,5986.42626953125,0.8140917009131374
Howland Forest,all_observations,All observations,6,intermediate,25.54638820121473,0.03914447678957803,1957.6292724609375,0.14675451900346367
Howland Forest,all_observations,All observations,6,slow,407.28188376572126,0.0024553019416282827,4883.19677734375,0.03915378008339892
Howland Forest,all_observations,All observations,7,fast,8.747744087342015,0.11431518686594866,5986.42626953125,0.8140917009131374
Howland Forest,all_observations,All observations,7,intermediate,25.54638820121473,0.03914447678957803,1957.6292724609375,0.14675451900346367
Howland Forest,all_observations,All observations,7,slow,407.28188376572126,0.0024553019416282827,4883.19677734375,0.03915378008339892
Howland Forest,all_observations,All observations,8,fast,8.747076712891646,0.11432390875527325,5985.9697265625,0.8193280555435687
Howland Forest,all_observations,All observations,8,intermediate,26.5990237829773,0.03759536470808281,1949.964111328125,0.13908403153340596
Howland Forest,all_observations,All observations,8,slow,383.1032132765068,0.0026102626272629164,4876.2685546875,0.04158791292302523
Howland Forest,all_observations,All observations,9,fast,8.747076712891646,0.11432390875527325,5985.9697265625,0.8193280555435687
Howland Forest,all_observations,All observations,9,intermediate,26.5990237829773,0.03759536470808281,1949.964111328125,0.13908403153340596
Howland Forest,all_observations,All observations,9,slow,383.1032132765068,0.0026102626272629164,4876.2685546875,0.04158791292302523
Howland Forest,all_observations,All observations,10,fast,8.747076712891646,0.11432390875527325,5985.9697265625,0.8193280555435687
Howland Forest,all_observations,All observations,10,intermediate,26.5990237829773,0.03759536470808281,1949.964111328125,0.13908403153340596
Howland Forest,all_observations,All observations,10,slow,383.1032132765068,0.0026102626272629164,4876.2685546875,0.04158791292302523
Howland Forest,all_observations,All observations,11,fast,8.747076712891646,0.11432390875527325,5985.9697265625,0.8193280555435687
Howland Forest,all_observations,All observations,11,intermediate,26.5990237829773,0.03759536470808281,1949.964111328125,0.13908403153340596
Howland Forest,all_observations,All observations,11,slow,383.1032132765068,0.0026102626272629164,4876.2685546875,0.04158791292302523
Eight-mile Lake,prior_only,Prior,0,fast,3.0032040426671136,0.3329777084050242,2708.9423828125,0.8675099746193065
Eight-mile Lake,prior_only,Prior,0,intermediate,76.55862806422367,0.013061885058351853,9183.2490234375,0.1277336713103049
Eight-mile Lake,prior_only,Prior,0,slow,616.9834151393433,0.0016207891095000567,2711.887939453125,0.004756354070388449
Eight-mile Lake,prior_only,Prior,1,fast,4.052187947294726,0.24678026118398783,3655.144287109375,0.8737785478715552
Eight-mile Lake,prior_only,Prior,1,intermediate,47.47974447639336,0.021061612926269936,5432.23046875,0.12017675898981137
Eight-mile Lake,prior_only,Prior,1,slow,820.4918519976463,0.0012187811464127356,4590.15185546875,0.006044693138633516
Eight-mile Lake,prior_only,Prior,2,fast,2.9105608938256387,0.3435763883591526,2625.376708984375,0.8959659344775684
Eight-mile Lake,prior_only,Prior,2,intermediate,29.000710324557744,0.03448191402240248,2732.861328125,0.09548527173973675
Eight-mile Lake,prior_only,Prior,2,slow,551.3057199255201,0.0018138756117660041,4354.92529296875,0.008548793782694915
Eight-mile Lake,prior_only,Prior,3,fast,1.8453672587226373,0.5418975519768351,1664.553466796875,0.9094206568583247
Eight-mile Lake,prior_only,Prior,3,intermediate,126.71484352772303,0.007891735270787098,10377.3720703125,0.08810132365862772
Eight-mile Lake,prior_only,Prior,3,slow,681.1600483389775,0.0014680837527663582,1557.561767578125,0.0024780194830475405
Eight-mile Lake,prior_only,Prior,4,fast,1.8083401798039043,0.5529932980355718,1631.1544189453125,0.7340510697452467
Eight-mile Lake,prior_only,Prior,4,intermediate,75.30351324153656,0.013279592902823706,18097.2890625,0.2590963537999676
Eight-mile Lake,prior_only,Prior,4,slow,494.3626057819036,0.0020228067177903964,3124.251220703125,0.006852576454785655
Eight-mile Lake,prior_only,Prior,5,fast,1.7497231317675557,0.5715189916874497,1578.28076171875,0.894925046035829
Eight-mile Lake,prior_only,Prior,5,intermediate,30.652332917813595,0.03262394424206617,2912.082763671875,0.10058053895131926
Eight-mile Lake,prior_only,Prior,5,slow,1598.540934725827,0.0006255704675911315,6629.1572265625,0.004494415012851622
Eight-mile Lake,prior_only,Prior,6,fast,2.8607227163169777,0.34956201602350495,2580.421875,0.8058370028255282
Eight-mile Lake,prior_only,Prior,6,intermediate,49.00887552863165,0.02040446733808015,8609.3466796875,0.18861740112913808
Eight-mile Lake,prior_only,Prior,6,slow,1524.1736651363244,0.0006560932148834618,7809.10791015625,0.005545596045333622
Eight-mile Lake,prior_only,Prior,7,fast,1.7802458897170956,0.5617201566233714,1605.812744140625,0.8086869870149603
Eight-mile Lake,prior_only,Prior,7,intermediate,56.61884781727662,0.017661963083870122,9796.310546875,0.17883302161012785
Eight-mile Lake,prior_only,Prior,7,slow,729.5712848031267,0.001370667981086794,8397.841796875,0.012479991374911856
Eight-mile Lake,prior_only,Prior,8,fast,3.1001719934285044,0.32256274881513664,2796.4091796875,0.8453274389636931
Eight-mile Lake,prior_only,Prior,8,intermediate,43.127522777594294,0.023187049373480876,6036.82861328125,0.15070393224729534
Eight-mile Lake,prior_only,Prior,8,slow,283.2387235995663,0.003530590687923617,1038.57861328125,0.003968628789011734
Eight-mile Lake,prior_only,Prior,9,fast,2.27475857925419,0.43960709022926886,2051.8720703125,0.8799445215766325
Eight-mile Lake,prior_only,Prior,9,intermediate,56.21216013055812,0.017789745095676886,6106.37451171875,0.1139098320859942
Eight-mile Lake,prior_only,Prior,9,slow,858.8002372941171,0.0011644151416990416,4872.8427734375,0.006145646337373397
Eight-mile Lake,prior_only,Prior,10,fast,3.630638288408898,0.2754336622275427,3274.89892578125,0.8206948341082196
Eight-mile Lake,prior_only,Prior,10,intermediate,68.70811018287262,0.014554322587805325,11158.6591796875,0.17288169710651527
Eight-mile Lake,prior_only,Prior,10,slow,991.5272971314828,0.0010085451029871078,5889.8486328125,0.006423468785265017
Eight-mile Lake,prior_only,Prior,11,fast,4.800736007358859,0.20830139346698912,4330.34765625,0.9345725179344129
Eight-mile Lake,prior_only,Prior,11,intermediate,60.33675879349889,0.01657364465702369,3582.9267578125,0.062438771723641734
Eight-mile Lake,prior_only,Prior,11,slow,379.11543048599424,0.0026377190680898525,1049.844482421875,0.002988710341945413
Eight-mile Lake,stocks_only,Stocks,0,fast,4.3333453898909005,0.2307685887058213,3908.7529296875,0.7774022824347316
Eight-mile Lake,stocks_only,Stocks,0,intermediate,60.392830366463976,0.016558256897913137,12182.8115234375,0.2130348855029007
Eight-mile Lake,stocks_only,Stocks,0,slow,690.9280235920294,0.0014473287605287054,6113.43115234375,0.009562832062367688
Eight-mile Lake,stocks_only,Stocks,1,fast,4.12507221501623,0.2424199984571823,3720.886962890625,0.7736150927178063
Eight-mile Lake,stocks_only,Stocks,1,intermediate,58.79035044180135,0.017009594133818532,12058.7607421875,0.21634830719844406
Eight-mile Lake,stocks_only,Stocks,1,slow,584.92859955964,0.0017096103708261897,5430.2685546875,0.0100366000837498
Eight-mile Lake,stocks_only,Stocks,2,fast,4.12507221501623,0.2424199984571823,3720.886962890625,0.7736150927178063
Eight-mile Lake,stocks_only,Stocks,2,intermediate,58.79035044180135,0.017009594133818532,12058.7607421875,0.21634830719844406
Eight-mile Lake,stocks_only,Stocks,2,slow,584.92859955964,0.0017096103708261897,5430.2685546875,0.0100366000837498
Eight-mile Lake,stocks_only,Stocks,3,fast,4.250856332217722,0.23524671780151368,3834.346435546875,0.7997733990914677
Eight-mile Lake,stocks_only,Stocks,3,intermediate,67.91216992823483,0.014724901310865712,12326.4716796875,0.18952646147610946
Eight-mile Lake,stocks_only,Stocks,3,slow,605.0694946546547,0.0016527027206531923,5990.1123046875,0.010700139432422724
Eight-mile Lake,stocks_only,Stocks,4,fast,4.250856332217722,0.23524671780151368,3834.346435546875,0.7997733990914677
Eight-mile Lake,stocks_only,Stocks,4,intermediate,67.91216992823483,0.014724901310865712,12326.4716796875,0.18952646147610946
Eight-mile Lake,stocks_only,Stocks,4,slow,605.0694946546547,0.0016527027206531923,5990.1123046875,0.010700139432422724
Eight-mile Lake,stocks_only,Stocks,5,fast,4.250856332217722,0.23524671780151368,3834.346435546875,0.7997733990914677
Eight-mile Lake,stocks_only,Stocks,5,intermediate,67.91216992823483,0.014724901310865712,12326.4716796875,0.18952646147610946
Eight-mile Lake,stocks_only,Stocks,5,slow,605.0694946546547,0.0016527027206531923,5990.1123046875,0.010700139432422724
Eight-mile Lake,stocks_only,Stocks,6,fast,4.238362266795939,0.23594019034997848,3823.076416015625,0.8228618110757415
Eight-mile Lake,stocks_only,Stocks,6,intermediate,75.32211563071941,0.01327631322655201,12098.970703125,0.16611934142392684
Eight-mile Lake,stocks_only,Stocks,6,slow,595.1192367051984,0.0016803355333233254,6067.5771484375,0.01101884750033167
Eight-mile Lake,stocks_only,Stocks,7,fast,3.6628442783994988,0.27301187929205545,3303.94921875,0.8176994464141606
Eight-mile Lake,stocks_only,Stocks,7,intermediate,67.24642087841268,0.01487067991035666,11110.634765625,0.16940143249532413
Eight-mile Lake,stocks_only,Stocks,7,slow,618.5694262735979,0.0016166334085152352,7377.203125,0.012899121090515176
Eight-mile Lake,stocks_only,Stocks,8,fast,4.226070162626862,0.23662645472464539,3811.9892578125,0.7921060039314998
Eight-mile Lake,stocks_only,Stocks,8,intermediate,64.58371809751706,0.015483778720978364,12175.265625,0.19162821977817338
Eight-mile Lake,stocks_only,Stocks,8,slow,670.3566618616453,0.0014917432120729632,10086.779296875,0.01626577629032685
Eight-mile Lake,stocks_only,Stocks,9,fast,4.700649393623495,0.21273656387913462,4240.06787109375,0.7817441199874041
Eight-mile Lake,stocks_only,Stocks,9,intermediate,53.865773752905106,0.01856466417037345,10664.5263671875,0.20045645207067556
Eight-mile Lake,stocks_only,Stocks,9,slow,658.0820377468254,0.001519567383154615,10841.0810546875,0.01779942794192016
Eight-mile Lake,stocks_only,Stocks,10,fast,4.489961792253419,0.22271904445274146,4050.023681640625,0.746826771561005
Eight-mile Lake,stocks_only,Stocks,10,intermediate,48.12255324014766,0.020780277285157026,11044.7939453125,0.2342625183735996
Eight-mile Lake,stocks_only,Stocks,10,slow,587.3036338654089,0.0017026967693327228,10274.5029296875,0.01891071006539541
Eight-mile Lake,stocks_only,Stocks,11,fast,4.714985072496311,0.2120897488802776,4252.99853515625,0.7675004028085382
Eight-mile Lake,stocks_only,Stocks,11,intermediate,48.08200070954686,0.020797803445010272,10140.095703125,0.2120929977683759
Eight-mile Lake,stocks_only,Stocks,11,slow,683.3716377420242,0.0014633326066972425,12905.47265625,0.020406599423086105
Eight-mile Lake,soil14c_only,Soil 14C,0,fast,23.61539608673057,0.04234525630344593,21301.5,0.7868319619839983
Eight-mile Lake,soil14c_only,Soil 14C,0,intermediate,43.10198885103282,0.023200785547417675,8399.0126953125,0.20242816838176853
Eight-mile Lake,soil14c_only,Soil 14C,0,slow,1213.9852873377229,0.0008237332119510329,12196.259765625,0.010739869634233163
Eight-mile Lake,soil14c_only,Soil 14C,1,fast,23.501286492886315,0.04255086206887838,21198.5703125,0.793347173599637
Eight-mile Lake,soil14c_only,Soil 14C,1,intermediate,43.14048055120546,0.023180084858189124,8149.93212890625,0.1966522260099326
Eight-mile Lake,soil14c_only,Soil 14C,1,slow,1274.3865189689384,0.0007846912888007204,11923.0068359375,0.01000060039043053
Eight-mile Lake,soil14c_only,Soil 14C,2,fast,23.529184279398017,0.042500410899309955,21223.734375,0.8057220209589893
Eight-mile Lake,soil14c_only,Soil 14C,2,intermediate,45.655947187854665,0.021902951566976112,8112.73095703125,0.1832496828813721
Eight-mile Lake,soil14c_only,Soil 14C,2,slow,1148.3416951841707,0.0008708209448404817,11849.396484375,0.011028296159638566
Eight-mile Lake,soil14c_only,Soil 14C,3,fast,23.537465793421628,0.04248545738851313,21231.205078125,0.7930081983843446
Eight-mile Lake,soil14c_only,Soil 14C,3,intermediate,42.01080075519171,0.023803402506590396,7949.87841796875,0.1958991851034715
Eight-mile Lake,soil14c_only,Soil 14C,3,slow,1118.925070179264,0.0008937148935627917,11611.3525390625,0.011092616512183923
Eight-mile Lake,soil14c_only,Soil 14C,4,fast,23.67535647285089,0.04223801238839738,21355.583984375,0.8119802708925075
Eight-mile Lake,soil14c_only,Soil 14C,4,intermediate,46.03755819860136,0.02172139529394894,7919.779296875,0.1754668109857056
Eight-mile Lake,soil14c_only,Soil 14C,4,slow,986.1623789144699,0.0010140317876461298,11583.4755859375,0.012552918121786962
Eight-mile Lake,soil14c_only,Soil 14C,5,fast,23.67535647285089,0.04223801238839738,21355.583984375,0.8119802708925075
Eight-mile Lake,soil14c_only,Soil 14C,5,intermediate,46.03755819860136,0.02172139529394894,7919.779296875,0.1754668109857056
Eight-mile Lake,soil14c_only,Soil 14C,5,slow,986.1623789144699,0.0010140317876461298,11583.4755859375,0.012552918121786962
Eight-mile Lake,soil14c_only,Soil 14C,6,fast,23.66463407641688,0.04225715034387772,21345.9140625,0.8326286871491945
Eight-mile Lake,soil14c_only,Soil 14C,6,intermediate,50.890696837037915,0.019649956910635317,7799.7421875,0.1539270805854699
Eight-mile Lake,soil14c_only,Soil 14C,6,slow,905.6441559094571,0.0011041864439524703,11395.8828125,0.013444232265335662
Eight-mile Lake,soil14c_only,Soil 14C,7,fast,23.65208939790272,0.04227956284017225,21334.59765625,0.8358098901687143
Eight-mile Lake,soil14c_only,Soil 14C,7,intermediate,51.82385115307117,0.019296134458365862,7792.17041015625,0.15134501607788806
Eight-mile Lake,soil14c_only,Soil 14C,7,slow,920.6265138687698,0.0010862168153268552,11068.83203125,0.012845093753397747
Eight-mile Lake,soil14c_only,Soil 14C,8,fast,23.809399694241197,0.04200021894049983,21476.4921875,0.8207031949082992
Eight-mile Lake,soil14c_only,Soil 14C,8,intermediate,48.32546080725868,0.020693025649323887,7930.751953125,0.1663535386092625
Eight-mile Lake,soil14c_only,Soil 14C,8,slow,897.5360764807286,0.001114161342595872,10871.6494140625,0.012943266482438279
Eight-mile Lake,soil14c_only,Soil 14C,9,fast,23.99449150292388,0.04167623222513983,21643.44921875,0.8065143195001051
Eight-mile Lake,soil14c_only,Soil 14C,9,intermediate,45.494218609758796,0.02198081493777967,8054.6201171875,0.17901725869103885
Eight-mile Lake,soil14c_only,Soil 14C,9,slow,806.487381295487,0.0012399450049592436,10917.5576171875,0.014468421808856036
Eight-mile Lake,soil14c_only,Soil 14C,10,fast,23.99449150292388,0.04167623222513983,21643.44921875,0.8065143195001051
Eight-mile Lake,soil14c_only,Soil 14C,10,intermediate,45.494218609758796,0.02198081493777967,8054.6201171875,0.17901725869103885
Eight-mile Lake,soil14c_only,Soil 14C,10,slow,806.487381295487,0.0012399450049592436,10917.5576171875,0.014468421808856036
Eight-mile Lake,soil14c_only,Soil 14C,11,fast,23.96624771988236,0.04172534689985707,21617.97265625,0.8102553539427602
Eight-mile Lake,soil14c_only,Soil 14C,11,intermediate,46.77583581651542,0.02137855973162374,8122.83154296875,0.17497961728408265
Eight-mile Lake,soil14c_only,Soil 14C,11,slow,783.0741130594783,0.0012770183349478763,10818.2373046875,0.014765028773157184
Eight-mile Lake,resp14c_only,Respired 14C,0,fast,19.059566544569265,0.05246709035389553,17192.0625,0.7134484758377765
Eight-mile Lake,resp14c_only,Respired 14C,0,intermediate,94.09062189592218,0.010628051763821313,24618.8203125,0.27217697397559487
Eight-mile Lake,resp14c_only,Respired 14C,0,slow,457.48196041595793,0.0021858785406330917,6133.07421875,0.014374550186628811
Eight-mile Lake,resp14c_only,Respired 14C,1,fast,18.999677989376412,0.05263247095867339,17138.041015625,0.7054291252804149
Eight-mile Lake,resp14c_only,Respired 14C,1,intermediate,90.90920446867665,0.010999986259307289,24446.46875,0.2806167723674271
Eight-mile Lake,resp14c_only,Respired 14C,1,slow,492.2469858681887,0.0020315005042362507,6405.48828125,0.013954102352157783
Eight-mile Lake,resp14c_only,Respired 14C,2,fast,19.17850218583868,0.05214171525544865,17299.34375,0.711166194809905
Eight-mile Lake,resp14c_only,Respired 14C,2,intermediate,82.94777942062206,0.01205577782774719,21874.201171875,0.2735384166477808
Eight-mile Lake,resp14c_only,Respired 14C,2,slow,588.1752298670908,0.0017001736034106174,8391.173828125,0.015295388542314232
Eight-mile Lake,resp14c_only,Respired 14C,3,fast,18.68773074506664,0.05351104495466841,16856.66015625,0.6636978881411273
Eight-mile Lake,resp14c_only,Respired 14C,3,intermediate,71.33680893650431,0.014018008583620317,21879.875,0.3188331035509056
Eight-mile Lake,resp14c_only,Respired 14C,3,slow,681.4400855749283,0.0014674804449701605,11094.1865234375,0.01746900830796735
Eight-mile Lake,resp14c_only,Respired 14C,4,fast,19.084375585463242,0.05239888491618819,17214.439453125,0.6824836626805537
Eight-mile Lake,resp14c_only,Respired 14C,4,intermediate,69.7674797573736,0.014333325547628254,20208.328125,0.30372587038008364
Eight-mile Lake,resp14c_only,Respired 14C,4,slow,711.5291980531542,0.0014054237025495837,9149.318359375,0.013790466939362667
Eight-mile Lake,resp14c_only,Respired 14C,5,fast,19.010244597947253,0.05260321585278188,17147.572265625,0.6630504004561614
Eight-mile Lake,resp14c_only,Respired 14C,5,intermediate,60.08410613492893,0.01664333655483419,18460.71875,0.3202713737757022
Eight-mile Lake,resp14c_only,Respired 14C,5,slow,892.5213898468736,0.0011204213270133124,13876.396484375,0.016678225768136594
Eight-mile Lake,resp14c_only,Respired 14C,6,fast,19.078716138060763,0.052414428348512766,17209.333984375,0.6722471596575422
Eight-mile Lake,resp14c_only,Respired 14C,6,intermediate,64.8974256418738,0.01540893171199644,19398.583984375,0.3137505728632164
Eight-mile Lake,resp14c_only,Respired 14C,6,slow,829.889665344484,0.0012049794590283322,10834.146484375,0.014002267479241232
Eight-mile Lake,resp14c_only,Respired 14C,7,fast,18.568225835382076,0.05385544148727891,16748.86328125,0.632573062052673
Eight-mile Lake,resp14c_only,Respired 14C,7,intermediate,61.99002066459344,0.016131628757000326,20757.73828125,0.3489102560151968
Eight-mile Lake,resp14c_only,Respired 14C,7,slow,804.7287713764649,0.0012426547124561353,13881.3798828125,0.01851668193213007
Eight-mile Lake,resp14c_only,Respired 14C,8,fast,18.474997628439166,0.05412720586554595,16664.76953125,0.62188465886778
Eight-mile Lake,resp14c_only,Respired 14C,8,intermediate,56.418930651896964,0.017724547212175444,19439.869140625,0.35360690185348126
Eight-mile Lake,resp14c_only,Respired 14C,8,slow,894.8959157199848,0.001117448389733072,20426.943359375,0.024508439278738643
Eight-mile Lake,resp14c_only,Respired 14C,9,fast,18.474997628439166,0.05412720586554595,16664.76953125,0.62188465886778
Eight-mile Lake,resp14c_only,Respired 14C,9,intermediate,56.418930651896964,0.017724547212175444,19439.869140625,0.35360690185348126
Eight-mile Lake,resp14c_only,Respired 14C,9,slow,894.8959157199848,0.001117448389733072,20426.943359375,0.024508439278738643
Eight-mile Lake,resp14c_only,Respired 14C,10,fast,17.855679209751873,0.056004590374464744,16106.1337890625,0.5666645414693223
Eight-mile Lake,resp14c_only,Respired 14C,10,intermediate,53.66667134775266,0.018633538747356574,21164.796875,0.41144790555700794
Eight-mile Lake,resp14c_only,Respired 14C,10,slow,1192.3920033392574,0.0008386503743731345,24286.791015625,0.021887552973669816
Eight-mile Lake,resp14c_only,Respired 14C,11,fast,18.435150948791975,0.05424419918110453,16628.828125,0.581260445311586
Eight-mile Lake,resp14c_only,Respired 14C,11,intermediate,43.8230622045873,0.022819035222402195,16701.126953125,0.3991952541069745
Eight-mile Lake,resp14c_only,Respired 14C,11,slow,1133.1169808050606,0.0008825214138874848,20621.216796875,0.019544300581439435
Eight-mile Lake,stocks_soil14c,Stocks + Soil 14C,0,fast,23.862569273356133,0.041906635808766614,21524.453125,0.7347826427298764
Eight-mile Lake,stocks_soil14c,Stocks + Soil 14C,0,intermediate,32.39239445359897,0.03087144426548852,7840.5966796875,0.25374322677908
Eight-mile Lake,stocks_soil14c,Stocks + Soil 14C,0,slow,1082.4101078587537,0.0009238642477001817,11611.275390625,0.011474130491043658
Eight-mile Lake,stocks_soil14c,Stocks + Soil 14C,1,fast,23.862569273356133,0.041906635808766614,21524.453125,0.7347826427298764
Eight-mile Lake,stocks_soil14c,Stocks + Soil 14C,1,intermediate,32.39239445359897,0.03087144426548852,7840.5966796875,0.25374322677908
Eight-mile Lake,stocks_soil14c,Stocks + Soil 14C,1,slow,1082.4101078587537,0.0009238642477001817,11611.275390625,0.011474130491043658
Eight-mile Lake,stocks_soil14c,Stocks + Soil 14C,2,fast,23.862569273356133,0.041906635808766614,21524.453125,0.7347826427298764
Eight-mile Lake,stocks_soil14c,Stocks + Soil 14C,2,intermediate,32.39239445359897,0.03087144426548852,7840.5966796875,0.25374322677908
Eight-mile Lake,stocks_soil14c,Stocks + Soil 14C,2,slow,1082.4101078587537,0.0009238642477001817,11611.275390625,0.011474130491043658
Eight-mile Lake,stocks_soil14c,Stocks + Soil 14C,3,fast,23.755691575679258,0.04209517524734097,21428.048828125,0.7595981992930396
Eight-mile Lake,stocks_soil14c,Stocks + Soil 14C,3,intermediate,36.57808975664216,0.027338770467596973,8030.19384765625,0.23093793054571315
Eight-mile Lake,stocks_soil14c,Stocks + Soil 14C,3,slow,1295.902816073602,0.0007716628034113355,11469.66015625,0.009463870161247213
Eight-mile Lake,stocks_soil14c,Stocks + Soil 14C,4,fast,23.782961412711682,0.042046908399957,21452.64453125,0.7837129993875289
Eight-mile Lake,stocks_soil14c,Stocks + Soil 14C,4,intermediate,40.63075356361988,0.024611898926122398,8030.8994140625,0.20693960013382762
Eight-mile Lake,stocks_soil14c,Stocks + Soil 14C,4,slow,1344.9900304828745,0.0007434999348218089,11761.322265625,0.009347400478643504
Eight-mile Lake,stocks_soil14c,Stocks + Soil 14C,5,fast,23.782961412711682,0.042046908399957,21452.64453125,0.7837129993875289
Eight-mile Lake,stocks_soil14c,Stocks + Soil 14C,5,intermediate,40.63075356361988,0.024611898926122398,8030.8994140625,0.20693960013382762
Eight-mile Lake,stocks_soil14c,Stocks + Soil 14C,5,slow,1344.9900304828745,0.0007434999348218089,11761.322265625,0.009347400478643504
Eight-mile Lake,stocks_soil14c,Stocks + Soil 14C,6,fast,23.648322780691792,0.04228629697225177,21331.19921875,0.7505540186050608
Eight-mile Lake,stocks_soil14c,Stocks + Soil 14C,6,intermediate,34.679692501129225,0.02883531911268932,7897.9228515625,0.23895219964450806
Eight-mile Lake,stocks_soil14c,Stocks + Soil 14C,6,slow,1205.4147841273543,0.0008295899578865196,11828.0087890625,0.010493781750431115
Eight-mile Lake,stocks_soil14c,Stocks + Soil 14C,7,fast,23.64099425709682,0.04229940539407765,21324.587890625,0.734481437162164
Eight-mile Lake,stocks_soil14c,Stocks + Soil 14C,7,intermediate,32.758414060199335,0.03052650833957726,7937.576171875,0.2549491066284844
Eight-mile Lake,stocks_soil14c,Stocks + Soil 14C,7,slow,1175.4572435778668,0.0008507327726835826,11614.9091796875,0.010569456209351683
Eight-mile Lake,stocks_soil14c,Stocks + Soil 14C,8,fast,23.64099425709682,0.04229940539407765,21324.587890625,0.734481437162164
Eight-mile Lake,stocks_soil14c,Stocks + Soil 14C,8,intermediate,32.758414060199335,0.03052650833957726,7937.576171875,0.2549491066284844
Eight-mile Lake,stocks_soil14c,Stocks + Soil 14C,8,slow,1175.4572435778668,0.0008507327726835826,11614.9091796875,0.010569456209351683
Eight-mile Lake,stocks_soil14c,Stocks + Soil 14C,9,fast,23.700748402849946,0.04219276045644841,21378.486328125,0.7588464007231797
Eight-mile Lake,stocks_soil14c,Stocks + Soil 14C,9,intermediate,36.16170046142159,0.02765356681903913,7964.81787109375,0.22908076731867982
Eight-mile Lake,stocks_soil14c,Stocks + Soil 14C,9,slow,1004.2632851747209,0.000995754813266942,11337.4736328125,0.01207283195814035
Eight-mile Lake,stocks_soil14c,Stocks + Soil 14C,10,fast,23.86350233349466,0.041904997264228326,21525.296875,0.761995117576337
Eight-mile Lake,stocks_soil14c,Stocks + Soil 14C,10,intermediate,36.799114459263095,0.027174566961577506,8000.9208984375,0.22521667566240497
Eight-mile Lake,stocks_soil14c,Stocks + Soil 14C,10,slow,945.0091827295478,0.0010581907755770348,11301.1484375,0.012788206761258015
Eight-mile Lake,stocks_soil14c,Stocks + Soil 14C,11,fast,23.788995377077743,0.042036243403685954,21458.087890625,0.7562910889341242
Eight-mile Lake,stocks_soil14c,Stocks + Soil 14C,11,intermediate,35.440598213801486,0.02821622800967773,7890.15234375,0.228178818975895
Eight-mile Lake,stocks_soil14c,Stocks + Soil 14C,11,slow,763.0013085153993,0.0013106137418633502,11078.9501953125,0.015530092089980808
Eight-mile Lake,stocks_resp14c,Stocks + Respired 14C,0,fast,21.21745386200954,0.04713100857923998,19138.513671875,0.735885046675599
Eight-mile Lake,stocks_resp14c,Stocks + Respired 14C,0,intermediate,41.10597169829845,0.024327365555048885,9910.244140625,0.2508272808028916
Eight-mile Lake,stocks_resp14c,Stocks + Respired 14C,0,slow,1069.9394302073526,0.0009346323462499195,13280.30859375,0.013287672521509435
Eight-mile Lake,stocks_resp14c,Stocks + Respired 14C,1,fast,20.789596665258845,0.04810098127930897,18752.578125,0.724189323236797
Eight-mile Lake,stocks_resp14c,Stocks + Respired 14C,1,intermediate,45.834945493036216,0.021817414403862045,11537.83984375,0.26331571296103723
Eight-mile Lake,stocks_resp14c,Stocks + Respired 14C,1,slow,1094.8736805392405,0.0009133473731028827,12774.7314453125,0.012494963802165844
Eight-mile Lake,stocks_resp14c,Stocks + Respired 14C,2,fast,20.789596665258845,0.04810098127930897,18752.578125,0.724189323236797
Eight-mile Lake,stocks_resp14c,Stocks + Respired 14C,2,intermediate,45.834945493036216,0.021817414403862045,11537.83984375,0.26331571296103723
Eight-mile Lake,stocks_resp14c,Stocks + Respired 14C,2,slow,1094.8736805392405,0.0009133473731028827,12774.7314453125,0.012494963802165844
Eight-mile Lake,stocks_resp14c,Stocks + Respired 14C,3,fast,20.899367405567133,0.04784833821016142,18851.59375,0.7389852085289229
Eight-mile Lake,stocks_resp14c,Stocks + Respired 14C,3,intermediate,48.27842913581134,0.02071318429162048,11506.623046875,0.24724294337270497
Eight-mile Lake,stocks_resp14c,Stocks + Respired 14C,3,slow,919.6051146589638,0.0010874232690309153,11828.1396484375,0.013771848098371925
Eight-mile Lake,stocks_resp14c,Stocks + Respired 14C,4,fast,20.899367405567133,0.04784833821016142,18851.59375,0.7389852085289229
Eight-mile Lake,stocks_resp14c,Stocks + Respired 14C,4,intermediate,48.27842913581134,0.02071318429162048,11506.623046875,0.24724294337270497
Eight-mile Lake,stocks_resp14c,Stocks + Respired 14C,4,slow,919.6051146589638,0.0010874232690309153,11828.1396484375,0.013771848098371925
Eight-mile Lake,stocks_resp14c,Stocks + Respired 14C,5,fast,20.975823440982214,0.04767393293586829,18920.55859375,0.759943728654686
Eight-mile Lake,stocks_resp14c,Stocks + Respired 14C,5,intermediate,55.66838010572124,0.017963518933025793,12209.3193359375,0.22823770078666275
Eight-mile Lake,stocks_resp14c,Stocks + Respired 14C,5,slow,975.2636636848903,0.0010253637423767508,10768.3994140625,0.011818570558651076
Eight-mile Lake,stocks_resp14c,Stocks + Respired 14C,6,fast,21.214358203118604,0.0471378860687379,19135.720703125,0.7631189215236642
Eight-mile Lake,stocks_resp14c,Stocks + Respired 14C,6,intermediate,53.03389916981558,0.018855864185998855,11476.943359375,0.22637667803755918
Eight-mile Lake,stocks_resp14c,Stocks + Respired 14C,6,slow,902.8897285905159,0.0011075549630640733,8862.1630859375,0.010504400438776644
Eight-mile Lake,stocks_resp14c,Stocks + Respired 14C,7,fast,21.200888243295154,0.04716783507012981,19123.572265625,0.7766140534716356
Eight-mile Lake,stocks_resp14c,Stocks + Respired 14C,7,intermediate,58.06919288590862,0.017220835184755347,11855.337890625,0.21331218324545267
Eight-mile Lake,stocks_resp14c,Stocks + Respired 14C,7,slow,878.0474953477374,0.0011388905558052588,8266.4140625,0.01007376328291176
Eight-mile Lake,stocks_resp14c,Stocks + Respired 14C,8,fast,21.000843481226777,0.0476171350400248,18943.126953125,0.784808869809668
Eight-mile Lake,stocks_resp14c,Stocks + Respired 14C,8,intermediate,66.56707097561328,0.015022442558218434,13096.6484375,0.20463791677967075
Eight-mile Lake,stocks_resp14c,Stocks + Respired 14C,8,slow,848.6524560189727,0.0011783386625556927,8369.951171875,0.010553213410661278
Eight-mile Lake,stocks_resp14c,Stocks + Respired 14C,9,fast,21.074896958326896,0.04744981681179183,19009.923828125,0.7971312375007914
Eight-mile Lake,stocks_resp14c,Stocks + Respired 14C,9,intermediate,75.12569406999675,0.013311025107711769,13938.0869140625,0.1941992160216571
Eight-mile Lake,stocks_resp14c,Stocks + Respired 14C,9,slow,813.3927657368278,0.0012294183598917682,6591.64111328125,0.00866954647755166
Eight-mile Lake,stocks_resp14c,Stocks + Respired 14C,10,fast,21.074896958326896,0.04744981681179183,19009.923828125,0.7971312375007914
Eight-mile Lake,stocks_resp14c,Stocks + Respired 14C,10,intermediate,75.12569406999675,0.013311025107711769,13938.0869140625,0.1941992160216571
Eight-mile Lake,stocks_resp14c,Stocks + Respired 14C,10,slow,813.3927657368278,0.0012294183598917682,6591.64111328125,0.00866954647755166
Eight-mile Lake,stocks_resp14c,Stocks + Respired 14C,11,fast,21.074896958326896,0.04744981681179183,19009.923828125,0.7971312375007914
Eight-mile Lake,stocks_resp14c,Stocks + Respired 14C,11,intermediate,75.12569406999675,0.013311025107711769,13938.0869140625,0.1941992160216571
Eight-mile Lake,stocks_resp14c,Stocks + Respired 14C,11,slow,813.3927657368278,0.0012294183598917682,6591.64111328125,0.00866954647755166
Eight-mile Lake,all_observations,All observations,0,fast,23.858996673067935,0.041912910827838844,21521.232421875,0.8577145003363338
Eight-mile Lake,all_observations,All observations,0,intermediate,42.332503147872785,0.023622510497592678,5514.80322265625,0.1325883648388951
Eight-mile Lake,all_observations,All observations,0,slow,1127.249305775628,0.0008871152059055194,10237.666015625,0.009697134824771093
Eight-mile Lake,all_observations,All observations,1,fast,23.858996673067935,0.041912910827838844,21521.232421875,0.8577145003363338
Eight-mile Lake,all_observations,All observations,1,intermediate,42.332503147872785,0.023622510497592678,5514.80322265625,0.1325883648388951
Eight-mile Lake,all_observations,All observations,1,slow,1127.249305775628,0.0008871152059055194,10237.666015625,0.009697134824771093
Eight-mile Lake,all_observations,All observations,2,fast,23.858996673067935,0.041912910827838844,21521.232421875,0.8577145003363338
Eight-mile Lake,all_observations,All observations,2,intermediate,42.332503147872785,0.023622510497592678,5514.80322265625,0.1325883648388951
Eight-mile Lake,all_observations,All observations,2,slow,1127.249305775628,0.0008871152059055194,10237.666015625,0.009697134824771093
Eight-mile Lake,all_observations,All observations,3,fast,23.893425102296717,0.041852517825243754,21552.28515625,0.8458028865160191
Eight-mile Lake,all_observations,All observations,3,intermediate,39.49659560772062,0.025318637837346274,5573.63427734375,0.14425046762021723
Eight-mile Lake,all_observations,All observations,3,slow,1130.6903389090232,0.000884415445669127,10531.51171875,0.009946645863763507
Eight-mile Lake,all_observations,All observations,4,fast,23.87146896624221,0.041891012296484474,21532.48046875,0.8310449676789258
Eight-mile Lake,all_observations,All observations,4,intermediate,36.725314910233585,0.027229174275135975,5674.98046875,0.1596683346405048
Eight-mile Lake,all_observations,All observations,4,slow,1228.8015081017681,0.0008138010845582239,10684.119140625,0.00928669768056962
Eight-mile Lake,all_observations,All observations,5,fast,23.87146896624221,0.041891012296484474,21532.48046875,0.8310449676789258
Eight-mile Lake,all_observations,All observations,5,intermediate,36.725314910233585,0.027229174275135975,5674.98046875,0.1596683346405048
Eight-mile Lake,all_observations,All observations,5,slow,1228.8015081017681,0.0008138010845582239,10684.119140625,0.00928669768056962
Eight-mile Lake,all_observations,All observations,6,fast,23.87146896624221,0.041891012296484474,21532.48046875,0.8310449676789258
Eight-mile Lake,all_observations,All observations,6,intermediate,36.725314910233585,0.027229174275135975,5674.98046875,0.1596683346405048
Eight-mile Lake,all_observations,All observations,6,slow,1228.8015081017681,0.0008138010845582239,10684.119140625,0.00928669768056962
Eight-mile Lake,all_observations,All observations,7,fast,23.876477925191097,0.04188222413427823,21537.0,0.8268909667834335
Eight-mile Lake,all_observations,All observations,7,intermediate,36.30243707043833,0.027546359988440457,5746.484375,0.16433907863066893
Eight-mile Lake,all_observations,All observations,7,slow,1225.8729685268468,0.0008157452082508335,10065.12890625,0.008769954585897915
Eight-mile Lake,all_observations,All observations,8,fast,23.876477925191097,0.04188222413427823,21537.0,0.8268909667834335
Eight-mile Lake,all_observations,All observations,8,intermediate,36.30243707043833,0.027546359988440457,5746.484375,0.16433907863066893
Eight-mile Lake,all_observations,All observations,8,slow,1225.8729685268468,0.0008157452082508335,10065.12890625,0.008769954585897915
Eight-mile Lake,all_observations,All observations,9,fast,23.876477925191097,0.04188222413427823,21537.0,0.8268909667834335
Eight-mile Lake,all_observations,All observations,9,intermediate,36.30243707043833,0.027546359988440457,5746.484375,0.16433907863066893
Eight-mile Lake,all_observations,All observations,9,slow,1225.8729685268468,0.0008157452082508335,10065.12890625,0.008769954585897915
Eight-mile Lake,all_observations,All observations,10,fast,23.774094716958942,0.04206259005465571,21444.6484375,0.8503618674463127
Eight-mile Lake,all_observations,All observations,10,intermediate,42.31595410086531,0.023631748858040074,5794.42236328125,0.1422020599865838
Eight-mile Lake,all_observations,All observations,10,slow,1490.5682246809306,0.0006708850916327958,10380.345703125,0.007436072567103579
Eight-mile Lake,all_observations,All observations,11,fast,23.886430656680364,0.041864773116293455,21545.9765625,0.8405396790265508
Eight-mile Lake,all_observations,All observations,11,intermediate,39.67024390681253,0.02520781072960005,5785.86669921875,0.15303958208207297
Eight-mile Lake,all_observations,All observations,11,slow,1769.8251774200885,0.0005650275590822598,10641.5703125,0.006420738891376268
