ecosystem,observation_subset,observation_subset_label,draw,q10,delta_temperature_c,year,mode,control_carbon,warm_carbon,control_respiration,warm_respiration,cumulative_control_respiration,cumulative_warm_respiration
Harvard Forest,prior_only,Prior,0,2.0,4.0,10,fast,1213.6019287109375,891.2183227539062,2737.7900687648216,2996.6270717569705,2737.7900687648216,2996.6270717569705
Harvard Forest,prior_only,Prior,0,2.0,4.0,50,fast,1290.957763671875,945.1691284179688,14118.413409807565,14396.384761922598,14118.413409807565,14396.384761922598
Harvard Forest,prior_only,Prior,0,2.0,4.0,100,fast,1290.0411376953125,944.2813110351562,28132.118532894106,28410.47708122433,28132.118532894106,28410.47708122433
Harvard Forest,prior_only,Prior,0,2.0,4.0,10,intermediate,3767.0107421875,3623.0107421875,639.4595506328885,830.1972934568279,639.4595506328885,830.1972934568279
Harvard Forest,prior_only,Prior,0,2.0,4.0,50,intermediate,3747.94970703125,3127.08642578125,3216.1420749495232,3849.8295927588943,3216.1420749495232,3849.8295927588943
Harvard Forest,prior_only,Prior,0,2.0,4.0,100,intermediate,3719.2822265625,2903.028564453125,6393.756848544159,7207.21315446852,6393.756848544159,7207.21315446852
Harvard Forest,prior_only,Prior,0,2.0,4.0,10,slow,1044.39404296875,1043.158935546875,55.805521708135316,73.61868049288884,55.805521708135316,73.61868049288884
Harvard Forest,prior_only,Prior,0,2.0,4.0,50,slow,1041.840576171875,1010.4489135742188,282.23669924315743,368.65048267534826,282.23669924315743,368.65048267534826
Harvard Forest,prior_only,Prior,0,2.0,4.0,100,slow,1036.7530517578125,951.7589721679688,563.3546317790012,719.0253914020334,563.3546317790012,719.0253914020334
Harvard Forest,prior_only,Prior,1,2.0,4.0,10,fast,408.5680236816406,276.785400390625,2607.8858332280797,2709.387290272184,2607.8858332280797,2709.387290272184
Harvard Forest,prior_only,Prior,1,2.0,4.0,50,fast,473.2355651855469,342.65643310546875,13543.709096256922,13645.039660130158,13543.709096256922,13645.039660130158
Harvard Forest,prior_only,Prior,1,2.0,4.0,100,fast,472.41796875,341.8719177246094,26997.54391940107,27099.766927262106,26997.54391940107,27099.766927262106
Harvard Forest,prior_only,Prior,1,2.0,4.0,10,intermediate,1470.6707763671875,1303.5518798828125,766.3190511653195,955.1770421438557,766.3190511653195,955.1770421438557
Harvard Forest,prior_only,Prior,1,2.0,4.0,50,intermediate,1481.79931640625,1133.154052734375,3858.6949797652323,4221.083596623888,3858.6949797652323,4221.083596623888
Harvard Forest,prior_only,Prior,1,2.0,4.0,100,intermediate,1478.82080078125,1121.7406005859375,7679.068950176214,8049.540189705234,7679.068950176214,8049.540189705234
Harvard Forest,prior_only,Prior,1,2.0,4.0,10,slow,616.9998168945312,614.4088745117188,34.42065614658841,45.360448304497424,34.42065614658841,45.360448304497424
Harvard Forest,prior_only,Prior,1,2.0,4.0,50,slow,614.3699951171875,580.0382080078125,173.87886438459844,224.22981051501415,173.87886438459844,224.22981051501415
Harvard Forest,prior_only,Prior,1,2.0,4.0,100,slow,610.592529296875,541.0302124023438,346.69581197867114,432.62298129781664,346.69581197867114,432.62298129781664
Harvard Forest,prior_only,Prior,2,2.0,4.0,10,fast,1670.845458984375,1263.232666015625,2797.378221829576,3130.589257074336,2797.378221829576,3130.589257074336
Harvard Forest,prior_only,Prior,2,2.0,4.0,50,fast,1765.1002197265625,1302.7225341796875,14368.45728891951,14746.691980506981,14368.45728891951,14746.691980506981
Harvard Forest,prior_only,Prior,2,2.0,4.0,100,fast,1764.15087890625,1301.803955078125,28633.717269293407,29012.244573225275,28633.717269293407,29012.244573225275
Harvard Forest,prior_only,Prior,2,2.0,4.0,10,intermediate,1645.1522216796875,1537.54150390625,600.8867264861519,771.0586763324216,600.8867264861519,771.0586763324216
Harvard Forest,prior_only,Prior,2,2.0,4.0,50,intermediate,1641.6544189453125,1285.310546875,3013.8908463268804,3426.22246085527,3013.8908463268804,3426.22246085527
Harvard Forest,prior_only,Prior,2,2.0,4.0,100,intermediate,1634.3446044921875,1246.98974609375,5991.539128124077,6432.902356606741,5991.539128124077,6432.902356606741
Harvard Forest,prior_only,Prior,2,2.0,4.0,10,slow,431.12530517578125,429.589111328125,41.247414827176485,54.374705334800964,41.247414827176485,54.374705334800964
Harvard Forest,prior_only,Prior,2,2.0,4.0,50,slow,428.51043701171875,397.57574462890625,208.25849086943757,267.2750282102678,208.25849086943757,267.2750282102678
Harvard Forest,prior_only,Prior,2,2.0,4.0,100,slow,424.8418273925781,360.9667053222656,414.77575559325817,508.71430429021143,414.77575559325817,508.71430429021143
Harvard Forest,prior_only,Prior,3,2.0,4.0,10,fast,1494.33056640625,1117.883544921875,2959.6761629376106,3285.705922810994,2959.6761629376106,3285.705922810994
Harvard Forest,prior_only,Prior,3,2.0,4.0,50,fast,1582.2376708984375,1164.2783203125,15224.98134193142,15587.276470240391,15224.98134193142,15587.276470240391
Harvard Forest,prior_only,Prior,3,2.0,4.0,100,fast,1581.301513671875,1163.3702392578125,30339.329815864287,30701.95609640613,30339.329815864287,30701.95609640613
Harvard Forest,prior_only,Prior,3,2.0,4.0,10,intermediate,1515.541748046875,1430.0709228515625,386.0077702301223,497.2564932895252,386.0077702301223,497.2564932895252
Harvard Forest,prior_only,Prior,3,2.0,4.0,50,intermediate,1510.0545654296875,1200.842529296875,1937.5264102924061,2236.81570493989,1937.5264102924061,2236.81570493989
Harvard Forest,prior_only,Prior,3,2.0,4.0,100,intermediate,1501.4774169921875,1148.3074951171875,3850.9454296372783,4186.276409916735,3850.9454296372783,4186.276409916735
Harvard Forest,prior_only,Prior,3,2.0,4.0,10,slow,1415.4058837890625,1412.5992431640625,85.17510136891826,112.33596770633761,85.17510136891826,112.33596770633761
Harvard Forest,prior_only,Prior,3,2.0,4.0,50,slow,1410.186767578125,1347.239013671875,430.5270872492646,559.0108114839621,430.5270872492646,559.0108114839621
Harvard Forest,prior_only,Prior,3,2.0,4.0,100,slow,1401.4381103515625,1252.5142822265625,858.68608555318,1081.0433877918986,858.68608555318,1081.0433877918986
Harvard Forest,prior_only,Prior,4,2.0,4.0,10,fast,2054.109375,1585.71630859375,2340.488502081407,2659.9538052231674,2340.488502081407,2659.9538052231674
Harvard Forest,prior_only,Prior,4,2.0,4.0,50,fast,2160.21875,1603.357421875,11985.42216452477,12365.409920194383,11985.42216452477,12365.409920194383
Harvard Forest,prior_only,Prior,4,2.0,4.0,100,fast,2159.22705078125,1602.4029541015625,23886.09131029358,24266.245030455746,23886.09131029358,24266.245030455746
Harvard Forest,prior_only,Prior,4,2.0,4.0,10,intermediate,4646.09521484375,4459.7109375,1014.6485825301489,1317.2106781533043,1014.6485825301489,1317.2106781533043
Harvard Forest,prior_only,Prior,4,2.0,4.0,50,intermediate,4614.3525390625,3764.144287109375,5095.687596641329,6022.968932470147,5095.687596641329,6022.968932470147
Harvard Forest,prior_only,Prior,4,2.0,4.0,100,intermediate,4580.904296875,3530.21044921875,10126.031579898441,11234.311488348329,10126.031579898441,11234.311488348329
Harvard Forest,prior_only,Prior,4,2.0,4.0,10,slow,1223.2010498046875,1220.7774658203125,109.53958561862392,144.47160544894138,109.53958561862392,144.47160544894138
Harvard Forest,prior_only,Prior,4,2.0,4.0,50,slow,1217.804931640625,1153.9947509765625,553.5457177202429,717.062237846229,553.5457177202429,717.062237846229
Harvard Forest,prior_only,Prior,4,2.0,4.0,100,slow,1208.524658203125,1054.4954833984375,1103.3989196168836,1376.6379566200803,1103.3989196168836,1376.6379566200803
Harvard Forest,prior_only,Prior,5,2.0,4.0,10,fast,1326.5946044921875,981.7693481445312,2785.9813626172545,3067.468882661806,2785.9813626172545,3067.468882661806
Harvard Forest,prior_only,Prior,5,2.0,4.0,50,fast,1408.1966552734375,1033.1156005859375,14352.59427867252,14659.09299924261,14352.59427867252,14659.09299924261
Harvard Forest,prior_only,Prior,5,2.0,4.0,100,fast,1407.272216796875,1032.218994140625,28599.58888005864,28906.452510042414,28599.58888005864,28906.452510042414
Harvard Forest,prior_only,Prior,5,2.0,4.0,10,intermediate,3238.864013671875,3109.36767578125,612.431171000731,794.5942134237127,612.431171000731,794.5942134237127
Harvard Forest,prior_only,Prior,5,2.0,4.0,50,intermediate,3222.006591796875,2667.91650390625,3079.03418838945,3668.0043431755385,3079.03418838945,3668.0043431755385
Harvard Forest,prior_only,Prior,5,2.0,4.0,100,intermediate,3197.8330078125,2484.52392578125,6120.47841315236,6860.014639853013,6120.47841315236,6860.014639853013
Harvard Forest,prior_only,Prior,5,2.0,4.0,10,slow,203.84710693359375,203.069091796875,35.269937886392015,46.49100062217665,35.269937886392015,46.49100062217665
Harvard Forest,prior_only,Prior,5,2.0,4.0,50,slow,202.49761962890625,186.36891174316406,178.04014832267552,227.92907437430694,178.04014832267552,227.92907437430694
Harvard Forest,prior_only,Prior,5,2.0,4.0,100,slow,200.5056610107422,166.47640991210938,354.40424401002815,430.8265243251632,354.40424401002815,430.8265243251632
Harvard Forest,prior_only,Prior,6,2.0,4.0,10,fast,1121.869384765625,818.404052734375,2646.4956345716682,2882.1912876489446,2646.4956345716682,2882.1912876489446
Harvard Forest,prior_only,Prior,6,2.0,4.0,50,fast,1195.8944091796875,874.1387329101562,13658.634595645424,13908.88614842129,13658.634595645424,13908.88614842129
Harvard Forest,prior_only,Prior,6,2.0,4.0,100,fast,1194.984619140625,873.2586059570312,27215.402966191687,27466.054654282387,27215.402966191687,27466.054654282387
Harvard Forest,prior_only,Prior,6,2.0,4.0,10,intermediate,4605.26171875,4437.1337890625,723.024405793157,939.3006975651069,723.024405793157,939.3006975651069
Harvard Forest,prior_only,Prior,6,2.0,4.0,50,intermediate,4582.47021484375,3851.359375,3637.682100052066,4374.290014172537,3637.682100052066,4374.290014172537
Harvard Forest,prior_only,Prior,6,2.0,4.0,100,intermediate,4546.96142578125,3566.46923828125,7232.671042114909,8198.108980575278,7232.671042114909,8198.108980575278
Harvard Forest,prior_only,Prior,6,2.0,4.0,10,slow,960.08740234375,958.6920776367188,65.14132090541057,85.9272214912201,65.14132090541057,85.9272214912201
Harvard Forest,prior_only,Prior,6,2.0,4.0,50,slow,957.3263549804688,923.394287109375,329.38967624106243,429.3831559471544,329.38967624106243,429.3831559471544
Harvard Forest,prior_only,Prior,6,2.0,4.0,100,slow,951.9617919921875,861.770751953125,657.2562162646217,834.0365128973685,657.2562162646217,834.0365128973685
Harvard Forest,prior_only,Prior,7,2.0,4.0,10,fast,910.2243041992188,652.8626098632812,2172.8034745166983,2337.175527692433,2172.8034745166983,2337.175527692433
Harvard Forest,prior_only,Prior,7,2.0,4.0,50,fast,977.5509643554688,712.0726318359375,11234.143365810523,11404.04541777059,11234.143365810523,11404.04541777059
Harvard Forest,prior_only,Prior,7,2.0,4.0,100,fast,976.6598510742188,711.2131958007812,22384.052074892825,22554.351133672284,22384.052074892825,22554.351133672284
Harvard Forest,prior_only,Prior,7,2.0,4.0,10,intermediate,5235.9970703125,4960.52734375,1164.4689691799538,1501.1710901696165,1164.4689691799538,1501.1710901696165
Harvard Forest,prior_only,Prior,7,2.0,4.0,50,intermediate,5218.49560546875,4226.0439453125,5853.2152828013095,6848.042686928055,5853.2152828013095,6848.042686928055
Harvard Forest,prior_only,Prior,7,2.0,4.0,100,intermediate,5184.10986328125,3986.33447265625,11634.440325440595,12816.95681132019,11634.440325440595,12816.95681132019
Harvard Forest,prior_only,Prior,7,2.0,4.0,10,slow,2302.702880859375,2299.275146484375,109.87304636870275,144.92817266464561,109.87304636870275,144.92817266464561
Harvard Forest,prior_only,Prior,7,2.0,4.0,50,slow,2296.5693359375,2220.771240234375,555.6052668157234,724.673038104863,555.6052668157234,724.673038104863
Harvard Forest,prior_only,Prior,7,2.0,4.0,100,slow,2285.19140625,2092.871826171875,1108.8643495155086,1412.1492258341852,1108.8643495155086,1412.1492258341852
Harvard Forest,prior_only,Prior,8,2.0,4.0,10,fast,1030.24609375,746.31298828125,2734.575353543578,2962.600785683726,2734.575353543578,2962.600785683726
Harvard Forest,prior_only,Prior,8,2.0,4.0,50,fast,1101.14990234375,803.6233520507812,14124.41460460716,14363.747982996258,14124.41460460716,14363.747982996258
Harvard Forest,prior_only,Prior,8,2.0,4.0,100,fast,1100.24755859375,802.7516479492188,28143.068862051987,28382.848276354467,28143.068862051987,28382.848276354467
Harvard Forest,prior_only,Prior,8,2.0,4.0,10,intermediate,5465.26611328125,5309.95361328125,647.3874917404279,843.9707887721224,647.3874917404279,843.9707887721224
Harvard Forest,prior_only,Prior,8,2.0,4.0,50,intermediate,5439.13916015625,4710.50146484375,3260.7829147991647,3993.9961215257367,3260.7829147991647,3993.9961215257367
Harvard Forest,prior_only,Prior,8,2.0,4.0,100,intermediate,5396.533203125,4337.77001953125,6487.087507173854,7527.849727775595,6487.087507173854,7527.849727775595
Harvard Forest,prior_only,Prior,8,2.0,4.0,10,slow,954.052978515625,953.273681640625,47.62243080139682,62.83042840280132,47.62243080139682,62.83042840280132
Harvard Forest,prior_only,Prior,8,2.0,4.0,50,slow,952.3525390625,931.3898315429688,240.9149497878807,315.6573508116499,240.9149497878807,315.6573508116499
Harvard Forest,prior_only,Prior,8,2.0,4.0,100,slow,948.699462890625,886.969970703125,481.1096003747115,619.1602170795642,481.1096003747115,619.1602170795642
Harvard Forest,prior_only,Prior,9,2.0,4.0,10,fast,1590.8226318359375,1197.078857421875,2807.995228503499,3131.2916577304613,2807.995228503499,3131.2916577304613
Harvard Forest,prior_only,Prior,9,2.0,4.0,50,fast,1682.254150390625,1239.929931640625,14432.733701889358,14796.187440495865,14432.733701889358,14796.187440495865
Harvard Forest,prior_only,Prior,9,2.0,4.0,100,fast,1681.310546875,1239.0152587890625,28761.292892810357,29125.042169815544,28761.292892810357,29125.042169815544
Harvard Forest,prior_only,Prior,9,2.0,4.0,10,intermediate,1268.940185546875,1167.0938720703125,557.2629317461401,709.9856726611705,557.2629317461401,709.9856726611705
Harvard Forest,prior_only,Prior,9,2.0,4.0,50,intermediate,1271.353271484375,983.0343017578125,2794.808458211386,3120.7238987604205,2794.808458211386,3120.7238987604205
Harvard Forest,prior_only,Prior,9,2.0,4.0,100,intermediate,1267.5198974609375,966.6737670898438,5558.842970865128,5895.873035574577,5558.842970865128,5895.873035574577
Harvard Forest,prior_only,Prior,9,2.0,4.0,10,slow,1227.1668701171875,1223.826904296875,71.19406602732309,93.87564291729996,71.19406602732309,93.87564291729996
Harvard Forest,prior_only,Prior,9,2.0,4.0,50,slow,1221.7789306640625,1157.543701171875,359.71583145671025,465.1842899597335,359.71583145671025,465.1842899597335
Harvard Forest,prior_only,Prior,9,2.0,4.0,100,slow,1213.9749755859375,1076.59130859375,717.229970290324,897.2970857550101,717.229970290324,897.2970857550101
Harvard Forest,prior_only,Prior,10,2.0,4.0,10,fast,540.930419921875,373.222412109375,2278.347631383241,2391.002860049285,2278.347631383241,2391.002860049285
Harvard Forest,prior_only,Prior,10,2.0,4.0,50,fast,604.05078125,438.2044982910156,11815.187011456383,11927.137368547734,11815.187011456383,11927.137368547734
Harvard Forest,prior_only,Prior,10,2.0,4.0,100,fast,603.2081909179688,437.39471435546875,23546.66635694183,23659.253588391373,23546.66635694183,23659.253588391373
Harvard Forest,prior_only,Prior,10,2.0,4.0,10,intermediate,5113.55078125,4836.7158203125,1104.309583462079,1421.3029816910148,1104.309583462079,1421.3029816910148
Harvard Forest,prior_only,Prior,10,2.0,4.0,50,intermediate,5096.384765625,4146.32177734375,5555.057217507499,6514.784549683045,5555.057217507499,6514.784549683045
Harvard Forest,prior_only,Prior,10,2.0,4.0,100,intermediate,5062.12255859375,3899.484375,11042.59811650715,12205.447932339557,11042.59811650715,12205.447932339557
Harvard Forest,prior_only,Prior,10,2.0,4.0,10,slow,1192.6396484375,1190.899658203125,51.60288348769622,68.06698445127192,51.60288348769622,68.06698445127192
Harvard Forest,prior_only,Prior,10,2.0,4.0,50,slow,1189.8829345703125,1154.5614013671875,260.9777726231261,340.7940103768577,260.9777726231261,340.7940103768577
Harvard Forest,prior_only,Prior,10,2.0,4.0,100,slow,1184.4647216796875,1093.706787109375,520.9696240405563,665.7832711138662,520.9696240405563,665.7832711138662
Harvard Forest,prior_only,Prior,11,2.0,4.0,10,fast,885.78515625,633.975830078125,2709.339779499491,2909.916495804546,2709.339779499491,2909.916495804546
Harvard Forest,prior_only,Prior,11,2.0,4.0,50,fast,952.4806518554688,693.5641479492188,14011.055552313781,14217.721093928716,14011.055552313781,14217.721093928716
Harvard Forest,prior_only,Prior,11,2.0,4.0,100,fast,951.592041015625,692.7073974609375,27917.10172133775,28124.260196614116,27917.10172133775,28124.260196614116
Harvard Forest,prior_only,Prior,11,2.0,4.0,10,intermediate,1487.532958984375,1350.5235595703125,596.8117476195509,754.4723607390358,596.8117476195509,754.4723607390358
Harvard Forest,prior_only,Prior,11,2.0,4.0,50,intermediate,1495.1497802734375,1153.2215576171875,2998.3651014643992,3329.047634961567,2998.3651014643992,3329.047634961567
Harvard Forest,prior_only,Prior,11,2.0,4.0,100,intermediate,1490.91650390625,1134.591064453125,5964.744387979103,6307.4852563158565,5964.744387979103,6307.4852563158565
Harvard Forest,prior_only,Prior,11,2.0,4.0,10,slow,1222.8524169921875,1216.3365478515625,116.18767376469506,153.07169091078907,116.18767376469506,153.07169091078907
Harvard Forest,prior_only,Prior,11,2.0,4.0,50,slow,1214.90087890625,1116.5634765625,586.339610019002,748.3342221373575,586.339610019002,748.3342221373575
Harvard Forest,prior_only,Prior,11,2.0,4.0,100,slow,1204.6060791015625,1016.3238525390625,1167.524934625952,1421.7849141195102,1167.524934625952,1421.7849141195102
Harvard Forest,stocks_only,Stocks,0,2.0,4.0,10,fast,1214.40673828125,891.860107421875,2431.2240919192172,2661.194738255438,2431.2240919192172,2661.194738255438
Harvard Forest,stocks_only,Stocks,0,2.0,4.0,50,fast,1291.7940673828125,945.7930297851562,12537.409804075785,12784.402951312622,12537.409804075785,12784.402951312622
Harvard Forest,stocks_only,Stocks,0,2.0,4.0,100,fast,1290.876708984375,944.9051513671875,24981.845820918712,25229.171884630123,24981.845820918712,25229.171884630123
Harvard Forest,stocks_only,Stocks,0,2.0,4.0,10,intermediate,4559.69384765625,4354.04638671875,906.3029767373613,1173.0212721060159,906.3029767373613,1173.0212721060159
Harvard Forest,stocks_only,Stocks,0,2.0,4.0,50,intermediate,4538.76806640625,3715.912841796875,4555.197426337476,5380.3269873043755,4555.197426337476,5380.3269873043755
Harvard Forest,stocks_only,Stocks,0,2.0,4.0,100,intermediate,4506.5078125,3481.447509765625,9054.175531475414,10060.258986857038,9054.175531475414,10060.258986857038
Harvard Forest,stocks_only,Stocks,0,2.0,4.0,10,slow,2561.646728515625,2558.85888671875,106.8251780772069,140.92850185178685,106.8251780772069,140.92850185178685
Harvard Forest,stocks_only,Stocks,0,2.0,4.0,50,slow,2556.138916015625,2486.5693359375,540.3255893153782,706.4489000731911,540.3255893153782,706.4489000731911
Harvard Forest,stocks_only,Stocks,0,2.0,4.0,100,slow,2544.9873046875,2359.857177734375,1078.7408783773076,1381.812048713365,1078.7408783773076,1381.812048713365
Harvard Forest,stocks_only,Stocks,1,2.0,4.0,10,fast,1177.0714111328125,862.1472778320312,2386.5235764057134,2606.99664652594,2386.5235764057134,2606.99664652594
Harvard Forest,stocks_only,Stocks,1,2.0,4.0,50,fast,1253.084228515625,916.8369140625,12310.951080598767,12546.647076317251,12310.951080598767,12546.647076317251
Harvard Forest,stocks_only,Stocks,1,2.0,4.0,100,fast,1252.1700439453125,915.9520874023438,24530.382753886348,24766.40949463803,24530.382753886348,24766.40949463803
Harvard Forest,stocks_only,Stocks,1,2.0,4.0,10,intermediate,4512.69580078125,4297.33447265625,960.5242950631123,1241.6571101283005,960.5242950631123,1241.6571101283005
Harvard Forest,stocks_only,Stocks,1,2.0,4.0,50,intermediate,4493.5087890625,3658.397216796875,4827.023034053697,5676.632039904219,4827.023034053697,5676.632039904219
Harvard Forest,stocks_only,Stocks,1,2.0,4.0,100,intermediate,4462.58740234375,3439.029541015625,9594.28685704636,10614.981914613618,9594.28685704636,10614.981914613618
Harvard Forest,stocks_only,Stocks,1,2.0,4.0,10,slow,2195.2978515625,2192.6396484375,97.8397238983089,129.0697614722462,97.8397238983089,129.0697614722462
Harvard Forest,stocks_only,Stocks,1,2.0,4.0,50,slow,2190.052734375,2124.6103515625,494.82665162941237,646.2831631669344,494.82665162941237,646.2831631669344
Harvard Forest,stocks_only,Stocks,1,2.0,4.0,100,slow,2179.83740234375,2009.264404296875,987.7487783937438,1261.821031625911,987.7487783937438,1261.821031625911
Harvard Forest,stocks_only,Stocks,2,2.0,4.0,10,fast,1177.0714111328125,862.1472778320312,2386.5235764057134,2606.99664652594,2386.5235764057134,2606.99664652594
Harvard Forest,stocks_only,Stocks,2,2.0,4.0,50,fast,1253.084228515625,916.8369140625,12310.951080598767,12546.647076317251,12310.951080598767,12546.647076317251
Harvard Forest,stocks_only,Stocks,2,2.0,4.0,100,fast,1252.1700439453125,915.9520874023438,24530.382753886348,24766.40949463803,24530.382753886348,24766.40949463803
Harvard Forest,stocks_only,Stocks,2,2.0,4.0,10,intermediate,4512.69580078125,4297.33447265625,960.5242950631123,1241.6571101283005,960.5242950631123,1241.6571101283005
Harvard Forest,stocks_only,Stocks,2,2.0,4.0,50,intermediate,4493.5087890625,3658.397216796875,4827.023034053697,5676.632039904219,4827.023034053697,5676.632039904219
Harvard Forest,stocks_only,Stocks,2,2.0,4.0,100,intermediate,4462.58740234375,3439.029541015625,9594.28685704636,10614.981914613618,9594.28685704636,10614.981914613618
Harvard Forest,stocks_only,Stocks,2,2.0,4.0,10,slow,2195.2978515625,2192.6396484375,97.8397238983089,129.0697614722462,97.8397238983089,129.0697614722462
Harvard Forest,stocks_only,Stocks,2,2.0,4.0,50,slow,2190.052734375,2124.6103515625,494.82665162941237,646.2831631669344,494.82665162941237,646.2831631669344
Harvard Forest,stocks_only,Stocks,2,2.0,4.0,100,slow,2179.83740234375,2009.264404296875,987.7487783937438,1261.821031625911,987.7487783937438,1261.821031625911
Harvard Forest,stocks_only,Stocks,3,2.0,4.0,10,fast,1182.3114013671875,866.3107299804688,2310.3676598655957,2524.5267116396944,2310.3676598655957,2524.5267116396944
Harvard Forest,stocks_only,Stocks,3,2.0,4.0,50,fast,1258.5142822265625,920.8970336914062,11917.552485199642,12146.644955659012,11917.552485199642,12146.644955659012
Harvard Forest,stocks_only,Stocks,3,2.0,4.0,100,fast,1257.599853515625,920.0117797851562,23746.52818297776,23975.955285122196,23746.52818297776,23975.955285122196
Harvard Forest,stocks_only,Stocks,3,2.0,4.0,10,intermediate,4658.73828125,4428.77880859375,1038.6336263491605,1341.637576178633,1038.6336263491605,1341.637576178633
Harvard Forest,stocks_only,Stocks,3,2.0,4.0,50,intermediate,4639.76220703125,3762.970458984375,5218.849825999603,6119.180416037539,5218.849825999603,6119.180416037539
Harvard Forest,stocks_only,Stocks,3,2.0,4.0,100,intermediate,4608.60302734375,3545.963134765625,10372.962275555363,11443.04810186432,10372.962275555363,11443.04810186432
Harvard Forest,stocks_only,Stocks,3,2.0,4.0,10,slow,2083.814453125,2080.962646484375,98.64586241417146,130.1267599742708,98.64586241417146,130.1267599742708
Harvard Forest,stocks_only,Stocks,3,2.0,4.0,50,slow,2078.44775390625,2011.2415771484375,498.86079882098704,650.9105793272075,498.86079882098704,650.9105793272075
Harvard Forest,stocks_only,Stocks,3,2.0,4.0,100,slow,2068.13525390625,1896.02587890625,995.6617639333624,1268.7698792144638,995.6617639333624,1268.7698792144638
Harvard Forest,stocks_only,Stocks,4,2.0,4.0,10,fast,1182.3114013671875,866.3107299804688,2310.3676598655957,2524.5267116396944,2310.3676598655957,2524.5267116396944
Harvard Forest,stocks_only,Stocks,4,2.0,4.0,50,fast,1258.5142822265625,920.8970336914062,11917.552485199642,12146.644955659012,11917.552485199642,12146.644955659012
Harvard Forest,stocks_only,Stocks,4,2.0,4.0,100,fast,1257.599853515625,920.0117797851562,23746.52818297776,23975.955285122196,23746.52818297776,23975.955285122196
Harvard Forest,stocks_only,Stocks,4,2.0,4.0,10,intermediate,4658.73828125,4428.77880859375,1038.6336263491605,1341.637576178633,1038.6336263491605,1341.637576178633
Harvard Forest,stocks_only,Stocks,4,2.0,4.0,50,intermediate,4639.76220703125,3762.970458984375,5218.849825999603,6119.180416037539,5218.849825999603,6119.180416037539
Harvard Forest,stocks_only,Stocks,4,2.0,4.0,100,intermediate,4608.60302734375,3545.963134765625,10372.962275555363,11443.04810186432,10372.962275555363,11443.04810186432
Harvard Forest,stocks_only,Stocks,4,2.0,4.0,10,slow,2083.814453125,2080.962646484375,98.64586241417146,130.1267599742708,98.64586241417146,130.1267599742708
Harvard Forest,stocks_only,Stocks,4,2.0,4.0,50,slow,2078.44775390625,2011.2415771484375,498.86079882098704,650.9105793272075,498.86079882098704,650.9105793272075
Harvard Forest,stocks_only,Stocks,4,2.0,4.0,100,slow,2068.13525390625,1896.02587890625,995.6617639333624,1268.7698792144638,995.6617639333624,1268.7698792144638
Harvard Forest,stocks_only,Stocks,5,2.0,4.0,10,fast,992.4080200195312,716.7281494140625,2312.539662955809,2499.8184521315197,2312.539662955809,2499.8184521315197
Harvard Forest,stocks_only,Stocks,5,2.0,4.0,50,fast,1062.1092529296875,774.6498413085938,11948.403232325054,12144.02448458316,11948.403232325054,12144.02448458316
Harvard Forest,stocks_only,Stocks,5,2.0,4.0,100,fast,1061.2103271484375,773.7817993164062,23807.251627734237,24003.259221826636,23807.251627734237,24003.259221826636
Harvard Forest,stocks_only,Stocks,5,2.0,4.0,10,intermediate,4015.29296875,3780.689697265625,1027.1865365971994,1320.8063948792228,1027.1865365971994,1320.8063948792228
Harvard Forest,stocks_only,Stocks,5,2.0,4.0,50,intermediate,4005.07861328125,3202.066162109375,5160.608828122476,5974.633719304946,5160.608828122476,5974.633719304946
Harvard Forest,stocks_only,Stocks,5,2.0,4.0,100,intermediate,3981.30224609375,3048.18701171875,10257.785931944674,11190.145796269175,10257.785931944674,11190.145796269175
Harvard Forest,stocks_only,Stocks,5,2.0,4.0,10,slow,2190.978271484375,2187.37353515625,102.79351673294144,135.58321791516505,102.79351673294144,135.58321791516505
Harvard Forest,stocks_only,Stocks,5,2.0,4.0,50,slow,2184.665771484375,2108.0546875,519.7493825877035,677.2876437517091,519.7493825877035,677.2876437517091
Harvard Forest,stocks_only,Stocks,5,2.0,4.0,100,slow,2173.490234375,1985.053466796875,1037.190265636329,1318.540579162592,1037.190265636329,1318.540579162592
Harvard Forest,stocks_only,Stocks,6,2.0,4.0,10,fast,1086.85595703125,790.77685546875,2187.6011592361974,2377.733508958955,2187.6011592361974,2377.733508958955
Harvard Forest,stocks_only,Stocks,6,2.0,4.0,50,fast,1159.6572265625,847.1356811523438,11293.712156592004,11494.698537815686,11293.712156592004,11494.698537815686
Harvard Forest,stocks_only,Stocks,6,2.0,4.0,100,fast,1158.75,846.2586059570312,22503.04573112056,22704.3754946981,22503.04573112056,22704.3754946981
Harvard Forest,stocks_only,Stocks,6,2.0,4.0,10,intermediate,4407.60986328125,4152.2431640625,1156.399341543892,1487.5929113887792,1156.399341543892,1487.5929113887792
Harvard Forest,stocks_only,Stocks,6,2.0,4.0,50,intermediate,4395.6669921875,3511.3125,5808.695009531095,6722.109259669897,5808.695009531095,6722.109259669897
Harvard Forest,stocks_only,Stocks,6,2.0,4.0,100,intermediate,4369.77294921875,3345.0556640625,11545.838004992402,12587.94290378578,11545.838004992402,12587.94290378578
Harvard Forest,stocks_only,Stocks,6,2.0,4.0,10,slow,2157.644287109375,2154.000244140625,105.14952521649649,138.6894570127888,105.14952521649649,138.6894570127888
Harvard Forest,stocks_only,Stocks,6,2.0,4.0,50,slow,2151.16357421875,2072.897705078125,531.6357821518338,692.4412703878072,531.6357821518338,692.4412703878072
Harvard Forest,stocks_only,Stocks,6,2.0,4.0,100,slow,2139.87255859375,1948.218505859375,1060.8334202439887,1346.751335287844,1060.8334202439887,1346.751335287844
Harvard Forest,stocks_only,Stocks,7,2.0,4.0,10,fast,1086.85595703125,790.77685546875,2187.6011592361974,2377.733508958955,2187.6011592361974,2377.733508958955
Harvard Forest,stocks_only,Stocks,7,2.0,4.0,50,fast,1159.6572265625,847.1356811523438,11293.712156592004,11494.698537815686,11293.712156592004,11494.698537815686
Harvard Forest,stocks_only,Stocks,7,2.0,4.0,100,fast,1158.75,846.2586059570312,22503.04573112056,22704.3754946981,22503.04573112056,22704.3754946981
Harvard Forest,stocks_only,Stocks,7,2.0,4.0,10,intermediate,4407.60986328125,4152.2431640625,1156.399341543892,1487.5929113887792,1156.399341543892,1487.5929113887792
Harvard Forest,stocks_only,Stocks,7,2.0,4.0,50,intermediate,4395.6669921875,3511.3125,5808.695009531095,6722.109259669897,5808.695009531095,6722.109259669897
Harvard Forest,stocks_only,Stocks,7,2.0,4.0,100,intermediate,4369.77294921875,3345.0556640625,11545.838004992402,12587.94290378578,11545.838004992402,12587.94290378578
Harvard Forest,stocks_only,Stocks,7,2.0,4.0,10,slow,2157.644287109375,2154.000244140625,105.14952521649649,138.6894570127888,105.14952521649649,138.6894570127888
Harvard Forest,stocks_only,Stocks,7,2.0,4.0,50,slow,2151.16357421875,2072.897705078125,531.6357821518338,692.4412703878072,531.6357821518338,692.4412703878072
Harvard Forest,stocks_only,Stocks,7,2.0,4.0,100,slow,2139.87255859375,1948.218505859375,1060.8334202439887,1346.751335287844,1060.8334202439887,1346.751335287844
Harvard Forest,stocks_only,Stocks,8,2.0,4.0,10,fast,1101.3349609375,802.1893920898438,2091.7292692109177,2275.3924592818025,2091.7292692109177,2275.3924592818025
Harvard Forest,stocks_only,Stocks,8,2.0,4.0,50,fast,1174.6378173828125,858.2925415039062,10797.40327562052,10991.90413731281,10797.40327562052,10991.90413731281
Harvard Forest,stocks_only,Stocks,8,2.0,4.0,100,fast,1173.7294921875,857.4141845703125,21514.195411735585,21709.012960718712,21514.195411735585,21709.012960718712
Harvard Forest,stocks_only,Stocks,8,2.0,4.0,10,intermediate,5178.9091796875,4900.8056640625,1255.472421347225,1618.2790411651454,1255.472421347225,1618.2790411651454
Harvard Forest,stocks_only,Stocks,8,2.0,4.0,50,intermediate,5161.40087890625,4154.7001953125,6307.622041900255,7348.46176033798,6307.622041900255,7348.46176033798
Harvard Forest,stocks_only,Stocks,8,2.0,4.0,100,intermediate,5128.72802734375,3935.33251953125,12537.159158904464,13750.149509715973,12537.159158904464,13750.149509715973
Harvard Forest,stocks_only,Stocks,8,2.0,4.0,10,slow,2043.4613037109375,2040.06787109375,106.464060724,140.42648148786685,106.464060724,140.42648148786685
Harvard Forest,stocks_only,Stocks,8,2.0,4.0,50,slow,2037.3087158203125,1962.2203369140625,538.2867353259861,701.0573801723508,538.2867353259861,701.0573801723508
Harvard Forest,stocks_only,Stocks,8,2.0,4.0,100,slow,2026.3887939453125,1840.099609375,1074.0848233627903,1362.5421789217266,1074.0848233627903,1362.5421789217266
Harvard Forest,stocks_only,Stocks,9,2.0,4.0,10,fast,1125.782958984375,821.4962768554688,2066.7638682563984,2251.319332483109,2066.7638682563984,2251.319332483109
Harvard Forest,stocks_only,Stocks,9,2.0,4.0,50,fast,1199.944091796875,877.1600341796875,10666.253047563505,10862.301085510097,10666.253047563505,10862.301085510097
Harvard Forest,stocks_only,Stocks,9,2.0,4.0,100,fast,1199.0340576171875,876.2794799804688,21252.97059131926,21449.332232054403,21252.97059131926,21449.332232054403
Harvard Forest,stocks_only,Stocks,9,2.0,4.0,10,intermediate,4778.77490234375,4501.12548828125,1276.7997608201595,1642.4778639338338,1276.7997608201595,1642.4778639338338
Harvard Forest,stocks_only,Stocks,9,2.0,4.0,50,intermediate,4765.76904296875,3803.172119140625,6412.880499383322,7415.7857396538,6412.880499383322,7415.7857396538
Harvard Forest,stocks_only,Stocks,9,2.0,4.0,100,intermediate,4737.931640625,3626.03271484375,12746.73146249045,13887.088636160368,12746.73146249045,13887.088636160368
Harvard Forest,stocks_only,Stocks,9,2.0,4.0,10,slow,2079.85009765625,2075.99853515625,110.78496290540967,146.1156190190351,110.78496290540967,146.1156190190351
Harvard Forest,stocks_only,Stocks,9,2.0,4.0,50,slow,2073.058837890625,1991.0042724609375,560.0641660895038,728.5552621186139,560.0641660895038,728.5552621186139
Harvard Forest,stocks_only,Stocks,9,2.0,4.0,100,slow,2061.475341796875,1863.23388671875,1117.3664744104524,1413.8749405362569,1117.3664744104524,1413.8749405362569
Harvard Forest,stocks_only,Stocks,10,2.0,4.0,10,fast,1171.1356201171875,857.4318237304688,2032.2467957170666,2219.2700891580535,2032.2467957170666,2219.2700891580535
Harvard Forest,stocks_only,Stocks,10,2.0,4.0,50,fast,1246.9293212890625,912.2384643554688,10483.947398703005,10683.740345872917,10483.947398703005,10683.740345872917
Harvard Forest,stocks_only,Stocks,10,2.0,4.0,100,fast,1246.015625,911.3541259765625,20889.928095872805,21090.01286743018,20889.928095872805,21090.01286743018
Harvard Forest,stocks_only,Stocks,10,2.0,4.0,10,intermediate,4791.3359375,4510.47412109375,1320.7277019550838,1698.72558606295,1320.7277019550838,1698.72558606295
Harvard Forest,stocks_only,Stocks,10,2.0,4.0,50,intermediate,4778.443359375,3806.824951171875,6632.690965885047,7659.460163354837,6632.690965885047,7659.460163354837
Harvard Forest,stocks_only,Stocks,10,2.0,4.0,100,intermediate,4751.0341796875,3634.567138671875,13183.694784713178,14344.832708232272,13183.694784713178,14344.832708232272
Harvard Forest,stocks_only,Stocks,10,2.0,4.0,10,slow,2102.291259765625,2098.730224609375,103.32005963164018,136.2769847926063,103.32005963164018,136.2769847926063
Harvard Forest,stocks_only,Stocks,10,2.0,4.0,50,slow,2095.8134765625,2017.857666015625,522.368976300772,680.16327640244,522.368976300772,680.16327640244
Harvard Forest,stocks_only,Stocks,10,2.0,4.0,100,slow,2084.62353515625,1895.1146240234375,1042.2924456439337,1322.2168230767315,1042.2924456439337,1322.2168230767315
Harvard Forest,stocks_only,Stocks,11,2.0,4.0,10,fast,1121.74755859375,818.3072509765625,2035.1328759605362,2216.3655767225832,2035.1328759605362,2216.3655767225832
Harvard Forest,stocks_only,Stocks,11,2.0,4.0,50,fast,1195.7679443359375,874.0440063476562,10503.39239401419,10695.812170163765,10503.39239401419,10695.812170163765
Harvard Forest,stocks_only,Stocks,11,2.0,4.0,100,fast,1194.8580322265625,873.1638793945312,20928.450460497206,21121.175849695937,20928.450460497206,21121.175849695937
Harvard Forest,stocks_only,Stocks,11,2.0,4.0,10,intermediate,4579.63330078125,4298.1572265625,1306.4173978355893,1677.9109934111812,1306.4173978355893,1677.9109934111812
Harvard Forest,stocks_only,Stocks,11,2.0,4.0,50,intermediate,4569.91796875,3626.942626953125,6560.678410899829,7547.933867623646,6560.678410899829,7547.933867623646
Harvard Forest,stocks_only,Stocks,11,2.0,4.0,100,intermediate,4544.87109375,3473.563232421875,13041.12947699369,14146.533567789964,13041.12947699369,14146.533567789964
Harvard Forest,stocks_only,Stocks,11,2.0,4.0,10,slow,2451.137939453125,2446.9970703125,113.3282942181341,149.47793584788297,113.3282942181341,149.47793584788297
Harvard Forest,stocks_only,Stocks,11,2.0,4.0,50,slow,2443.928466796875,2355.54833984375,572.9957528356323,746.331236545022,572.9957528356323,746.331236545022
Harvard Forest,stocks_only,Stocks,11,2.0,4.0,100,slow,2431.52197265625,2217.7548828125,1143.4420878708597,1452.3128624400529,1143.4420878708597,1452.3128624400529
Harvard Forest,soil14c_only,Soil 14C,0,2.0,4.0,10,fast,1259.160400390625,927.6161499023438,2059.5048588949626,2259.682302033858,2059.5048588949626,2259.682302033858
Harvard Forest,soil14c_only,Soil 14C,0,2.0,4.0,50,fast,1338.2191162109375,980.5748291015625,10616.320251205338,10832.496372630058,10616.320251205338,10832.496372630058
Harvard Forest,soil14c_only,Soil 14C,0,2.0,4.0,100,fast,1337.2991943359375,979.683349609375,21154.152379943618,21370.60068043771,21154.152379943618,21370.60068043771
Harvard Forest,soil14c_only,Soil 14C,0,2.0,4.0,10,intermediate,4664.27783203125,4394.70458984375,1122.839326962055,1444.9842666059033,1122.839326962055,1444.9842666059033
Harvard Forest,soil14c_only,Soil 14C,0,2.0,4.0,50,intermediate,4650.5009765625,3704.33642578125,5638.100926734829,6512.33779073223,5638.100926734829,6512.33779073223
Harvard Forest,soil14c_only,Soil 14C,0,2.0,4.0,100,intermediate,4623.7607421875,3537.29638671875,11206.544842461779,12193.571762508942,11206.544842461779,12193.571762508942
Harvard Forest,soil14c_only,Soil 14C,0,2.0,4.0,10,slow,5020.904296875,5011.4248046875,275.8991130143088,363.8853935975617,275.8991130143088,363.8853935975617
Harvard Forest,soil14c_only,Soil 14C,0,2.0,4.0,50,slow,5003.9599609375,4798.4599609375,1394.7488897703083,1813.3371713491083,1394.7488897703083,1813.3371713491083
Harvard Forest,soil14c_only,Soil 14C,0,2.0,4.0,100,slow,4974.99462890625,4482.55029296875,2782.3853656109195,3515.585869082662,2782.3853656109195,3515.585869082662
Harvard Forest,soil14c_only,Soil 14C,1,2.0,4.0,10,fast,1259.160400390625,927.6161499023438,2059.5048588949626,2259.682302033858,2059.5048588949626,2259.682302033858
Harvard Forest,soil14c_only,Soil 14C,1,2.0,4.0,50,fast,1338.2191162109375,980.5748291015625,10616.320251205338,10832.496372630058,10616.320251205338,10832.496372630058
Harvard Forest,soil14c_only,Soil 14C,1,2.0,4.0,100,fast,1337.2991943359375,979.683349609375,21154.152379943618,21370.60068043771,21154.152379943618,21370.60068043771
Harvard Forest,soil14c_only,Soil 14C,1,2.0,4.0,10,intermediate,4664.27783203125,4394.70458984375,1122.839326962055,1444.9842666059033,1122.839326962055,1444.9842666059033
Harvard Forest,soil14c_only,Soil 14C,1,2.0,4.0,50,intermediate,4650.5009765625,3704.33642578125,5638.100926734829,6512.33779073223,5638.100926734829,6512.33779073223
Harvard Forest,soil14c_only,Soil 14C,1,2.0,4.0,100,intermediate,4623.7607421875,3537.29638671875,11206.544842461779,12193.571762508942,11206.544842461779,12193.571762508942
Harvard Forest,soil14c_only,Soil 14C,1,2.0,4.0,10,slow,5020.904296875,5011.4248046875,275.8991130143088,363.8853935975617,275.8991130143088,363.8853935975617
Harvard Forest,soil14c_only,Soil 14C,1,2.0,4.0,50,slow,5003.9599609375,4798.4599609375,1394.7488897703083,1813.3371713491083,1394.7488897703083,1813.3371713491083
Harvard Forest,soil14c_only,Soil 14C,1,2.0,4.0,100,slow,4974.99462890625,4482.55029296875,2782.3853656109195,3515.585869082662,2782.3853656109195,3515.585869082662
Harvard Forest,soil14c_only,Soil 14C,2,2.0,4.0,10,fast,1263.992919921875,931.4849853515625,1964.181556923116,2155.6408559119936,1964.181556923116,2155.6408559119936
Harvard Forest,soil14c_only,Soil 14C,2,2.0,4.0,50,fast,1343.22998046875,984.3355712890625,10124.513282399044,10331.397679738766,10124.513282399044,10331.397679738766
Harvard Forest,soil14c_only,Soil 14C,2,2.0,4.0,100,fast,1342.3099365234375,983.4437255859375,20174.197050800678,20381.341105223542,20174.197050800678,20381.341105223542
Harvard Forest,soil14c_only,Soil 14C,2,2.0,4.0,10,intermediate,4671.73583984375,4386.5595703125,1199.788061133505,1541.6951716005292,1199.788061133505,1541.6951716005292
Harvard Forest,soil14c_only,Soil 14C,2,2.0,4.0,50,intermediate,4660.646484375,3692.61669921875,6023.478649388891,6922.319067809831,6023.478649388891,6922.319067809831
Harvard Forest,soil14c_only,Soil 14C,2,2.0,4.0,100,intermediate,4635.58203125,3542.076171875,11973.155987142643,12972.696942841381,11973.155987142643,12972.696942841381
Harvard Forest,soil14c_only,Soil 14C,2,2.0,4.0,10,slow,4947.41748046875,4936.623046875,297.3925529753684,392.199128587749,297.3925529753684,392.199128587749
Harvard Forest,soil14c_only,Soil 14C,2,2.0,4.0,50,slow,4928.52880859375,4702.51513671875,1503.0733849312885,1950.2981342424573,1503.0733849312885,1950.2981342424573
Harvard Forest,soil14c_only,Soil 14C,2,2.0,4.0,100,slow,4897.93212890625,4371.52490234375,2997.731264895144,3770.0707910119877,2997.731264895144,3770.0707910119877
Harvard Forest,soil14c_only,Soil 14C,3,2.0,4.0,10,fast,1238.8619384765625,911.3800659179688,1985.5217077140142,2176.1719871924065,1985.5217077140142,2176.1719871924065
Harvard Forest,soil14c_only,Soil 14C,3,2.0,4.0,50,fast,1317.158447265625,964.7910766601562,10236.789516742563,10442.169025379964,10236.789516742563,10442.169025379964
Harvard Forest,soil14c_only,Soil 14C,3,2.0,4.0,100,fast,1316.2396240234375,963.9013061523438,20397.78401186845,20603.443688296335,20397.78401186845,20603.443688296335
Harvard Forest,soil14c_only,Soil 14C,3,2.0,4.0,10,intermediate,4685.64697265625,4402.23046875,1179.7187656498818,1516.2312171874917,1179.7187656498818,1516.2312171874917
Harvard Forest,soil14c_only,Soil 14C,3,2.0,4.0,50,intermediate,4674.19384765625,3708.115478515625,5923.18213464184,6814.858486187453,5923.18213464184,6814.858486187453
Harvard Forest,soil14c_only,Soil 14C,3,2.0,4.0,100,intermediate,4648.63916015625,3552.938720703125,11773.674911164728,12769.199932094063,11773.674911164728,12769.199932094063
Harvard Forest,soil14c_only,Soil 14C,3,2.0,4.0,10,slow,4975.00537109375,4964.392578125,294.9969845144067,389.04527064674994,294.9969845144067,389.04527064674994
Harvard Forest,soil14c_only,Soil 14C,3,2.0,4.0,50,slow,4956.3681640625,4733.40185546875,1491.0128491355238,1935.3465399444158,1491.0128491355238,1935.3465399444158
Harvard Forest,soil14c_only,Soil 14C,3,2.0,4.0,100,slow,4925.98193359375,4403.84130859375,2973.8090576846953,3743.1067177966825,2973.8090576846953,3743.1067177966825
Harvard Forest,soil14c_only,Soil 14C,4,2.0,4.0,10,fast,1264.1103515625,931.5789794921875,2064.6484503571733,2265.914610629054,2064.6484503571733,2265.914610629054
Harvard Forest,soil14c_only,Soil 14C,4,2.0,4.0,50,fast,1343.352294921875,984.4270629882812,10642.366972667067,10859.851253272751,10642.366972667067,10859.851253272751
Harvard Forest,soil14c_only,Soil 14C,4,2.0,4.0,100,fast,1342.43212890625,983.5353393554688,21206.078537846886,21423.83419750927,21206.078537846886,21423.83419750927
Harvard Forest,soil14c_only,Soil 14C,4,2.0,4.0,10,intermediate,4677.97021484375,4409.41552734375,1106.3096007500985,1423.9792432691538,1106.3096007500985,1423.9792432691538
Harvard Forest,soil14c_only,Soil 14C,4,2.0,4.0,50,intermediate,4663.78125,3717.086669921875,5555.169815746306,6420.116105417482,5555.169815746306,6420.116105417482
Harvard Forest,soil14c_only,Soil 14C,4,2.0,4.0,100,intermediate,4636.79248046875,3547.77099609375,11041.620719460636,12019.691598637874,11041.620719460636,12019.691598637874
Harvard Forest,soil14c_only,Soil 14C,4,2.0,4.0,10,slow,4954.7265625,4944.9873046875,287.327417393616,378.9497645825975,287.327417393616,378.9497645825975
Harvard Forest,soil14c_only,Soil 14C,4,2.0,4.0,50,slow,4937.23681640625,4725.59130859375,1452.4217060034243,1887.0209910286076,1452.4217060034243,1887.0209910286076
Harvard Forest,soil14c_only,Soil 14C,4,2.0,4.0,100,slow,4907.6328125,4403.236328125,2897.1368024585922,3653.7625600411498,2897.1368024585922,3653.7625600411498
Harvard Forest,soil14c_only,Soil 14C,5,2.0,4.0,10,fast,1251.3785400390625,921.3875732421875,2083.325069628677,2284.879523773709,2083.325069628677,2284.879523773709
Harvard Forest,soil14c_only,Soil 14C,5,2.0,4.0,50,fast,1330.144287109375,974.5214233398438,10739.842219272574,10957.297691525651,10739.842219272574,10957.297691525651
Harvard Forest,soil14c_only,Soil 14C,5,2.0,4.0,100,fast,1329.224853515625,973.6304321289062,21400.236804814114,21617.974587454766,21400.236804814114,21617.974587454766
Harvard Forest,soil14c_only,Soil 14C,5,2.0,4.0,10,intermediate,4705.36083984375,4438.9794921875,1104.8086252394278,1422.539882134949,1104.8086252394278,1422.539882134949
Harvard Forest,soil14c_only,Soil 14C,5,2.0,4.0,50,intermediate,4690.56640625,3744.48681640625,5547.999444284811,6420.930351011602,5547.999444284811,6420.930351011602
Harvard Forest,soil14c_only,Soil 14C,5,2.0,4.0,100,intermediate,4662.96875,3569.2587890625,11027.312062758234,12019.06421405338,11027.312062758234,12019.06421405338
Harvard Forest,soil14c_only,Soil 14C,5,2.0,4.0,10,slow,4944.62841796875,4935.52587890625,269.2408907163083,355.1088674782253,269.2408907163083,355.1088674782253
Harvard Forest,soil14c_only,Soil 14C,5,2.0,4.0,50,slow,4928.3154296875,4730.16259765625,1361.1224999496358,1770.2888390962685,1361.1224999496358,1770.2888390962685
Harvard Forest,soil14c_only,Soil 14C,5,2.0,4.0,100,slow,4900.333984375,4421.71826171875,2715.470787016656,3433.764069094144,2715.470787016656,3433.764069094144
Harvard Forest,soil14c_only,Soil 14C,6,2.0,4.0,10,fast,1251.3785400390625,921.3875732421875,2083.325069628677,2284.879523773709,2083.325069628677,2284.879523773709
Harvard Forest,soil14c_only,Soil 14C,6,2.0,4.0,50,fast,1330.144287109375,974.5214233398438,10739.842219272574,10957.297691525651,10739.842219272574,10957.297691525651
Harvard Forest,soil14c_only,Soil 14C,6,2.0,4.0,100,fast,1329.224853515625,973.6304321289062,21400.236804814114,21617.974587454766,21400.236804814114,21617.974587454766
Harvard Forest,soil14c_only,Soil 14C,6,2.0,4.0,10,intermediate,4705.36083984375,4438.9794921875,1104.8086252394278,1422.539882134949,1104.8086252394278,1422.539882134949
Harvard Forest,soil14c_only,Soil 14C,6,2.0,4.0,50,intermediate,4690.56640625,3744.48681640625,5547.999444284811,6420.930351011602,5547.999444284811,6420.930351011602
Harvard Forest,soil14c_only,Soil 14C,6,2.0,4.0,100,intermediate,4662.96875,3569.2587890625,11027.312062758234,12019.06421405338,11027.312062758234,12019.06421405338
Harvard Forest,soil14c_only,Soil 14C,6,2.0,4.0,10,slow,4944.62841796875,4935.52587890625,269.2408907163083,355.1088674782253,269.2408907163083,355.1088674782253
Harvard Forest,soil14c_only,Soil 14C,6,2.0,4.0,50,slow,4928.3154296875,4730.16259765625,1361.1224999496358,1770.2888390962685,1361.1224999496358,1770.2888390962685
Harvard Forest,soil14c_only,Soil 14C,6,2.0,4.0,100,slow,4900.333984375,4421.71826171875,2715.470787016656,3433.764069094144,2715.470787016656,3433.764069094144
Harvard Forest,soil14c_only,Soil 14C,7,2.0,4.0,10,fast,1261.129638671875,929.19189453125,2032.8412224743738,2230.6537968537104,2032.8412224743738,2230.6537968537104
Harvard Forest,soil14c_only,Soil 14C,7,2.0,4.0,50,fast,1340.2603759765625,982.1070556640625,10478.680833768525,10692.356118350028,10478.680833768525,10692.356118350028
Harvard Forest,soil14c_only,Soil 14C,7,2.0,4.0,100,fast,1339.3402099609375,981.2153930664062,20879.906087436386,21093.845350376767,20879.906087436386,21093.845350376767
Harvard Forest,soil14c_only,Soil 14C,7,2.0,4.0,10,intermediate,4616.1982421875,4342.7314453125,1154.7307022215628,1485.0355100424194,1154.7307022215628,1485.0355100424194
Harvard Forest,soil14c_only,Soil 14C,7,2.0,4.0,50,intermediate,4603.7119140625,3658.123779296875,5797.784919572387,6681.560124860278,5797.784919572387,6681.560124860278
Harvard Forest,soil14c_only,Soil 14C,7,2.0,4.0,100,intermediate,4578.0205078125,3500.264404296875,11524.192382889136,12515.099506638986,11524.192382889136,12515.099506638986
Harvard Forest,soil14c_only,Soil 14C,7,2.0,4.0,10,slow,4923.06787109375,4913.51171875,271.4107149785114,357.95980530111365,271.4107149785114,357.95980530111365
Harvard Forest,soil14c_only,Soil 14C,7,2.0,4.0,50,slow,4906.16357421875,4700.96728515625,1372.018875490669,1783.1809094233545,1372.018875490669,1783.1809094233545
Harvard Forest,soil14c_only,Soil 14C,7,2.0,4.0,100,slow,4877.5380859375,4389.72998046875,2736.945659010936,3455.856894401237,2736.945659010936,3455.856894401237
Harvard Forest,soil14c_only,Soil 14C,8,2.0,4.0,10,fast,1277.550537109375,942.3502807617188,2045.1625147973264,2246.107378847703,2045.1625147973264,2246.107378847703
Harvard Forest,soil14c_only,Soil 14C,8,2.0,4.0,50,fast,1357.2991943359375,994.8900756835938,10540.675192356055,10758.170854282227,10540.675192356055,10758.170854282227
Harvard Forest,soil14c_only,Soil 14C,8,2.0,4.0,100,fast,1356.377685546875,993.9970703125,21003.52407044128,21221.29068203934,21003.52407044128,21221.29068203934
Harvard Forest,soil14c_only,Soil 14C,8,2.0,4.0,10,intermediate,4567.5068359375,4297.55126953125,1113.9251203185347,1432.6882145048662,1113.9251203185347,1432.6882145048662
Harvard Forest,soil14c_only,Soil 14C,8,2.0,4.0,50,intermediate,4554.9189453125,3619.164794921875,5592.759309561972,6445.384481335311,5592.759309561972,6445.384481335311
Harvard Forest,soil14c_only,Soil 14C,8,2.0,4.0,100,intermediate,4529.48193359375,3463.172119140625,11116.59869876504,12072.243976608699,11116.59869876504,12072.243976608699
Harvard Forest,soil14c_only,Soil 14C,8,2.0,4.0,10,slow,4877.96240234375,4867.4794921875,299.97151295984713,395.6038087890431,299.97151295984713,395.6038087890431
Harvard Forest,soil14c_only,Soil 14C,8,2.0,4.0,50,slow,4859.28955078125,4636.16064453125,1516.108682071586,1967.298543999593,1516.108682071586,1967.298543999593
Harvard Forest,soil14c_only,Soil 14C,8,2.0,4.0,100,slow,4828.82177734375,4306.12158203125,3023.678978613034,3801.9901277698405,3023.678978613034,3801.9901277698405
Harvard Forest,soil14c_only,Soil 14C,9,2.0,4.0,10,fast,1269.614501953125,935.9893188476562,2041.6884463823503,2241.3646235563715,2041.6884463823503,2241.3646235563715
Harvard Forest,soil14c_only,Soil 14C,9,2.0,4.0,50,fast,1349.0653076171875,988.7110595703125,10523.514106881688,10739.420645029899,10523.514106881688,10739.420645029899
Harvard Forest,soil14c_only,Soil 14C,9,2.0,4.0,100,fast,1348.14453125,987.8186645507812,20969.278198584034,21185.46024710974,20969.278198584034,21185.46024710974
Harvard Forest,soil14c_only,Soil 14C,9,2.0,4.0,10,intermediate,4547.107421875,4276.3037109375,1118.0779800517926,1437.7080616846122,1118.0779800517926,1437.7080616846122
Harvard Forest,soil14c_only,Soil 14C,9,2.0,4.0,50,intermediate,4535.03173828125,3601.1689453125,5613.589404032287,6465.4629033612455,5613.589404032287,6465.4629033612455
Harvard Forest,soil14c_only,Soil 14C,9,2.0,4.0,100,intermediate,4509.9052734375,3447.699462890625,11158.118127078926,12111.365219590185,11158.118127078926,12111.365219590185
Harvard Forest,soil14c_only,Soil 14C,9,2.0,4.0,10,slow,4859.03466796875,4848.474609375,299.2000452470686,394.5835315458671,299.2000452470686,394.5835315458671
Harvard Forest,soil14c_only,Soil 14C,9,2.0,4.0,50,slow,4840.3349609375,4616.93212890625,1512.1930412600314,1961.992819817854,1512.1930412600314,1961.992819817854
Harvard Forest,soil14c_only,Soil 14C,9,2.0,4.0,100,slow,4809.92626953125,4287.744140625,3015.836863405794,3791.321350295325,3015.836863405794,3791.321350295325
Harvard Forest,soil14c_only,Soil 14C,10,2.0,4.0,10,fast,1266.1490478515625,933.2105712890625,1886.1188738750811,2070.2003881384508,1886.1188738750811,2070.2003881384508
Harvard Forest,soil14c_only,Soil 14C,10,2.0,4.0,50,fast,1345.467529296875,986.013427734375,9721.94529117988,9920.914168808767,9721.94529117988,9920.914168808767
Harvard Forest,soil14c_only,Soil 14C,10,2.0,4.0,100,fast,1344.5472412109375,985.1213989257812,19372.04768612702,19571.27477629407,19372.04768612702,19571.27477629407
Harvard Forest,soil14c_only,Soil 14C,10,2.0,4.0,10,intermediate,4528.3447265625,4232.298828125,1301.175162477941,1668.5844688625377,1301.175162477941,1668.5844688625377
Harvard Forest,soil14c_only,Soil 14C,10,2.0,4.0,50,intermediate,4521.5712890625,3560.109375,6531.384471590054,7458.2326620310105,6531.384471590054,7458.2326620310105
Harvard Forest,soil14c_only,Soil 14C,10,2.0,4.0,100,intermediate,4499.43603515625,3434.205322265625,12983.949013546602,13996.537722284858,12983.949013546602,13996.537722284858
Harvard Forest,soil14c_only,Soil 14C,10,2.0,4.0,10,slow,4842.1435546875,4831.36083984375,275.9547273326374,363.9217957862454,275.9547273326374,363.9217957862454
Harvard Forest,soil14c_only,Soil 14C,10,2.0,4.0,50,slow,4823.8056640625,4603.8251953125,1394.7237351009858,1809.645969920292,1394.7237351009858,1809.645969920292
Harvard Forest,soil14c_only,Soil 14C,10,2.0,4.0,100,slow,4794.4326171875,4288.884765625,2781.7408539647186,3500.4357740314695,2781.7408539647186,3500.4357740314695
Harvard Forest,soil14c_only,Soil 14C,11,2.0,4.0,10,fast,1266.1490478515625,933.2105712890625,1886.1188738750811,2070.2003881384508,1886.1188738750811,2070.2003881384508
Harvard Forest,soil14c_only,Soil 14C,11,2.0,4.0,50,fast,1345.467529296875,986.013427734375,9721.94529117988,9920.914168808767,9721.94529117988,9920.914168808767
Harvard Forest,soil14c_only,Soil 14C,11,2.0,4.0,100,fast,1344.5472412109375,985.1213989257812,19372.04768612702,19571.27477629407,19372.04768612702,19571.27477629407
Harvard Forest,soil14c_only,Soil 14C,11,2.0,4.0,10,intermediate,4528.3447265625,4232.298828125,1301.175162477941,1668.5844688625377,1301.175162477941,1668.5844688625377
Harvard Forest,soil14c_only,Soil 14C,11,2.0,4.0,50,intermediate,4521.5712890625,3560.109375,6531.384471590054,7458.2326620310105,6531.384471590054,7458.2326620310105
Harvard Forest,soil14c_only,Soil 14C,11,2.0,4.0,100,intermediate,4499.43603515625,3434.205322265625,12983.949013546602,13996.537722284858,12983.949013546602,13996.537722284858
Harvard Forest,soil14c_only,Soil 14C,11,2.0,4.0,10,slow,4842.1435546875,4831.36083984375,275.9547273326374,363.9217957862454,275.9547273326374,363.9217957862454
Harvard Forest,soil14c_only,Soil 14C,11,2.0,4.0,50,slow,4823.8056640625,4603.8251953125,1394.7237351009858,1809.645969920292,1394.7237351009858,1809.645969920292
Harvard Forest,soil14c_only,Soil 14C,11,2.0,4.0,100,slow,4794.4326171875,4288.884765625,2781.7408539647186,3500.4357740314695,2781.7408539647186,3500.4357740314695
Harvard Forest,resp14c_only,Respired 14C,0,2.0,4.0,10,fast,1040.1201171875,754.04931640625,2263.2603740091477,2453.388461855121,2263.2603740091477,2453.388461855121
Harvard Forest,resp14c_only,Respired 14C,0,2.0,4.0,50,fast,1111.3468017578125,811.1979370117188,11689.026221316146,11888.82830728513,11689.026221316146,11888.82830728513
Harvard Forest,resp14c_only,Respired 14C,0,2.0,4.0,100,fast,1110.4434814453125,810.3252563476562,23290.56347615822,23490.721640539476,23290.56347615822,23490.721640539476
Harvard Forest,resp14c_only,Respired 14C,0,2.0,4.0,10,intermediate,4649.6455078125,4403.416015625,1090.5000682737727,1405.954968767098,1090.5000682737727,1405.954968767098
Harvard Forest,resp14c_only,Respired 14C,0,2.0,4.0,50,intermediate,4633.79150390625,3740.067138671875,5479.745837582062,6396.781933017919,5479.745837582062,6396.781933017919
Harvard Forest,resp14c_only,Respired 14C,0,2.0,4.0,100,intermediate,4603.8798828125,3535.870849609375,10891.7972189106,11969.549176314462,10891.7972189106,11969.549176314462
Harvard Forest,resp14c_only,Respired 14C,0,2.0,4.0,10,slow,1734.5369873046875,1731.625732421875,92.270030433946,121.70386807138462,92.270030433946,121.70386807138462
Harvard Forest,resp14c_only,Respired 14C,0,2.0,4.0,50,slow,1729.3677978515625,1665.34375,466.52685947174393,607.5628216872631,466.52685947174393,607.5628216872631
Harvard Forest,resp14c_only,Respired 14C,0,2.0,4.0,100,slow,1719.9654541015625,1560.7879638671875,930.8857335743381,1180.6265606631525,930.8857335743381,1180.6265606631525
Harvard Forest,resp14c_only,Respired 14C,1,2.0,4.0,10,fast,1040.1201171875,754.04931640625,2263.2603740091477,2453.388461855121,2263.2603740091477,2453.388461855121
Harvard Forest,resp14c_only,Respired 14C,1,2.0,4.0,50,fast,1111.3468017578125,811.1979370117188,11689.026221316146,11888.82830728513,11689.026221316146,11888.82830728513
Harvard Forest,resp14c_only,Respired 14C,1,2.0,4.0,100,fast,1110.4434814453125,810.3252563476562,23290.56347615822,23490.721640539476,23290.56347615822,23490.721640539476
Harvard Forest,resp14c_only,Respired 14C,1,2.0,4.0,10,intermediate,4649.6455078125,4403.416015625,1090.5000682737727,1405.954968767098,1090.5000682737727,1405.954968767098
Harvard Forest,resp14c_only,Respired 14C,1,2.0,4.0,50,intermediate,4633.79150390625,3740.067138671875,5479.745837582062,6396.781933017919,5479.745837582062,6396.781933017919
Harvard Forest,resp14c_only,Respired 14C,1,2.0,4.0,100,intermediate,4603.8798828125,3535.870849609375,10891.7972189106,11969.549176314462,10891.7972189106,11969.549176314462
Harvard Forest,resp14c_only,Respired 14C,1,2.0,4.0,10,slow,1734.5369873046875,1731.625732421875,92.270030433946,121.70386807138462,92.270030433946,121.70386807138462
Harvard Forest,resp14c_only,Respired 14C,1,2.0,4.0,50,slow,1729.3677978515625,1665.34375,466.52685947174393,607.5628216872631,466.52685947174393,607.5628216872631
Harvard Forest,resp14c_only,Respired 14C,1,2.0,4.0,100,slow,1719.9654541015625,1560.7879638671875,930.8857335743381,1180.6265606631525,930.8857335743381,1180.6265606631525
Harvard Forest,resp14c_only,Respired 14C,2,2.0,4.0,10,fast,1042.8028564453125,756.153076171875,2288.7021308216704,2481.3528954050053,2288.7021308216704,2481.3528954050053
Harvard Forest,resp14c_only,Respired 14C,2,2.0,4.0,50,fast,1114.1181640625,813.2562866210938,11820.158948726174,12022.676867013324,11820.158948726174,12022.676867013324
Harvard Forest,resp14c_only,Respired 14C,2,2.0,4.0,100,fast,1113.2147216796875,812.3833618164062,23551.846997937366,23754.726327845514,23551.846997937366,23754.726327845514
Harvard Forest,resp14c_only,Respired 14C,2,2.0,4.0,10,intermediate,4637.3466796875,4396.060546875,1090.4810895991532,1406.5395124197546,1090.4810895991532,1406.5395124197546
Harvard Forest,resp14c_only,Respired 14C,2,2.0,4.0,50,intermediate,4620.9287109375,3736.697998046875,5479.932478652947,6406.8370065333975,5479.932478652947,6406.8370065333975
Harvard Forest,resp14c_only,Respired 14C,2,2.0,4.0,100,intermediate,4590.68115234375,3528.16796875,10892.160577011762,11987.182191834814,10892.160577011762,11987.182191834814
Harvard Forest,resp14c_only,Respired 14C,2,2.0,4.0,10,slow,1475.7178955078125,1473.6793212890625,65.89993719745897,86.92909857631625,65.89993719745897,86.92909857631625
Harvard Forest,resp14c_only,Respired 14C,2,2.0,4.0,50,slow,1471.9488525390625,1425.9111328125,333.2565092501851,434.97918513030197,333.2565092501851,434.97918513030197
Harvard Forest,resp14c_only,Respired 14C,2,2.0,4.0,100,slow,1465.049072265625,1347.32177734375,665.1908644119671,848.6666701872346,665.1908644119671,848.6666701872346
Harvard Forest,resp14c_only,Respired 14C,3,2.0,4.0,10,fast,1042.8028564453125,756.153076171875,2288.7021308216704,2481.3528954050053,2288.7021308216704,2481.3528954050053
Harvard Forest,resp14c_only,Respired 14C,3,2.0,4.0,50,fast,1114.1181640625,813.2562866210938,11820.158948726174,12022.676867013324,11820.158948726174,12022.676867013324
Harvard Forest,resp14c_only,Respired 14C,3,2.0,4.0,100,fast,1113.2147216796875,812.3833618164062,23551.846997937366,23754.726327845514,23551.846997937366,23754.726327845514
Harvard Forest,resp14c_only,Respired 14C,3,2.0,4.0,10,intermediate,4637.3466796875,4396.060546875,1090.4810895991532,1406.5395124197546,1090.4810895991532,1406.5395124197546
Harvard Forest,resp14c_only,Respired 14C,3,2.0,4.0,50,intermediate,4620.9287109375,3736.697998046875,5479.932478652947,6406.8370065333975,5479.932478652947,6406.8370065333975
Harvard Forest,resp14c_only,Respired 14C,3,2.0,4.0,100,intermediate,4590.68115234375,3528.16796875,10892.160577011762,11987.182191834814,10892.160577011762,11987.182191834814
Harvard Forest,resp14c_only,Respired 14C,3,2.0,4.0,10,slow,1475.7178955078125,1473.6793212890625,65.89993719745897,86.92909857631625,65.89993719745897,86.92909857631625
Harvard Forest,resp14c_only,Respired 14C,3,2.0,4.0,50,slow,1471.9488525390625,1425.9111328125,333.2565092501851,434.97918513030197,333.2565092501851,434.97918513030197
Harvard Forest,resp14c_only,Respired 14C,3,2.0,4.0,100,slow,1465.049072265625,1347.32177734375,665.1908644119671,848.6666701872346,665.1908644119671,848.6666701872346
Harvard Forest,resp14c_only,Respired 14C,4,2.0,4.0,10,fast,1042.8028564453125,756.153076171875,2288.7021308216704,2481.3528954050053,2288.7021308216704,2481.3528954050053
Harvard Forest,resp14c_only,Respired 14C,4,2.0,4.0,50,fast,1114.1181640625,813.2562866210938,11820.158948726174,12022.676867013324,11820.158948726174,12022.676867013324
Harvard Forest,resp14c_only,Respired 14C,4,2.0,4.0,100,fast,1113.2147216796875,812.3833618164062,23551.846997937366,23754.726327845514,23551.846997937366,23754.726327845514
Harvard Forest,resp14c_only,Respired 14C,4,2.0,4.0,10,intermediate,4637.3466796875,4396.060546875,1090.4810895991532,1406.5395124197546,1090.4810895991532,1406.5395124197546
Harvard Forest,resp14c_only,Respired 14C,4,2.0,4.0,50,intermediate,4620.9287109375,3736.697998046875,5479.932478652947,6406.8370065333975,5479.932478652947,6406.8370065333975
Harvard Forest,resp14c_only,Respired 14C,4,2.0,4.0,100,intermediate,4590.68115234375,3528.16796875,10892.160577011762,11987.182191834814,10892.160577011762,11987.182191834814
Harvard Forest,resp14c_only,Respired 14C,4,2.0,4.0,10,slow,1475.7178955078125,1473.6793212890625,65.89993719745897,86.92909857631625,65.89993719745897,86.92909857631625
Harvard Forest,resp14c_only,Respired 14C,4,2.0,4.0,50,slow,1471.9488525390625,1425.9111328125,333.2565092501851,434.97918513030197,333.2565092501851,434.97918513030197
Harvard Forest,resp14c_only,Respired 14C,4,2.0,4.0,100,slow,1465.049072265625,1347.32177734375,665.1908644119671,848.6666701872346,665.1908644119671,848.6666701872346
Harvard Forest,resp14c_only,Respired 14C,5,2.0,4.0,10,fast,1042.8028564453125,756.153076171875,2288.7021308216704,2481.3528954050053,2288.7021308216704,2481.3528954050053
Harvard Forest,resp14c_only,Respired 14C,5,2.0,4.0,50,fast,1114.1181640625,813.2562866210938,11820.158948726174,12022.676867013324,11820.158948726174,12022.676867013324
Harvard Forest,resp14c_only,Respired 14C,5,2.0,4.0,100,fast,1113.2147216796875,812.3833618164062,23551.846997937366,23754.726327845514,23551.846997937366,23754.726327845514
Harvard Forest,resp14c_only,Respired 14C,5,2.0,4.0,10,intermediate,4637.3466796875,4396.060546875,1090.4810895991532,1406.5395124197546,1090.4810895991532,1406.5395124197546
Harvard Forest,resp14c_only,Respired 14C,5,2.0,4.0,50,intermediate,4620.9287109375,3736.697998046875,5479.932478652947,6406.8370065333975,5479.932478652947,6406.8370065333975
Harvard Forest,resp14c_only,Respired 14C,5,2.0,4.0,100,intermediate,4590.68115234375,3528.16796875,10892.160577011762,11987.182191834814,10892.160577011762,11987.182191834814
Harvard Forest,resp14c_only,Respired 14C,5,2.0,4.0,10,slow,1475.7178955078125,1473.6793212890625,65.89993719745897,86.92909857631625,65.89993719745897,86.92909857631625
Harvard Forest,resp14c_only,Respired 14C,5,2.0,4.0,50,slow,1471.9488525390625,1425.9111328125,333.2565092501851,434.97918513030197,333.2565092501851,434.97918513030197
Harvard Forest,resp14c_only,Respired 14C,5,2.0,4.0,100,slow,1465.049072265625,1347.32177734375,665.1908644119671,848.6666701872346,665.1908644119671,848.6666701872346
Harvard Forest,resp14c_only,Respired 14C,6,2.0,4.0,10,fast,1049.1639404296875,761.1439208984375,2308.732979090928,2503.989967892627,2308.732979090928,2503.989967892627
Harvard Forest,resp14c_only,Respired 14C,6,2.0,4.0,50,fast,1120.687255859375,818.1416625976562,11922.951909891623,12128.378336250416,11922.951909891623,12128.378336250416
Harvard Forest,resp14c_only,Respired 14C,6,2.0,4.0,100,fast,1119.783203125,817.2681274414062,23756.682100839753,23962.478535441864,23756.682100839753,23962.478535441864
Harvard Forest,resp14c_only,Respired 14C,6,2.0,4.0,10,intermediate,4680.40625,4442.95166015625,1060.7478996602613,1369.0294114200447,1060.7478996602613,1369.0294114200447
Harvard Forest,resp14c_only,Respired 14C,6,2.0,4.0,50,intermediate,4663.0361328125,3780.703369140625,5330.894661678708,6245.928225953537,5330.894661678708,6245.928225953537
Harvard Forest,resp14c_only,Respired 14C,6,2.0,4.0,100,intermediate,4631.91552734375,3563.525634765625,10595.948885672307,11684.787744453051,10595.948885672307,11684.787744453051
Harvard Forest,resp14c_only,Respired 14C,6,2.0,4.0,10,slow,1514.8436279296875,1512.538818359375,75.2012764667787,99.19434887272985,75.2012764667787,99.19434887272985
Harvard Forest,resp14c_only,Respired 14C,6,2.0,4.0,50,slow,1510.6607666015625,1459.5130615234375,380.2655078459436,495.84561449221127,380.2655078459436,495.84561449221127
Harvard Forest,resp14c_only,Respired 14C,6,2.0,4.0,100,slow,1503.02001953125,1373.076171875,758.8933916776598,965.5163998938278,758.8933916776598,965.5163998938278
Harvard Forest,resp14c_only,Respired 14C,7,2.0,4.0,10,fast,1041.0916748046875,754.8113403320312,2233.834662743612,2421.627306091093,2233.834662743612,2421.627306091093
Harvard Forest,resp14c_only,Respired 14C,7,2.0,4.0,50,fast,1112.351806640625,811.9439697265625,11536.956860236038,11734.32823636292,11536.956860236038,11734.32823636292
Harvard Forest,resp14c_only,Respired 14C,7,2.0,4.0,100,fast,1111.4486083984375,811.0711669921875,22987.56281474712,23185.28467982958,22987.56281474712,23185.28467982958
Harvard Forest,resp14c_only,Respired 14C,7,2.0,4.0,10,intermediate,4850.81396484375,4597.68603515625,1127.357767228702,1453.9984133033363,1127.357767228702,1453.9984133033363
Harvard Forest,resp14c_only,Respired 14C,7,2.0,4.0,50,intermediate,4833.77294921875,3907.648681640625,5665.209037961849,6621.839876028383,5665.209037961849,6621.839876028383
Harvard Forest,resp14c_only,Respired 14C,7,2.0,4.0,100,intermediate,4802.19482421875,3690.311279296875,11260.449236431796,12389.656561906588,11260.449236431796,12389.656561906588
Harvard Forest,resp14c_only,Respired 14C,7,2.0,4.0,10,slow,1373.2801513671875,1370.5889892578125,86.05103152358168,113.49086600160071,86.05103152358168,113.49086600160071
Harvard Forest,resp14c_only,Respired 14C,7,2.0,4.0,50,slow,1368.501220703125,1310.7132568359375,434.9871439198285,565.337287871346,434.9871439198285,565.337287871346
Harvard Forest,resp14c_only,Respired 14C,7,2.0,4.0,100,slow,1360.3060302734375,1219.0860595703125,867.6865295035419,1094.4593124276753,867.6865295035419,1094.4593124276753
Harvard Forest,resp14c_only,Respired 14C,8,2.0,4.0,10,fast,1041.0916748046875,754.8113403320312,2233.834662743612,2421.627306091093,2233.834662743612,2421.627306091093
Harvard Forest,resp14c_only,Respired 14C,8,2.0,4.0,50,fast,1112.351806640625,811.9439697265625,11536.956860236038,11734.32823636292,11536.956860236038,11734.32823636292
Harvard Forest,resp14c_only,Respired 14C,8,2.0,4.0,100,fast,1111.4486083984375,811.0711669921875,22987.56281474712,23185.28467982958,22987.56281474712,23185.28467982958
Harvard Forest,resp14c_only,Respired 14C,8,2.0,4.0,10,intermediate,4850.81396484375,4597.68603515625,1127.357767228702,1453.9984133033363,1127.357767228702,1453.9984133033363
Harvard Forest,resp14c_only,Respired 14C,8,2.0,4.0,50,intermediate,4833.77294921875,3907.648681640625,5665.209037961849,6621.839876028383,5665.209037961849,6621.839876028383
Harvard Forest,resp14c_only,Respired 14C,8,2.0,4.0,100,intermediate,4802.19482421875,3690.311279296875,11260.449236431796,12389.656561906588,11260.449236431796,12389.656561906588
Harvard Forest,resp14c_only,Respired 14C,8,2.0,4.0,10,slow,1373.2801513671875,1370.5889892578125,86.05103152358168,113.49086600160071,86.05103152358168,113.49086600160071
Harvard Forest,resp14c_only,Respired 14C,8,2.0,4.0,50,slow,1368.501220703125,1310.7132568359375,434.9871439198285,565.337287871346,434.9871439198285,565.337287871346
Harvard Forest,resp14c_only,Respired 14C,8,2.0,4.0,100,slow,1360.3060302734375,1219.0860595703125,867.6865295035419,1094.4593124276753,867.6865295035419,1094.4593124276753
Harvard Forest,resp14c_only,Respired 14C,9,2.0,4.0,10,fast,1049.7437744140625,761.5989990234375,2353.9211638943907,2553.0852144481228,2353.9211638943907,2553.0852144481228
Harvard Forest,resp14c_only,Respired 14C,9,2.0,4.0,50,fast,1121.287109375,818.5878295898438,12156.256805299985,12365.812483448744,12156.256805299985,12365.812483448744
Harvard Forest,resp14c_only,Respired 14C,9,2.0,4.0,100,fast,1120.383056640625,817.7141723632812,24221.54336889,24431.484536086245,24221.54336889,24431.484536086245
Harvard Forest,resp14c_only,Respired 14C,9,2.0,4.0,10,intermediate,4887.98779296875,4657.86962890625,999.2914009036642,1291.885141327963,999.2914009036642,1291.885141327963
Harvard Forest,resp14c_only,Respired 14C,9,2.0,4.0,50,intermediate,4867.8330078125,3979.833740234375,5023.365711199071,5923.656116352732,5023.365711199071,5923.656116352732
Harvard Forest,resp14c_only,Respired 14C,9,2.0,4.0,100,intermediate,4833.6796875,3732.100830078125,9985.017708961099,11081.254240026505,9985.017708961099,11081.254240026505
Harvard Forest,resp14c_only,Respired 14C,9,2.0,4.0,10,slow,1434.4085693359375,1431.9010009765625,90.30967574394305,119.11499092628685,90.30967574394305,119.11499092628685
Harvard Forest,resp14c_only,Respired 14C,9,2.0,4.0,50,slow,1429.7547607421875,1373.18017578125,456.56861889801223,594.0837880976344,456.56861889801223,594.0837880976344
Harvard Forest,resp14c_only,Respired 14C,9,2.0,4.0,100,slow,1421.4417724609375,1279.109619140625,910.8518213955023,1151.6475117889272,910.8518213955023,1151.6475117889272
Harvard Forest,resp14c_only,Respired 14C,10,2.0,4.0,10,fast,1049.7437744140625,761.5989990234375,2353.9211638943907,2553.0852144481228,2353.9211638943907,2553.0852144481228
Harvard Forest,resp14c_only,Respired 14C,10,2.0,4.0,50,fast,1121.287109375,818.5878295898438,12156.256805299985,12365.812483448744,12156.256805299985,12365.812483448744
Harvard Forest,resp14c_only,Respired 14C,10,2.0,4.0,100,fast,1120.383056640625,817.7141723632812,24221.54336889,24431.484536086245,24221.54336889,24431.484536086245
Harvard Forest,resp14c_only,Respired 14C,10,2.0,4.0,10,intermediate,4887.98779296875,4657.86962890625,999.2914009036642,1291.885141327963,999.2914009036642,1291.885141327963
Harvard Forest,resp14c_only,Respired 14C,10,2.0,4.0,50,intermediate,4867.8330078125,3979.833740234375,5023.365711199071,5923.656116352732,5023.365711199071,5923.656116352732
Harvard Forest,resp14c_only,Respired 14C,10,2.0,4.0,100,intermediate,4833.6796875,3732.100830078125,9985.017708961099,11081.254240026505,9985.017708961099,11081.254240026505
Harvard Forest,resp14c_only,Respired 14C,10,2.0,4.0,10,slow,1434.4085693359375,1431.9010009765625,90.30967574394305,119.11499092628685,90.30967574394305,119.11499092628685
Harvard Forest,resp14c_only,Respired 14C,10,2.0,4.0,50,slow,1429.7547607421875,1373.18017578125,456.56861889801223,594.0837880976344,456.56861889801223,594.0837880976344
Harvard Forest,resp14c_only,Respired 14C,10,2.0,4.0,100,slow,1421.4417724609375,1279.109619140625,910.8518213955023,1151.6475117889272,910.8518213955023,1151.6475117889272
Harvard Forest,resp14c_only,Respired 14C,11,2.0,4.0,10,fast,1054.253173828125,765.1387329101562,2417.1735089743293,2622.370796328444,2417.1735089743293,2622.370796328444
Harvard Forest,resp14c_only,Respired 14C,11,2.0,4.0,50,fast,1125.947998046875,822.0516357421875,12482.422335250976,12698.444203518982,12482.422335250976,12698.444203518982
Harvard Forest,resp14c_only,Respired 14C,11,2.0,4.0,100,fast,1125.043701171875,821.1776123046875,24871.45995559704,25087.862743437603,24871.45995559704,25087.862743437603
Harvard Forest,resp14c_only,Respired 14C,11,2.0,4.0,10,intermediate,4975.24609375,4757.18115234375,927.9708945834477,1201.4706027521916,927.9708945834477,1201.4706027521916
Harvard Forest,resp14c_only,Respired 14C,11,2.0,4.0,50,intermediate,4953.21728515625,4082.3798828125,4666.034590390416,5534.997969627697,4666.034590390416,5534.997969627697
Harvard Forest,resp14c_only,Respired 14C,11,2.0,4.0,100,intermediate,4917.15478515625,3811.68994140625,9275.28640007556,10356.845065660182,9275.28640007556,10356.845065660182
Harvard Forest,resp14c_only,Respired 14C,11,2.0,4.0,10,slow,1429.896484375,1427.4063720703125,96.43992091938924,127.20079093269283,96.43992091938924,127.20079093269283
Harvard Forest,resp14c_only,Respired 14C,11,2.0,4.0,50,slow,1425.2137451171875,1368.2491455078125,487.55760904998823,634.3556187179458,487.55760904998823,634.3556187179458
Harvard Forest,resp14c_only,Respired 14C,11,2.0,4.0,100,slow,1416.73388671875,1272.124267578125,972.6370612253834,1228.9903395755975,972.6370612253834,1228.9903395755975
Harvard Forest,stocks_soil14c,Stocks + Soil 14C,0,2.0,4.0,10,fast,1254.4852294921875,923.8736572265625,2537.2468541652534,2783.1735309692135,2537.2468541652534,2783.1735309692135
Harvard Forest,stocks_soil14c,Stocks + Soil 14C,0,2.0,4.0,50,fast,1333.3668212890625,976.9395141601562,13079.518293335954,13344.949529169766,13079.518293335954,13344.949529169766
Harvard Forest,stocks_soil14c,Stocks + Soil 14C,0,2.0,4.0,100,fast,1332.44677734375,976.0484008789062,26062.306865158538,26328.076041180313,26062.306865158538,26328.076041180313
Harvard Forest,stocks_soil14c,Stocks + Soil 14C,0,2.0,4.0,10,intermediate,4316.90966796875,4133.9384765625,765.8727216818677,992.5285550892099,765.8727216818677,992.5285550892099
Harvard Forest,stocks_soil14c,Stocks + Soil 14C,0,2.0,4.0,50,intermediate,4295.771484375,3538.81396484375,3850.034441946449,4568.693665880748,3850.034441946449,4568.693665880748
Harvard Forest,stocks_soil14c,Stocks + Soil 14C,0,2.0,4.0,100,intermediate,4264.27685546875,3304.2529296875,7652.821558554125,8543.561986668616,7652.821558554125,8543.561986668616
Harvard Forest,stocks_soil14c,Stocks + Soil 14C,0,2.0,4.0,10,slow,4990.39208984375,4986.75048828125,138.5563149927401,182.80735799713932,138.5563149927401,182.80735799713932
Harvard Forest,stocks_soil14c,Stocks + Soil 14C,0,2.0,4.0,50,slow,4983.07568359375,4893.67919921875,701.0389313229086,919.7429047014797,701.0389313229086,919.7429047014797
Harvard Forest,stocks_soil14c,Stocks + Soil 14C,0,2.0,4.0,100,slow,4968.08935546875,4717.23974609375,1400.4067333381179,1811.8038885621788,1400.4067333381179,1811.8038885621788
Harvard Forest,stocks_soil14c,Stocks + Soil 14C,1,2.0,4.0,10,fast,1249.4342041015625,919.83203125,2572.8198105398797,2821.441194731293,2572.8198105398797,2821.441194731293
Harvard Forest,stocks_soil14c,Stocks + Soil 14C,1,2.0,4.0,50,fast,1328.125244140625,973.010986328125,13263.488375552613,13531.65879121771,13263.488375552613,13531.65879121771
Harvard Forest,stocks_soil14c,Stocks + Soil 14C,1,2.0,4.0,100,fast,1327.205810546875,972.120361328125,26428.84309130389,26697.370464393716,26428.84309130389,26697.370464393716
Harvard Forest,stocks_soil14c,Stocks + Soil 14C,1,2.0,4.0,10,intermediate,4298.35986328125,4121.8994140625,722.542666948171,936.9251611965185,722.542666948171,936.9251611965185
Harvard Forest,stocks_soil14c,Stocks + Soil 14C,1,2.0,4.0,50,intermediate,4276.9599609375,3536.6328125,3632.7301708827645,4322.289816686585,3632.7301708827645,4322.289816686585
Harvard Forest,stocks_soil14c,Stocks + Soil 14C,1,2.0,4.0,100,intermediate,4245.1396484375,3296.02978515625,7221.147624909428,8084.705356308072,7221.147624909428,8084.705356308072
Harvard Forest,stocks_soil14c,Stocks + Soil 14C,1,2.0,4.0,10,slow,4966.2421875,4962.568359375,145.0146508552509,191.32772512945732,145.0146508552509,191.32772512945732
Harvard Forest,stocks_soil14c,Stocks + Soil 14C,1,2.0,4.0,50,slow,4958.7109375,4867.478515625,733.7045642790679,962.4552947640726,733.7045642790679,962.4552947640726
Harvard Forest,stocks_soil14c,Stocks + Soil 14C,1,2.0,4.0,100,slow,4943.48291015625,4686.19482421875,1465.6123481460245,1895.059785239145,1465.6123481460245,1895.059785239145
Harvard Forest,stocks_soil14c,Stocks + Soil 14C,2,2.0,4.0,10,fast,1249.4342041015625,919.83203125,2572.8198105398797,2821.441194731293,2572.8198105398797,2821.441194731293
Harvard Forest,stocks_soil14c,Stocks + Soil 14C,2,2.0,4.0,50,fast,1328.125244140625,973.010986328125,13263.488375552613,13531.65879121771,13263.488375552613,13531.65879121771
Harvard Forest,stocks_soil14c,Stocks + Soil 14C,2,2.0,4.0,100,fast,1327.205810546875,972.120361328125,26428.84309130389,26697.370464393716,26428.84309130389,26697.370464393716
Harvard Forest,stocks_soil14c,Stocks + Soil 14C,2,2.0,4.0,10,intermediate,4298.35986328125,4121.8994140625,722.542666948171,936.9251611965185,722.542666948171,936.9251611965185
Harvard Forest,stocks_soil14c,Stocks + Soil 14C,2,2.0,4.0,50,intermediate,4276.9599609375,3536.6328125,3632.7301708827645,4322.289816686585,3632.7301708827645,4322.289816686585
Harvard Forest,stocks_soil14c,Stocks + Soil 14C,2,2.0,4.0,100,intermediate,4245.1396484375,3296.02978515625,7221.147624909428,8084.705356308072,7221.147624909428,8084.705356308072
Harvard Forest,stocks_soil14c,Stocks + Soil 14C,2,2.0,4.0,10,slow,4966.2421875,4962.568359375,145.0146508552509,191.32772512945732,145.0146508552509,191.32772512945732
Harvard Forest,stocks_soil14c,Stocks + Soil 14C,2,2.0,4.0,50,slow,4958.7109375,4867.478515625,733.7045642790679,962.4552947640726,733.7045642790679,962.4552947640726
Harvard Forest,stocks_soil14c,Stocks + Soil 14C,2,2.0,4.0,100,slow,4943.48291015625,4686.19482421875,1465.6123481460245,1895.059785239145,1465.6123481460245,1895.059785239145
Harvard Forest,stocks_soil14c,Stocks + Soil 14C,3,2.0,4.0,10,fast,1258.133544921875,926.7923583984375,2534.567190352258,2780.7648262380094,2534.567190352258,2780.7648262380094
Harvard Forest,stocks_soil14c,Stocks + Soil 14C,3,2.0,4.0,50,fast,1337.1517333984375,979.7750854492188,13065.284751980944,13331.11891803336,13065.284751980944,13331.11891803336
Harvard Forest,stocks_soil14c,Stocks + Soil 14C,3,2.0,4.0,100,fast,1336.232177734375,978.8837890625,26033.967245403837,26300.13215636993,26033.967245403837,26300.13215636993
Harvard Forest,stocks_soil14c,Stocks + Soil 14C,3,2.0,4.0,10,intermediate,4344.7451171875,4161.2724609375,744.2313806533014,964.5544024027873,744.2313806533014,964.5544024027873
Harvard Forest,stocks_soil14c,Stocks + Soil 14C,3,2.0,4.0,50,intermediate,4323.3935546875,3562.804931640625,3741.2856025325764,4440.8048761723985,3741.2856025325764,4440.8048761723985
Harvard Forest,stocks_soil14c,Stocks + Soil 14C,3,2.0,4.0,100,intermediate,4291.642578125,3326.044189453125,7436.674666654049,8304.47465988594,7436.674666654049,8304.47465988594
Harvard Forest,stocks_soil14c,Stocks + Soil 14C,3,2.0,4.0,10,slow,5046.3828125,5042.07666015625,163.1974360162042,215.310195690008,163.1974360162042,215.310195690008
Harvard Forest,stocks_soil14c,Stocks + Soil 14C,3,2.0,4.0,50,slow,5037.779296875,4933.619140625,825.6435730449055,1082.1229774452943,825.6435730449055,1082.1229774452943
Harvard Forest,stocks_soil14c,Stocks + Soil 14C,3,2.0,4.0,100,slow,5020.912109375,4731.6923828125,1649.0461953194554,2126.9818300265774,1649.0461953194554,2126.9818300265774
Harvard Forest,stocks_soil14c,Stocks + Soil 14C,4,2.0,4.0,10,fast,1273.755126953125,939.3076171875,2524.904238318405,2772.435694889368,2524.904238318405,2772.435694889368
Harvard Forest,stocks_soil14c,Stocks + Soil 14C,4,2.0,4.0,50,fast,1353.36181640625,991.934326171875,13013.67343466506,13281.463286666301,13013.67343466506,13281.463286666301
Harvard Forest,stocks_soil14c,Stocks + Soil 14C,4,2.0,4.0,100,fast,1352.4410400390625,991.041748046875,25931.242278934515,26199.35323143535,25931.242278934515,26199.35323143535
Harvard Forest,stocks_soil14c,Stocks + Soil 14C,4,2.0,4.0,10,intermediate,4361.5078125,4176.798828125,769.3354798627795,997.0556701521976,769.3354798627795,997.0556701521976
Harvard Forest,stocks_soil14c,Stocks + Soil 14C,4,2.0,4.0,50,intermediate,4339.9775390625,3574.093017578125,3867.3247908410067,4588.488039445536,3867.3247908410067,4588.488039445536
Harvard Forest,stocks_soil14c,Stocks + Soil 14C,4,2.0,4.0,100,intermediate,4308.19384765625,3337.658447265625,7687.151309385759,8579.975210801029,7687.151309385759,8579.975210801029
Harvard Forest,stocks_soil14c,Stocks + Soil 14C,4,2.0,4.0,10,slow,5089.267578125,5085.41748046875,148.37878377375768,195.76549635260577,148.37878377375768,195.76549635260577
Harvard Forest,stocks_soil14c,Stocks + Soil 14C,4,2.0,4.0,50,slow,5081.330078125,4985.7685546875,750.7166960925808,984.6075254570512,750.7166960925808,984.6075254570512
Harvard Forest,stocks_soil14c,Stocks + Soil 14C,4,2.0,4.0,100,slow,5065.60546875,4798.1533203125,1499.5604967144614,1938.1871898353515,1499.5604967144614,1938.1871898353515
Harvard Forest,stocks_soil14c,Stocks + Soil 14C,5,2.0,4.0,10,fast,1279.6248779296875,944.013916015625,2506.2653469278494,2752.810082980708,2506.2653469278494,2752.810082980708
Harvard Forest,stocks_soil14c,Stocks + Soil 14C,5,2.0,4.0,50,fast,1359.4520263671875,996.5048828125,12916.93621338356,13183.851822534481,12916.93621338356,13183.851822534481
Harvard Forest,stocks_soil14c,Stocks + Soil 14C,5,2.0,4.0,100,fast,1358.530029296875,995.6119995117188,25738.513558589366,26005.756884065413,25738.513558589366,26005.756884065413
Harvard Forest,stocks_soil14c,Stocks + Soil 14C,5,2.0,4.0,10,intermediate,4390.029296875,4201.9482421875,756.2477021515116,979.8838891901908,756.2477021515116,979.8838891901908
Harvard Forest,stocks_soil14c,Stocks + Soil 14C,5,2.0,4.0,50,intermediate,4368.455078125,3592.41845703125,3801.3168158966605,4505.62539988067,3801.3168158966605,4505.62539988067
Harvard Forest,stocks_soil14c,Stocks + Soil 14C,5,2.0,4.0,100,intermediate,4336.66650390625,3357.274169921875,7555.839975993476,8424.340527008535,7555.839975993476,8424.340527008535
Harvard Forest,stocks_soil14c,Stocks + Soil 14C,5,2.0,4.0,10,slow,5069.49072265625,5064.83447265625,181.04939419683504,238.85818325368547,181.04939419683504,238.85818325368547
Harvard Forest,stocks_soil14c,Stocks + Soil 14C,5,2.0,4.0,50,slow,5059.83447265625,4944.13330078125,915.8650183431765,1199.420455896524,915.8650183431765,1199.420455896524
Harvard Forest,stocks_soil14c,Stocks + Soil 14C,5,2.0,4.0,100,slow,5041.36474609375,4723.5478515625,1828.984860076724,2353.4378672866596,1828.984860076724,2353.4378672866596
Harvard Forest,stocks_soil14c,Stocks + Soil 14C,6,2.0,4.0,10,fast,1279.6248779296875,944.013916015625,2506.2653469278494,2752.810082980708,2506.2653469278494,2752.810082980708
Harvard Forest,stocks_soil14c,Stocks + Soil 14C,6,2.0,4.0,50,fast,1359.4520263671875,996.5048828125,12916.93621338356,13183.851822534481,12916.93621338356,13183.851822534481
Harvard Forest,stocks_soil14c,Stocks + Soil 14C,6,2.0,4.0,100,fast,1358.530029296875,995.6119995117188,25738.513558589366,26005.756884065413,25738.513558589366,26005.756884065413
Harvard Forest,stocks_soil14c,Stocks + Soil 14C,6,2.0,4.0,10,intermediate,4390.029296875,4201.9482421875,756.2477021515116,979.8838891901908,756.2477021515116,979.8838891901908
Harvard Forest,stocks_soil14c,Stocks + Soil 14C,6,2.0,4.0,50,intermediate,4368.455078125,3592.41845703125,3801.3168158966605,4505.62539988067,3801.3168158966605,4505.62539988067
Harvard Forest,stocks_soil14c,Stocks + Soil 14C,6,2.0,4.0,100,intermediate,4336.66650390625,3357.274169921875,7555.839975993476,8424.340527008535,7555.839975993476,8424.340527008535
Harvard Forest,stocks_soil14c,Stocks + Soil 14C,6,2.0,4.0,10,slow,5069.49072265625,5064.83447265625,181.04939419683504,238.85818325368547,181.04939419683504,238.85818325368547
Harvard Forest,stocks_soil14c,Stocks + Soil 14C,6,2.0,4.0,50,slow,5059.83447265625,4944.13330078125,915.8650183431765,1199.420455896524,915.8650183431765,1199.420455896524
Harvard Forest,stocks_soil14c,Stocks + Soil 14C,6,2.0,4.0,100,slow,5041.36474609375,4723.5478515625,1828.984860076724,2353.4378672866596,1828.984860076724,2353.4378672866596
Harvard Forest,stocks_soil14c,Stocks + Soil 14C,7,2.0,4.0,10,fast,1293.8758544921875,955.4517211914062,2437.470635909387,2679.233473902247,2437.470635909387,2679.233473902247
Harvard Forest,stocks_soil14c,Stocks + Soil 14C,7,2.0,4.0,50,fast,1374.239501953125,1007.6054077148438,12560.795308390338,12822.997264056747,12560.795308390338,12822.997264056747
Harvard Forest,stocks_soil14c,Stocks + Soil 14C,7,2.0,4.0,100,fast,1373.3173828125,1006.7113037109375,25028.960155949888,25291.488238530248,25028.960155949888,25291.488238530248
Harvard Forest,stocks_soil14c,Stocks + Soil 14C,7,2.0,4.0,10,intermediate,4356.9833984375,4157.16552734375,832.0110989568759,1076.6164652900495,832.0110989568759,1076.6164652900495
Harvard Forest,stocks_soil14c,Stocks + Soil 14C,7,2.0,4.0,50,intermediate,4336.6357421875,3537.897216796875,4180.904292064341,4926.635298055526,4180.904292064341,4926.635298055526
Harvard Forest,stocks_soil14c,Stocks + Soil 14C,7,2.0,4.0,100,intermediate,4306.2646484375,3321.310791015625,8309.869448884525,9209.359294191832,8309.869448884525,9209.359294191832
Harvard Forest,stocks_soil14c,Stocks + Soil 14C,7,2.0,4.0,10,slow,5086.1357421875,5081.31396484375,176.61953197132473,233.01240012221632,176.61953197132473,233.01240012221632
Harvard Forest,stocks_soil14c,Stocks + Soil 14C,7,2.0,4.0,50,slow,5076.30322265625,4957.3935546875,893.4396558912961,1169.7702055339353,893.4396558912961,1169.7702055339353
Harvard Forest,stocks_soil14c,Stocks + Soil 14C,7,2.0,4.0,100,slow,5057.6826171875,4736.59228515625,1784.1724360546493,2294.821302186396,1784.1724360546493,2294.821302186396
Harvard Forest,stocks_soil14c,Stocks + Soil 14C,8,2.0,4.0,10,fast,1293.8758544921875,955.4517211914062,2437.470635909387,2679.233473902247,2437.470635909387,2679.233473902247
Harvard Forest,stocks_soil14c,Stocks + Soil 14C,8,2.0,4.0,50,fast,1374.239501953125,1007.6054077148438,12560.795308390338,12822.997264056747,12560.795308390338,12822.997264056747
Harvard Forest,stocks_soil14c,Stocks + Soil 14C,8,2.0,4.0,100,fast,1373.3173828125,1006.7113037109375,25028.960155949888,25291.488238530248,25028.960155949888,25291.488238530248
Harvard Forest,stocks_soil14c,Stocks + Soil 14C,8,2.0,4.0,10,intermediate,4356.9833984375,4157.16552734375,832.0110989568759,1076.6164652900495,832.0110989568759,1076.6164652900495
Harvard Forest,stocks_soil14c,Stocks + Soil 14C,8,2.0,4.0,50,intermediate,4336.6357421875,3537.897216796875,4180.904292064341,4926.635298055526,4180.904292064341,4926.635298055526
Harvard Forest,stocks_soil14c,Stocks + Soil 14C,8,2.0,4.0,100,intermediate,4306.2646484375,3321.310791015625,8309.869448884525,9209.359294191832,8309.869448884525,9209.359294191832
Harvard Forest,stocks_soil14c,Stocks + Soil 14C,8,2.0,4.0,10,slow,5086.1357421875,5081.31396484375,176.61953197132473,233.01240012221632,176.61953197132473,233.01240012221632
Harvard Forest,stocks_soil14c,Stocks + Soil 14C,8,2.0,4.0,50,slow,5076.30322265625,4957.3935546875,893.4396558912961,1169.7702055339353,893.4396558912961,1169.7702055339353
Harvard Forest,stocks_soil14c,Stocks + Soil 14C,8,2.0,4.0,100,slow,5057.6826171875,4736.59228515625,1784.1724360546493,2294.821302186396,1784.1724360546493,2294.821302186396
Harvard Forest,stocks_soil14c,Stocks + Soil 14C,9,2.0,4.0,10,fast,1297.116455078125,958.0565185546875,2431.4677153440107,2673.084702534621,2431.4677153440107,2673.084702534621
Harvard Forest,stocks_soil14c,Stocks + Soil 14C,9,2.0,4.0,50,fast,1377.602783203125,1010.1287841796875,12529.506476695416,12791.651026394638,12529.506476695416,12791.651026394638
Harvard Forest,stocks_soil14c,Stocks + Soil 14C,9,2.0,4.0,100,fast,1376.68017578125,1009.2345581054688,24966.629685565145,25229.088995877966,24966.629685565145,25229.088995877966
Harvard Forest,stocks_soil14c,Stocks + Soil 14C,9,2.0,4.0,10,intermediate,4334.8388671875,4134.22607421875,854.0742176990535,1104.9657718444357,854.0742176990535,1104.9657718444357
Harvard Forest,stocks_soil14c,Stocks + Soil 14C,9,2.0,4.0,50,intermediate,4314.783203125,3516.234375,4291.605346164478,5052.978577515032,4291.605346164478,5052.978577515032
Harvard Forest,stocks_soil14c,Stocks + Soil 14C,9,2.0,4.0,100,intermediate,4284.7587890625,3303.144287109375,8529.87502912227,9445.425559530588,8529.87502912227,9445.425559530588
Harvard Forest,stocks_soil14c,Stocks + Soil 14C,9,2.0,4.0,10,slow,5096.70166015625,5092.15380859375,160.7166244849243,212.0346780806821,160.7166244849243,212.0346780806821
Harvard Forest,stocks_soil14c,Stocks + Soil 14C,9,2.0,4.0,50,slow,5087.46923828125,4977.83984375,813.0413926285242,1065.2175981184466,813.0413926285242,1065.2175981184466
Harvard Forest,stocks_soil14c,Stocks + Soil 14C,9,2.0,4.0,100,slow,5070.1875,4772.30078125,1623.7958064609684,2092.825645332537,1623.7958064609684,2092.825645332537
Harvard Forest,stocks_soil14c,Stocks + Soil 14C,10,2.0,4.0,10,fast,1264.86572265625,932.184814453125,2356.2469980407336,2586.0377822184932,2356.2469980407336,2586.0377822184932
Harvard Forest,stocks_soil14c,Stocks + Soil 14C,10,2.0,4.0,50,fast,1344.13671875,985.015625,12145.346863030343,12393.67920329352,12145.346863030343,12393.67920329352
Harvard Forest,stocks_soil14c,Stocks + Soil 14C,10,2.0,4.0,100,fast,1343.216552734375,984.1237182617188,24200.930684183164,24449.587385401974,24200.930684183164,24449.587385401974
Harvard Forest,stocks_soil14c,Stocks + Soil 14C,10,2.0,4.0,10,intermediate,4372.4091796875,4156.67333984375,912.1017100132653,1178.3526762875222,912.1017100132653,1178.3526762875222
Harvard Forest,stocks_soil14c,Stocks + Soil 14C,10,2.0,4.0,50,intermediate,4353.94580078125,3525.480224609375,4582.324081725062,5367.700058718358,4582.324081725062,5367.700058718358
Harvard Forest,stocks_soil14c,Stocks + Soil 14C,10,2.0,4.0,100,intermediate,4324.94775390625,3325.607666015625,9107.602275818459,10035.823549844696,9107.602275818459,10035.823549844696
Harvard Forest,stocks_soil14c,Stocks + Soil 14C,10,2.0,4.0,10,slow,5177.98681640625,5172.880859375,179.77164297165692,237.16952403765742,179.77164297165692,237.16952403765742
Harvard Forest,stocks_soil14c,Stocks + Soil 14C,10,2.0,4.0,50,slow,5167.671875,5040.85888671875,909.3550649121189,1190.0529143707831,909.3550649121189,1190.0529143707831
Harvard Forest,stocks_soil14c,Stocks + Soil 14C,10,2.0,4.0,100,slow,5147.80712890625,4812.33447265625,1815.8306107993826,2333.201099292778,1815.8306107993826,2333.201099292778
Harvard Forest,stocks_soil14c,Stocks + Soil 14C,11,2.0,4.0,10,fast,1273.423583984375,939.04150390625,2361.468925311832,2592.9306383721305,2361.468925311832,2592.9306383721305
Harvard Forest,stocks_soil14c,Stocks + Soil 14C,11,2.0,4.0,50,fast,1353.01708984375,991.6758422851562,12171.34258460543,12421.74115263674,12171.34258460543,12421.74115263674
Harvard Forest,stocks_soil14c,Stocks + Soil 14C,11,2.0,4.0,100,fast,1352.0958251953125,990.7831420898438,24252.790539696733,24503.497719433602,24252.790539696733,24503.497719433602
Harvard Forest,stocks_soil14c,Stocks + Soil 14C,11,2.0,4.0,10,intermediate,4351.03369140625,4136.7685546875,881.9352715557026,1139.4445368048237,881.9352715557026,1139.4445368048237
Harvard Forest,stocks_soil14c,Stocks + Soil 14C,11,2.0,4.0,50,intermediate,4332.54541015625,3508.29736328125,4430.741672375416,5190.478981212753,4430.741672375416,5190.478981212753
Harvard Forest,stocks_soil14c,Stocks + Soil 14C,11,2.0,4.0,100,intermediate,4303.63916015625,3309.2763671875,8806.283633440009,9704.20985523787,8806.283633440009,9704.20985523787
Harvard Forest,stocks_soil14c,Stocks + Soil 14C,11,2.0,4.0,10,slow,5207.150390625,5201.2939453125,204.85526635844917,270.25089795342535,204.85526635844917,270.25089795342535
Harvard Forest,stocks_soil14c,Stocks + Soil 14C,11,2.0,4.0,50,slow,5195.72412109375,5052.67138671875,1036.1264158624572,1354.4452585269087,1036.1264158624572,1354.4452585269087
Harvard Forest,stocks_soil14c,Stocks + Soil 14C,11,2.0,4.0,100,slow,5173.29443359375,4799.90771484375,2068.578369533978,2649.536834779571,2068.578369533978,2649.536834779571
Harvard Forest,stocks_resp14c,Stocks + Respired 14C,0,2.0,4.0,10,fast,1050.0052490234375,761.8037109375,2273.5363446801343,2465.936391801788,2273.5363446801343,2465.936391801788
Harvard Forest,stocks_resp14c,Stocks + Respired 14C,0,2.0,4.0,50,fast,1121.5565185546875,818.7871704101562,11741.101755251602,11943.53927188076,11741.101755251602,11943.53927188076
Harvard Forest,stocks_resp14c,Stocks + Respired 14C,0,2.0,4.0,100,fast,1120.6524658203125,817.91357421875,23394.34408723395,23597.137149475133,23394.34408723395,23597.137149475133
Harvard Forest,stocks_resp14c,Stocks + Respired 14C,0,2.0,4.0,10,intermediate,4013.110107421875,3774.58154296875,1004.9152114454143,1291.7131248954468,1004.9152114454143,1291.7131248954468
Harvard Forest,stocks_resp14c,Stocks + Respired 14C,0,2.0,4.0,50,intermediate,4003.40625,3191.805419921875,5047.829398388962,5830.620344182809,5047.829398388962,5830.620344182809
Harvard Forest,stocks_resp14c,Stocks + Respired 14C,0,2.0,4.0,100,intermediate,3980.302001953125,3045.235107421875,10033.66963536054,10922.432587977835,10033.66963536054,10922.432587977835
Harvard Forest,stocks_resp14c,Stocks + Respired 14C,0,2.0,4.0,10,slow,4293.03369140625,4287.05322265625,167.01882612604672,220.31614641887842,167.01882612604672,220.31614641887842
Harvard Forest,stocks_resp14c,Stocks + Respired 14C,0,2.0,4.0,50,slow,4282.78759765625,4153.5361328125,844.6711649966802,1102.7760998998347,844.6711649966802,1102.7760998998347
Harvard Forest,stocks_resp14c,Stocks + Respired 14C,0,2.0,4.0,100,slow,4263.75732421875,3941.698486328125,1686.1701494399786,2154.7407321590917,1686.1701494399786,2154.7407321590917
Harvard Forest,stocks_resp14c,Stocks + Respired 14C,1,2.0,4.0,10,fast,1055.634521484375,766.2230834960938,2415.1360628803964,2620.366946923313,2415.1360628803964,2620.366946923313
Harvard Forest,stocks_resp14c,Stocks + Respired 14C,1,2.0,4.0,50,fast,1127.37548828125,823.112548828125,12471.751660756061,12687.849445476058,12471.751660756061,12687.849445476058
Harvard Forest,stocks_resp14c,Stocks + Respired 14C,1,2.0,4.0,100,fast,1126.470947265625,822.2384033203125,24850.203922529658,25066.684222592758,24850.203922529658,25066.684222592758
Harvard Forest,stocks_resp14c,Stocks + Respired 14C,1,2.0,4.0,10,intermediate,3992.08251953125,3779.707275390625,882.3410925372607,1137.4869775597424,882.3410925372607,1137.4869775597424
Harvard Forest,stocks_resp14c,Stocks + Respired 14C,1,2.0,4.0,50,intermediate,3978.53955078125,3208.621337890625,4433.530551920667,5172.378152879295,4433.530551920667,5172.378152879295
Harvard Forest,stocks_resp14c,Stocks + Respired 14C,1,2.0,4.0,100,intermediate,3952.988037109375,3035.1181640625,8812.255798626102,9678.459421553365,8812.255798626102,9678.459421553365
Harvard Forest,stocks_resp14c,Stocks + Respired 14C,1,2.0,4.0,10,slow,4136.6923828125,4132.0439453125,143.40818113971858,189.18565635340502,143.40818113971858,189.18565635340502
Harvard Forest,stocks_resp14c,Stocks + Respired 14C,1,2.0,4.0,50,slow,4128.1279296875,4023.846435546875,725.3789431255436,948.9258455782784,725.3789431255436,948.9258455782784
Harvard Forest,stocks_resp14c,Stocks + Respired 14C,1,2.0,4.0,100,slow,4112.23779296875,3840.4931640625,1448.428541510703,1859.9236707014447,1448.428541510703,1859.9236707014447
Harvard Forest,stocks_resp14c,Stocks + Respired 14C,2,2.0,4.0,10,fast,1055.634521484375,766.2230834960938,2415.1360628803964,2620.366946923313,2415.1360628803964,2620.366946923313
Harvard Forest,stocks_resp14c,Stocks + Respired 14C,2,2.0,4.0,50,fast,1127.37548828125,823.112548828125,12471.751660756061,12687.849445476058,12471.751660756061,12687.849445476058
Harvard Forest,stocks_resp14c,Stocks + Respired 14C,2,2.0,4.0,100,fast,1126.470947265625,822.2384033203125,24850.203922529658,25066.684222592758,24850.203922529658,25066.684222592758
Harvard Forest,stocks_resp14c,Stocks + Respired 14C,2,2.0,4.0,10,intermediate,3992.08251953125,3779.707275390625,882.3410925372607,1137.4869775597424,882.3410925372607,1137.4869775597424
Harvard Forest,stocks_resp14c,Stocks + Respired 14C,2,2.0,4.0,50,intermediate,3978.53955078125,3208.621337890625,4433.530551920667,5172.378152879295,4433.530551920667,5172.378152879295
Harvard Forest,stocks_resp14c,Stocks + Respired 14C,2,2.0,4.0,100,intermediate,3952.988037109375,3035.1181640625,8812.255798626102,9678.459421553365,8812.255798626102,9678.459421553365
Harvard Forest,stocks_resp14c,Stocks + Respired 14C,2,2.0,4.0,10,slow,4136.6923828125,4132.0439453125,143.40818113971858,189.18565635340502,143.40818113971858,189.18565635340502
Harvard Forest,stocks_resp14c,Stocks + Respired 14C,2,2.0,4.0,50,slow,4128.1279296875,4023.846435546875,725.3789431255436,948.9258455782784,725.3789431255436,948.9258455782784
Harvard Forest,stocks_resp14c,Stocks + Respired 14C,2,2.0,4.0,100,slow,4112.23779296875,3840.4931640625,1448.428541510703,1859.9236707014447,1448.428541510703,1859.9236707014447
Harvard Forest,stocks_resp14c,Stocks + Respired 14C,3,2.0,4.0,10,fast,1051.888427734375,763.2833251953125,2361.1329706570905,2561.225930244012,2361.1329706570905,2561.225930244012
Harvard Forest,stocks_resp14c,Stocks + Respired 14C,3,2.0,4.0,50,fast,1123.505859375,820.236328125,12193.281256441196,12403.865076227543,12193.281256441196,12403.865076227543
Harvard Forest,stocks_resp14c,Stocks + Respired 14C,3,2.0,4.0,100,fast,1122.6016845703125,819.362548828125,24295.335459222842,24506.29290679927,24295.335459222842,24506.29290679927
Harvard Forest,stocks_resp14c,Stocks + Respired 14C,3,2.0,4.0,10,intermediate,3999.819091796875,3777.275146484375,935.2681189106237,1204.3398614465195,935.2681189106237,1204.3398614465195
Harvard Forest,stocks_resp14c,Stocks + Respired 14C,3,2.0,4.0,50,intermediate,3987.6806640625,3200.87744140625,4698.856931765663,5460.175791792171,4698.856931765663,5460.175791792171
Harvard Forest,stocks_resp14c,Stocks + Respired 14C,3,2.0,4.0,100,intermediate,3963.06005859375,3038.03759765625,9339.700207494483,10220.646846963115,9339.700207494483,10220.646846963115
Harvard Forest,stocks_resp14c,Stocks + Respired 14C,3,2.0,4.0,10,slow,4180.89453125,4176.04931640625,146.17315366806756,192.83244484284782,146.17315366806756,192.83244484284782
Harvard Forest,stocks_resp14c,Stocks + Respired 14C,3,2.0,4.0,50,slow,4171.99853515625,4062.755859375,739.3393219353853,966.8201523500529,739.3393219353853,966.8201523500529
Harvard Forest,stocks_resp14c,Stocks + Respired 14C,3,2.0,4.0,100,slow,4155.56787109375,3874.516845703125,1476.236405170094,1893.9991663669562,1476.236405170094,1893.9991663669562
Harvard Forest,stocks_resp14c,Stocks + Respired 14C,4,2.0,4.0,10,fast,1051.888427734375,763.2833251953125,2361.1329706570905,2561.225930244012,2361.1329706570905,2561.225930244012
Harvard Forest,stocks_resp14c,Stocks + Respired 14C,4,2.0,4.0,50,fast,1123.505859375,820.236328125,12193.281256441196,12403.865076227543,12193.281256441196,12403.865076227543
Harvard Forest,stocks_resp14c,Stocks + Respired 14C,4,2.0,4.0,100,fast,1122.6016845703125,819.362548828125,24295.335459222842,24506.29290679927,24295.335459222842,24506.29290679927
Harvard Forest,stocks_resp14c,Stocks + Respired 14C,4,2.0,4.0,10,intermediate,3999.819091796875,3777.275146484375,935.2681189106237,1204.3398614465195,935.2681189106237,1204.3398614465195
Harvard Forest,stocks_resp14c,Stocks + Respired 14C,4,2.0,4.0,50,intermediate,3987.6806640625,3200.87744140625,4698.856931765663,5460.175791792171,4698.856931765663,5460.175791792171
Harvard Forest,stocks_resp14c,Stocks + Respired 14C,4,2.0,4.0,100,intermediate,3963.06005859375,3038.03759765625,9339.700207494483,10220.646846963115,9339.700207494483,10220.646846963115
Harvard Forest,stocks_resp14c,Stocks + Respired 14C,4,2.0,4.0,10,slow,4180.89453125,4176.04931640625,146.17315366806756,192.83244484284782,146.17315366806756,192.83244484284782
Harvard Forest,stocks_resp14c,Stocks + Respired 14C,4,2.0,4.0,50,slow,4171.99853515625,4062.755859375,739.3393219353853,966.8201523500529,739.3393219353853,966.8201523500529
Harvard Forest,stocks_resp14c,Stocks + Respired 14C,4,2.0,4.0,100,slow,4155.56787109375,3874.516845703125,1476.236405170094,1893.9991663669562,1476.236405170094,1893.9991663669562
Harvard Forest,stocks_resp14c,Stocks + Respired 14C,5,2.0,4.0,10,fast,1063.9832763671875,772.7835693359375,2454.686781466218,2664.5577765070943,2454.686781466218,2664.5577765070943
Harvard Forest,stocks_resp14c,Stocks + Respired 14C,5,2.0,4.0,50,fast,1136.0062255859375,829.5316162109375,12675.08641607012,12896.30112550574,12675.08641607012,12896.30112550574
Harvard Forest,stocks_resp14c,Stocks + Respired 14C,5,2.0,4.0,100,fast,1135.10107421875,828.65673828125,25255.382397426747,25476.979936848737,25255.382397426747,25476.979936848737
Harvard Forest,stocks_resp14c,Stocks + Respired 14C,5,2.0,4.0,10,intermediate,3884.35595703125,3680.472900390625,853.759651823198,1101.0200851113755,853.759651823198,1101.0200851113755
Harvard Forest,stocks_resp14c,Stocks + Respired 14C,5,2.0,4.0,50,intermediate,3870.753662109375,3125.7353515625,4290.035039900569,5010.4374906955,4290.035039900569,5010.4374906955
Harvard Forest,stocks_resp14c,Stocks + Respired 14C,5,2.0,4.0,100,intermediate,3845.645751953125,2954.079345703125,8527.0173220301,9374.537289112512,8527.0173220301,9374.537289112512
Harvard Forest,stocks_resp14c,Stocks + Respired 14C,5,2.0,4.0,10,slow,4534.89892578125,4530.46435546875,131.12113979031753,172.98357490752306,131.12113979031753,172.98357490752306
Harvard Forest,stocks_resp14c,Stocks + Respired 14C,5,2.0,4.0,50,slow,4527.1826171875,4430.94140625,663.3456898625994,869.0659506436916,663.3456898625994,869.0659506436916
Harvard Forest,stocks_resp14c,Stocks + Respired 14C,5,2.0,4.0,100,slow,4512.13720703125,4257.2412109375,1324.8932994085326,1708.6239037390806,1324.8932994085326,1708.6239037390806
Harvard Forest,stocks_resp14c,Stocks + Respired 14C,6,2.0,4.0,10,fast,1065.8326416015625,774.235107421875,2499.4698906294343,2713.455811566605,2499.4698906294343,2713.455811566605
Harvard Forest,stocks_resp14c,Stocks + Respired 14C,6,2.0,4.0,50,fast,1137.91455078125,830.9519653320312,12906.118176102973,13131.717064590473,12906.118176102973,13131.717064590473
Harvard Forest,stocks_resp14c,Stocks + Respired 14C,6,2.0,4.0,100,fast,1137.0089111328125,830.076904296875,25715.719498449427,25941.708785072424,25715.719498449427,25941.708785072424
Harvard Forest,stocks_resp14c,Stocks + Respired 14C,6,2.0,4.0,10,intermediate,3895.0517578125,3699.52734375,809.5597821723126,1045.1282102719517,809.5597821723126,1045.1282102719517
Harvard Forest,stocks_resp14c,Stocks + Respired 14C,6,2.0,4.0,50,intermediate,3880.258544921875,3148.654296875,4068.534797673283,4770.309911919236,4068.534797673283,4770.309911919236
Harvard Forest,stocks_resp14c,Stocks + Respired 14C,6,2.0,4.0,100,intermediate,3854.1943359375,2966.17333984375,8086.80129593375,8923.582192175309,8086.80129593375,8923.582192175309
Harvard Forest,stocks_resp14c,Stocks + Respired 14C,6,2.0,4.0,10,slow,4268.22998046875,4264.212890625,129.1078787240245,170.32981277206466,129.1078787240245,170.32981277206466
Harvard Forest,stocks_resp14c,Stocks + Respired 14C,6,2.0,4.0,50,slow,4260.8720703125,4169.42626953125,653.1584180245286,855.7060578215112,653.1584180245286,855.7060578215112
Harvard Forest,stocks_resp14c,Stocks + Respired 14C,6,2.0,4.0,100,slow,4246.24169921875,4001.589111328125,1304.5020947940457,1681.7667007406376,1304.5020947940457,1681.7667007406376
Harvard Forest,stocks_resp14c,Stocks + Respired 14C,7,2.0,4.0,10,fast,1065.8326416015625,774.235107421875,2499.4698906294343,2713.455811566605,2499.4698906294343,2713.455811566605
Harvard Forest,stocks_resp14c,Stocks + Respired 14C,7,2.0,4.0,50,fast,1137.91455078125,830.9519653320312,12906.118176102973,13131.717064590473,12906.118176102973,13131.717064590473
Harvard Forest,stocks_resp14c,Stocks + Respired 14C,7,2.0,4.0,100,fast,1137.0089111328125,830.076904296875,25715.719498449427,25941.708785072424,25715.719498449427,25941.708785072424
Harvard Forest,stocks_resp14c,Stocks + Respired 14C,7,2.0,4.0,10,intermediate,3895.0517578125,3699.52734375,809.5597821723126,1045.1282102719517,809.5597821723126,1045.1282102719517
Harvard Forest,stocks_resp14c,Stocks + Respired 14C,7,2.0,4.0,50,intermediate,3880.258544921875,3148.654296875,4068.534797673283,4770.309911919236,4068.534797673283,4770.309911919236
Harvard Forest,stocks_resp14c,Stocks + Respired 14C,7,2.0,4.0,100,intermediate,3854.1943359375,2966.17333984375,8086.80129593375,8923.582192175309,8086.80129593375,8923.582192175309
Harvard Forest,stocks_resp14c,Stocks + Respired 14C,7,2.0,4.0,10,slow,4268.22998046875,4264.212890625,129.1078787240245,170.32981277206466,129.1078787240245,170.32981277206466
Harvard Forest,stocks_resp14c,Stocks + Respired 14C,7,2.0,4.0,50,slow,4260.8720703125,4169.42626953125,653.1584180245286,855.7060578215112,653.1584180245286,855.7060578215112
Harvard Forest,stocks_resp14c,Stocks + Respired 14C,7,2.0,4.0,100,slow,4246.24169921875,4001.589111328125,1304.5020947940457,1681.7667007406376,1304.5020947940457,1681.7667007406376
Harvard Forest,stocks_resp14c,Stocks + Respired 14C,8,2.0,4.0,10,fast,1069.71142578125,777.284912109375,2406.5891282548478,2613.2050905897477,2406.5891282548478,2613.2050905897477
Harvard Forest,stocks_resp14c,Stocks + Respired 14C,8,2.0,4.0,50,fast,1141.9268798828125,833.9364624023438,12426.112302074722,12644.053094720875,12426.112302074722,12644.053094720875
Harvard Forest,stocks_resp14c,Stocks + Respired 14C,8,2.0,4.0,100,fast,1141.0211181640625,833.06103515625,24759.319933455885,24977.635132588417,24759.319933455885,24977.635132588417
Harvard Forest,stocks_resp14c,Stocks + Respired 14C,8,2.0,4.0,10,intermediate,3892.824951171875,3680.3115234375,899.2490170622439,1158.5644383528625,899.2490170622439,1158.5644383528625
Harvard Forest,stocks_resp14c,Stocks + Respired 14C,8,2.0,4.0,50,intermediate,3880.312744140625,3119.90087890625,4517.97857651288,5257.806662804231,4517.97857651288,5257.806662804231
Harvard Forest,stocks_resp14c,Stocks + Respired 14C,8,2.0,4.0,100,intermediate,3856.01513671875,2957.587890625,8980.110886512639,9839.93839076997,8980.110886512639,9839.93839076997
Harvard Forest,stocks_resp14c,Stocks + Respired 14C,8,2.0,4.0,10,slow,4348.62451171875,4344.046875,135.45367081325276,178.69554786870236,135.45367081325276,178.69554786870236
Harvard Forest,stocks_resp14c,Stocks + Respired 14C,8,2.0,4.0,50,slow,4340.41650390625,4239.06640625,685.194354459543,896.9876067432168,685.194354459543,896.9876067432168
Harvard Forest,stocks_resp14c,Stocks + Respired 14C,8,2.0,4.0,100,slow,4324.94921875,4060.84765625,1368.3698782700267,1760.9075680597439,1368.3698782700267,1760.9075680597439
Harvard Forest,stocks_resp14c,Stocks + Respired 14C,9,2.0,4.0,10,fast,1069.71142578125,777.284912109375,2406.5891282548478,2613.2050905897477,2406.5891282548478,2613.2050905897477
Harvard Forest,stocks_resp14c,Stocks + Respired 14C,9,2.0,4.0,50,fast,1141.9268798828125,833.9364624023438,12426.112302074722,12644.053094720875,12426.112302074722,12644.053094720875
Harvard Forest,stocks_resp14c,Stocks + Respired 14C,9,2.0,4.0,100,fast,1141.0211181640625,833.06103515625,24759.319933455885,24977.635132588417,24759.319933455885,24977.635132588417
Harvard Forest,stocks_resp14c,Stocks + Respired 14C,9,2.0,4.0,10,intermediate,3892.824951171875,3680.3115234375,899.2490170622439,1158.5644383528625,899.2490170622439,1158.5644383528625
Harvard Forest,stocks_resp14c,Stocks + Respired 14C,9,2.0,4.0,50,intermediate,3880.312744140625,3119.90087890625,4517.97857651288,5257.806662804231,4517.97857651288,5257.806662804231
Harvard Forest,stocks_resp14c,Stocks + Respired 14C,9,2.0,4.0,100,intermediate,3856.01513671875,2957.587890625,8980.110886512639,9839.93839076997,8980.110886512639,9839.93839076997
Harvard Forest,stocks_resp14c,Stocks + Respired 14C,9,2.0,4.0,10,slow,4348.62451171875,4344.046875,135.45367081325276,178.69554786870236,135.45367081325276,178.69554786870236
Harvard Forest,stocks_resp14c,Stocks + Respired 14C,9,2.0,4.0,50,slow,4340.41650390625,4239.06640625,685.194354459543,896.9876067432168,685.194354459543,896.9876067432168
Harvard Forest,stocks_resp14c,Stocks + Respired 14C,9,2.0,4.0,100,slow,4324.94921875,4060.84765625,1368.3698782700267,1760.9075680597439,1368.3698782700267,1760.9075680597439
Harvard Forest,stocks_resp14c,Stocks + Respired 14C,10,2.0,4.0,10,fast,1062.6328125,771.7205810546875,2367.320753792847,2569.5233403527236,2367.320753792847,2569.5233403527236
Harvard Forest,stocks_resp14c,Stocks + Respired 14C,10,2.0,4.0,50,fast,1134.6083984375,828.4920654296875,12224.104561334932,12437.196128825664,12224.104561334932,12437.196128825664
Harvard Forest,stocks_resp14c,Stocks + Respired 14C,10,2.0,4.0,100,fast,1133.703369140625,827.6173095703125,24356.782790934336,24570.246806698087,24356.782790934336,24570.246806698087
Harvard Forest,stocks_resp14c,Stocks + Respired 14C,10,2.0,4.0,10,intermediate,4100.8095703125,3879.12255859375,938.1824672304168,1209.0070604726768,938.1824672304168,1209.0070604726768
Harvard Forest,stocks_resp14c,Stocks + Respired 14C,10,2.0,4.0,50,intermediate,4087.3408203125,3290.2578125,4713.812559557172,5491.028798458177,4713.812559557172,5491.028798458177
Harvard Forest,stocks_resp14c,Stocks + Respired 14C,10,2.0,4.0,100,intermediate,4061.477294921875,3116.439453125,9369.34124260115,10275.744879720742,9369.34124260115,10275.744879720742
Harvard Forest,stocks_resp14c,Stocks + Respired 14C,10,2.0,4.0,10,slow,3457.603515625,3453.11767578125,137.19129878951492,180.97473867166724,137.19129878951492,180.97473867166724
Harvard Forest,stocks_resp14c,Stocks + Respired 14C,10,2.0,4.0,50,slow,3449.4638671875,3349.789306640625,693.841449667094,906.4050168618509,693.841449667094,906.4050168618509
Harvard Forest,stocks_resp14c,Stocks + Respired 14C,10,2.0,4.0,100,slow,3434.466064453125,3179.43359375,1385.1341479805562,1771.8954751937172,1385.1341479805562,1771.8954751937172
Harvard Forest,stocks_resp14c,Stocks + Respired 14C,11,2.0,4.0,10,fast,1065.1978759765625,773.7372436523438,2427.6884463738716,2635.4317381233845,2427.6884463738716,2635.4317381233845
Harvard Forest,stocks_resp14c,Stocks + Respired 14C,11,2.0,4.0,50,fast,1137.2615966796875,830.4658203125,12535.537133833008,12754.543337318632,12535.537133833008,12754.543337318632
Harvard Forest,stocks_resp14c,Stocks + Respired 14C,11,2.0,4.0,100,fast,1136.3563232421875,829.5908203125,24977.33471845073,25196.71914166877,24977.33471845073,25196.71914166877
Harvard Forest,stocks_resp14c,Stocks + Respired 14C,11,2.0,4.0,10,intermediate,4107.08056640625,3896.65625,880.1357703550632,1135.6963863356868,880.1357703550632,1135.6963863356868
Harvard Forest,stocks_resp14c,Stocks + Respired 14C,11,2.0,4.0,50,intermediate,4092.00732421875,3313.061767578125,4422.915614929681,5176.589476984154,4422.915614929681,5176.589476984154
Harvard Forest,stocks_resp14c,Stocks + Respired 14C,11,2.0,4.0,100,intermediate,4064.95703125,3125.609619140625,8791.148142794444,9684.262515354148,8791.148142794444,9684.262515354148
Harvard Forest,stocks_resp14c,Stocks + Respired 14C,11,2.0,4.0,10,slow,3408.5546875,3404.495849609375,132.94384770577562,175.377635727562,132.94384770577562,175.377635727562
Harvard Forest,stocks_resp14c,Stocks + Respired 14C,11,2.0,4.0,50,slow,3400.859375,3307.524658203125,672.3889863501971,878.9248947768464,672.3889863501971,878.9248947768464
Harvard Forest,stocks_resp14c,Stocks + Respired 14C,11,2.0,4.0,100,slow,3386.62646484375,3143.555419921875,1342.4133896438957,1719.6063212433462,1342.4133896438957,1719.6063212433462
Harvard Forest,all_observations,All observations,0,2.0,4.0,10,fast,1037.2493896484375,751.8001708984375,2575.230876498292,2791.1044775397436,2575.230876498292,2791.1044775397436
Harvard Forest,all_observations,All observations,0,2.0,4.0,50,fast,1108.3819580078125,808.9953002929688,13300.592369372303,13527.363986950571,13300.592369372303,13527.363986950571
Harvard Forest,all_observations,All observations,0,2.0,4.0,100,fast,1107.4788818359375,808.1229248046875,26501.621193595398,26728.79676266569,26501.621193595398,26728.79676266569
Harvard Forest,all_observations,All observations,0,2.0,4.0,10,intermediate,4151.41796875,3967.75927734375,762.9212854763798,987.5653310765788,762.9212854763798,987.5653310765788
Harvard Forest,all_observations,All observations,0,2.0,4.0,50,intermediate,4133.29150390625,3404.239990234375,3836.1290234190305,4547.996749569071,3836.1290234190305,4547.996749569071
Harvard Forest,all_observations,All observations,0,2.0,4.0,100,intermediate,4103.27197265625,3179.681396484375,7625.552969845614,8510.138487147811,7625.552969845614,8510.138487147811
Harvard Forest,all_observations,All observations,0,2.0,4.0,10,slow,5033.28662109375,5030.36865234375,96.8348605594654,127.7668426630826,96.8348605594654,127.7668426630826
Harvard Forest,all_observations,All observations,0,2.0,4.0,50,slow,5027.72900390625,4963.548828125,490.0145218023676,644.065736485661,490.0145218023676,644.065736485661
Harvard Forest,all_observations,All observations,0,2.0,4.0,100,slow,5016.95458984375,4833.56005859375,979.1870969281558,1274.2081845592352,979.1870969281558,1274.2081845592352
Harvard Forest,all_observations,All observations,1,2.0,4.0,10,fast,1037.2493896484375,751.8001708984375,2575.230876498292,2791.1044775397436,2575.230876498292,2791.1044775397436
Harvard Forest,all_observations,All observations,1,2.0,4.0,50,fast,1108.3819580078125,808.9953002929688,13300.592369372303,13527.363986950571,13300.592369372303,13527.363986950571
Harvard Forest,all_observations,All observations,1,2.0,4.0,100,fast,1107.4788818359375,808.1229248046875,26501.621193595398,26728.79676266569,26501.621193595398,26728.79676266569
Harvard Forest,all_observations,All observations,1,2.0,4.0,10,intermediate,4151.41796875,3967.75927734375,762.9212854763798,987.5653310765788,762.9212854763798,987.5653310765788
Harvard Forest,all_observations,All observations,1,2.0,4.0,50,intermediate,4133.29150390625,3404.239990234375,3836.1290234190305,4547.996749569071,3836.1290234190305,4547.996749569071
Harvard Forest,all_observations,All observations,1,2.0,4.0,100,intermediate,4103.27197265625,3179.681396484375,7625.552969845614,8510.138487147811,7625.552969845614,8510.138487147811
Harvard Forest,all_observations,All observations,1,2.0,4.0,10,slow,5033.28662109375,5030.36865234375,96.8348605594654,127.7668426630826,96.8348605594654,127.7668426630826
Harvard Forest,all_observations,All observations,1,2.0,4.0,50,slow,5027.72900390625,4963.548828125,490.0145218023676,644.065736485661,490.0145218023676,644.065736485661
Harvard Forest,all_observations,All observations,1,2.0,4.0,100,slow,5016.95458984375,4833.56005859375,979.1870969281558,1274.2081845592352,979.1870969281558,1274.2081845592352
Harvard Forest,all_observations,All observations,2,2.0,4.0,10,fast,1044.80859375,757.726806640625,2686.8157634313484,2913.313618288125,2686.8157634313484,2913.313618288125
Harvard Forest,all_observations,All observations,2,2.0,4.0,50,fast,1116.189697265625,814.7971801757812,13875.995876014793,14114.158917428149,13875.995876014793,14114.158917428149
Harvard Forest,all_observations,All observations,2,2.0,4.0,100,fast,1115.2861328125,813.9240112304688,27648.14003770174,27886.735679258014,27648.14003770174,27886.735679258014
Harvard Forest,all_observations,All observations,2,2.0,4.0,10,intermediate,4135.61279296875,3974.593505859375,649.4851618460376,842.7623127809172,649.4851618460376,842.7623127809172
Harvard Forest,all_observations,All observations,2,2.0,4.0,50,intermediate,4116.080078125,3439.703857421875,3267.3073430656923,3913.0931223615908,3267.3073430656923,3913.0931223615908
Harvard Forest,all_observations,All observations,2,2.0,4.0,100,intermediate,4084.6796875,3192.117431640625,6495.843674179329,7330.356213761315,6495.843674179329,7330.356213761315
Harvard Forest,all_observations,All observations,2,2.0,4.0,10,slow,4971.138671875,4968.7734375,94.91015787692149,125.23195410172364,94.91015787692149,125.23195410172364
Harvard Forest,all_observations,All observations,2,2.0,4.0,50,slow,4966.49169921875,4909.01806640625,480.31437023026854,631.6255028237156,480.31437023026854,631.6255028237156
Harvard Forest,all_observations,All observations,2,2.0,4.0,100,slow,4956.23583984375,4787.1337890625,959.869124959029,1250.5739591002373,959.869124959029,1250.5739591002373
Harvard Forest,all_observations,All observations,3,2.0,4.0,10,fast,1044.80859375,757.726806640625,2686.8157634313484,2913.313618288125,2686.8157634313484,2913.313618288125
Harvard Forest,all_observations,All observations,3,2.0,4.0,50,fast,1116.189697265625,814.7971801757812,13875.995876014793,14114.158917428149,13875.995876014793,14114.158917428149
Harvard Forest,all_observations,All observations,3,2.0,4.0,100,fast,1115.2861328125,813.9240112304688,27648.14003770174,27886.735679258014,27648.14003770174,27886.735679258014
Harvard Forest,all_observations,All observations,3,2.0,4.0,10,intermediate,4135.61279296875,3974.593505859375,649.4851618460376,842.7623127809172,649.4851618460376,842.7623127809172
Harvard Forest,all_observations,All observations,3,2.0,4.0,50,intermediate,4116.080078125,3439.703857421875,3267.3073430656923,3913.0931223615908,3267.3073430656923,3913.0931223615908
Harvard Forest,all_observations,All observations,3,2.0,4.0,100,intermediate,4084.6796875,3192.117431640625,6495.843674179329,7330.356213761315,6495.843674179329,7330.356213761315
Harvard Forest,all_observations,All observations,3,2.0,4.0,10,slow,4971.138671875,4968.7734375,94.91015787692149,125.23195410172364,94.91015787692149,125.23195410172364
Harvard Forest,all_observations,All observations,3,2.0,4.0,50,slow,4966.49169921875,4909.01806640625,480.31437023026854,631.6255028237156,480.31437023026854,631.6255028237156
Harvard Forest,all_observations,All observations,3,2.0,4.0,100,slow,4956.23583984375,4787.1337890625,959.869124959029,1250.5739591002373,959.869124959029,1250.5739591002373
Harvard Forest,all_observations,All observations,4,2.0,4.0,10,fast,1043.015380859375,756.3203125,2662.522580443013,2886.674677586208,2662.522580443013,2886.674677586208
Harvard Forest,all_observations,All observations,4,2.0,4.0,50,fast,1114.337646484375,813.4198608398438,13750.753645337938,13986.389129024137,13750.753645337938,13986.389129024137
Harvard Forest,all_observations,All observations,4,2.0,4.0,100,fast,1113.43408203125,812.5469360351562,27398.5868490401,27634.640568450614,27398.5868490401,27634.640568450614
Harvard Forest,all_observations,All observations,4,2.0,4.0,10,intermediate,4169.34765625,4003.20361328125,679.7329361555257,881.6432944414302,679.7329361555257,881.6432944414302
Harvard Forest,all_observations,All observations,4,2.0,4.0,50,intermediate,4149.84814453125,3458.830322265625,3419.1652154233466,4087.6780342592247,3419.1652154233466,4087.6780342592247
Harvard Forest,all_observations,All observations,4,2.0,4.0,100,intermediate,4118.43115234375,3213.167724609375,6797.544490158141,7655.3774661506095,6797.544490158141,7655.3774661506095
Harvard Forest,all_observations,All observations,4,2.0,4.0,10,slow,4991.72802734375,4989.431640625,89.78103830577597,118.46471136806346,89.78103830577597,118.46471136806346
Harvard Forest,all_observations,All observations,4,2.0,4.0,50,slow,4987.2783203125,4931.6494140625,454.3667089331558,597.5842705457112,454.3667089331558,597.5842705457112
Harvard Forest,all_observations,All observations,4,2.0,4.0,100,slow,4977.32080078125,4814.48095703125,908.0391837494383,1183.6693963829207,908.0391837494383,1183.6693963829207
Harvard Forest,all_observations,All observations,5,2.0,4.0,10,fast,1043.015380859375,756.3203125,2662.522580443013,2886.674677586208,2662.522580443013,2886.674677586208
Harvard Forest,all_observations,All observations,5,2.0,4.0,50,fast,1114.337646484375,813.4198608398438,13750.753645337938,13986.389129024137,13750.753645337938,13986.389129024137
Harvard Forest,all_observations,All observations,5,2.0,4.0,100,fast,1113.43408203125,812.5469360351562,27398.5868490401,27634.640568450614,27398.5868490401,27634.640568450614
Harvard Forest,all_observations,All observations,5,2.0,4.0,10,intermediate,4169.34765625,4003.20361328125,679.7329361555257,881.6432944414302,679.7329361555257,881.6432944414302
Harvard Forest,all_observations,All observations,5,2.0,4.0,50,intermediate,4149.84814453125,3458.830322265625,3419.1652154233466,4087.6780342592247,3419.1652154233466,4087.6780342592247
Harvard Forest,all_observations,All observations,5,2.0,4.0,100,intermediate,4118.43115234375,3213.167724609375,6797.544490158141,7655.3774661506095,6797.544490158141,7655.3774661506095
Harvard Forest,all_observations,All observations,5,2.0,4.0,10,slow,4991.72802734375,4989.431640625,89.78103830577597,118.46471136806346,89.78103830577597,118.46471136806346
Harvard Forest,all_observations,All observations,5,2.0,4.0,50,slow,4987.2783203125,4931.6494140625,454.3667089331558,597.5842705457112,454.3667089331558,597.5842705457112
Harvard Forest,all_observations,All observations,5,2.0,4.0,100,slow,4977.32080078125,4814.48095703125,908.0391837494383,1183.6693963829207,908.0391837494383,1183.6693963829207
Harvard Forest,all_observations,All observations,6,2.0,4.0,10,fast,1041.8922119140625,755.4404907226562,2654.9863628584308,2878.317475457834,2654.9863628584308,2878.317475457834
Harvard Forest,all_observations,All observations,6,2.0,4.0,50,fast,1113.176025390625,812.5591430664062,13711.956679977848,13946.711050859292,13711.956679977848,13946.711050859292
Harvard Forest,all_observations,All observations,6,2.0,4.0,100,fast,1112.2725830078125,811.6863403320312,27321.28265161911,27556.46330339343,27321.28265161911,27556.46330339343
Harvard Forest,all_observations,All observations,6,2.0,4.0,10,intermediate,4175.8310546875,4008.116943359375,679.4967797099654,881.2118753914474,679.4967797099654,881.2118753914474
Harvard Forest,all_observations,All observations,6,2.0,4.0,50,intermediate,4156.3701171875,3461.206787109375,3417.8751489144497,4083.6549947380136,3417.8751489144497,4083.6549947380136
Harvard Forest,all_observations,All observations,6,2.0,4.0,100,intermediate,4124.98095703125,3216.543212890625,6794.896941557254,7647.212711572116,6794.896941557254,7647.212711572116
Harvard Forest,all_observations,All observations,6,2.0,4.0,10,slow,4975.5791015625,4973.0615234375,97.83668338573717,129.09207084954144,97.83668338573717,129.09207084954144
Harvard Forest,all_observations,All observations,6,2.0,4.0,50,slow,4970.609375,4909.98779296875,495.107653680496,650.9280854841477,495.107653680496,650.9280854841477
Harvard Forest,all_observations,All observations,6,2.0,4.0,100,slow,4960.04443359375,4783.28759765625,989.4017528294225,1288.1926132420958,989.4017528294225,1288.1926132420958
Harvard Forest,all_observations,All observations,7,2.0,4.0,10,fast,1035.4644775390625,750.3993530273438,2628.8604418516825,2848.9334320799,2628.8604418516825,2848.9334320799
Harvard Forest,all_observations,All observations,7,2.0,4.0,50,fast,1106.538330078125,807.6250610351562,13577.778703828966,13808.914424586721,13577.778703828966,13808.914424586721
Harvard Forest,all_observations,All observations,7,2.0,4.0,100,fast,1105.635498046875,806.7528686523438,27053.909889671508,27285.466984620292,27053.909889671508,27285.466984620292
Harvard Forest,all_observations,All observations,7,2.0,4.0,10,intermediate,4173.88818359375,4000.687255859375,687.8217770473938,891.460611294302,687.8217770473938,891.460611294302
Harvard Forest,all_observations,All observations,7,2.0,4.0,50,intermediate,4154.80419921875,3447.399658203125,3459.3596139252427,4122.832652391202,3459.3596139252427,4122.832652391202
Harvard Forest,all_observations,All observations,7,2.0,4.0,100,intermediate,4123.78662109375,3208.686279296875,6877.090389198551,7718.292794214762,6877.090389198551,7718.292794214762
Harvard Forest,all_observations,All observations,7,2.0,4.0,10,slow,4931.43212890625,4928.26611328125,116.50538362299449,153.7174194230792,116.50538362299449,153.7174194230792
Harvard Forest,all_observations,All observations,7,2.0,4.0,50,slow,4925.1572265625,4852.15966796875,589.5077999090674,774.2896541454461,589.5077999090674,774.2896541454461
Harvard Forest,all_observations,All observations,7,2.0,4.0,100,slow,4912.70654296875,4703.376953125,1177.845769593678,1529.0468912855008,1177.845769593678,1529.0468912855008
Harvard Forest,all_observations,All observations,8,2.0,4.0,10,fast,1033.208251953125,748.6318969726562,2628.4415310624877,2848.104841946898,2628.4415310624877,2848.104841946898
Harvard Forest,all_observations,All observations,8,2.0,4.0,50,fast,1104.20703125,805.8937377929688,13575.869865210454,13806.514661444991,13575.869865210454,13806.514661444991
Harvard Forest,all_observations,All observations,8,2.0,4.0,100,fast,1103.304443359375,805.021728515625,27050.103102519002,27281.169140632664,27050.103102519002,27281.169140632664
Harvard Forest,all_observations,All observations,8,2.0,4.0,10,intermediate,4188.33056640625,4014.90771484375,703.1421547639884,911.3510660899083,703.1421547639884,911.3510660899083
Harvard Forest,all_observations,All observations,8,2.0,4.0,50,intermediate,4169.1787109375,3460.342041015625,3536.4564810723064,4215.546472921992,3536.4564810723064,4215.546472921992
Harvard Forest,all_observations,All observations,8,2.0,4.0,100,intermediate,4138.02001953125,3220.324951171875,7030.382749423967,7892.097416375671,7030.382749423967,7892.097416375671
Harvard Forest,all_observations,All observations,8,2.0,4.0,10,slow,4943.294921875,4940.41064453125,101.50281582775389,133.92579954858468,101.50281582775389,133.92579954858468
Harvard Forest,all_observations,All observations,8,2.0,4.0,50,slow,4937.833984375,4873.81982421875,513.6366279148676,675.0798973837257,513.6366279148676,675.0798973837257
Harvard Forest,all_observations,All observations,8,2.0,4.0,100,slow,4926.86865234375,4741.7373046875,1026.3751156706694,1335.1864211899967,1026.3751156706694,1335.1864211899967
Harvard Forest,all_observations,All observations,9,2.0,4.0,10,fast,1030.7862548828125,746.7339477539062,2695.587958890271,2920.4498507627272,2695.587958890271,2920.4498507627272
Harvard Forest,all_observations,All observations,9,2.0,4.0,50,fast,1101.706787109375,804.0364379882812,13922.979348941739,14159.00115680984,13922.979348941739,14159.00115680984
Harvard Forest,all_observations,All observations,9,2.0,4.0,100,fast,1100.804443359375,803.1646118164062,27741.701724329745,27978.16188094879,27741.701724329745,27978.16188094879
Harvard Forest,all_observations,All observations,9,2.0,4.0,10,intermediate,4186.58349609375,4026.6376953125,632.0842946394048,820.4344333994629,632.0842946394048,820.4344333994629
Harvard Forest,all_observations,All observations,9,2.0,4.0,50,intermediate,4166.74169921875,3490.794189453125,3180.078606209729,3814.851845482437,3180.078606209729,3814.851845482437
Harvard Forest,all_observations,All observations,9,2.0,4.0,100,intermediate,4134.78564453125,3236.6259765625,6322.649676530567,7148.635392898532,6322.649676530567,7148.635392898532
Harvard Forest,all_observations,All observations,9,2.0,4.0,10,slow,4954.96630859375,4952.44775390625,102.95928954414909,135.85107042374685,102.95928954414909,135.85107042374685
Harvard Forest,all_observations,All observations,9,2.0,4.0,50,slow,4949.9453125,4888.74267578125,521.028110896613,684.9760812036563,521.028110896613,684.9760812036563
Harvard Forest,all_observations,All observations,9,2.0,4.0,100,slow,4939.13720703125,4758.98828125,1041.1841895901528,1355.259553634703,1041.1841895901528,1355.259553634703
Harvard Forest,all_observations,All observations,10,2.0,4.0,10,fast,1029.482421875,745.7139282226562,2688.509239653526,2912.5653592264443,2688.509239653526,2912.5653592264443
Harvard Forest,all_observations,All observations,10,2.0,4.0,50,fast,1100.3624267578125,803.0379638671875,13886.577674969114,14121.71978287932,13886.577674969114,14121.71978287932
Harvard Forest,all_observations,All observations,10,2.0,4.0,100,fast,1099.460205078125,802.166259765625,27669.17997926238,27904.757253283584,27669.17997926238,27904.757253283584
Harvard Forest,all_observations,All observations,10,2.0,4.0,10,intermediate,4189.9794921875,4028.533935546875,642.0406015202527,833.2336867807651,642.0406015202527,833.2336867807651
Harvard Forest,all_observations,All observations,10,2.0,4.0,50,intermediate,4170.19970703125,3490.354248046875,3230.073830146567,3872.3422770827997,3230.073830146567,3872.3422770827997
Harvard Forest,all_observations,All observations,10,2.0,4.0,100,intermediate,4138.32080078125,3237.341064453125,6421.996137333221,7255.5989538680515,6421.996137333221,7255.5989538680515
Harvard Forest,all_observations,All observations,10,2.0,4.0,10,slow,4978.419921875,4975.9677734375,100.29200416700002,132.33246369351733,100.29200416700002,132.33246369351733
Harvard Forest,all_observations,All observations,10,2.0,4.0,50,slow,4973.54443359375,4913.5078125,507.53871468347074,667.314908277893,507.53871468347074,667.314908277893
Harvard Forest,all_observations,All observations,10,2.0,4.0,100,slow,4962.9462890625,4786.0732421875,1014.2482719860338,1320.6490044248806,1014.2482719860338,1320.6490044248806
Harvard Forest,all_observations,All observations,11,2.0,4.0,10,fast,1030.348876953125,746.3931274414062,2647.8983115816804,2868.712371844105,2647.8983115816804,2868.712371844105
Harvard Forest,all_observations,All observations,11,2.0,4.0,50,fast,1101.2568359375,803.70263671875,13676.706048823327,13908.4687431937,13676.706048823327,13908.4687431937
Harvard Forest,all_observations,All observations,11,2.0,4.0,100,fast,1100.3543701171875,802.8308715820312,27251.007259329454,27483.19517379188,27251.007259329454,27483.19517379188
Harvard Forest,all_observations,All observations,11,2.0,4.0,10,intermediate,4198.44482421875,4028.784423828125,687.0806920308112,890.9329664853472,687.0806920308112,890.9329664853472
Harvard Forest,all_observations,All observations,11,2.0,4.0,50,intermediate,4179.0078125,3478.4755859375,3456.013808173021,4127.788604848869,3456.013808173021,4127.788604848869
Harvard Forest,all_observations,All observations,11,2.0,4.0,100,intermediate,4147.50927734375,3233.25048828125,6870.6960609167545,7729.783467504132,6870.6960609167545,7729.783467504132
Harvard Forest,all_observations,All observations,11,2.0,4.0,10,slow,5002.4287109375,4999.89990234375,97.33515983317213,128.43030460185767,97.33515983317213,128.43030460185767
Harvard Forest,all_observations,All observations,11,2.0,4.0,50,slow,4997.4599609375,4936.9326171875,492.5706757275776,647.6098526295386,492.5706757275776,647.6098526295386
Harvard Forest,all_observations,All observations,11,2.0,4.0,100,slow,4986.9189453125,4810.55029296875,984.3372675359415,1281.7295567498052,984.3372675359415,1281.7295567498052
Barrow,prior_only,Prior,0,2.0,4.0,10,fast,1122.2928466796875,737.7874755859375,591.2679483100949,879.0902250028412,591.2679483100949,879.0902250028412
Barrow,prior_only,Prior,0,2.0,4.0,50,fast,296.9364929199219,186.6678924560547,2044.6687981572227,2127.1495170595854,2044.6687981572227,2127.1495170595854
Barrow,prior_only,Prior,0,2.0,4.0,100,fast,436.2751159667969,298.0542907714844,3207.654760549185,3311.1343990679206,3207.654760549185,3311.1343990679206
Barrow,prior_only,Prior,0,2.0,4.0,10,intermediate,9197.998046875,9091.1279296875,194.91711822992283,391.9858317975565,194.91711822992283,391.9858317975565
Barrow,prior_only,Prior,0,2.0,4.0,50,intermediate,8418.69921875,7733.0166015625,1422.1368476957969,2113.6792252773957,1422.1368476957969,2113.6792252773957
Barrow,prior_only,Prior,0,2.0,4.0,100,intermediate,7489.35546875,6324.744140625,2700.5264650390495,3863.13743536395,2700.5264650390495,3863.13743536395
Barrow,prior_only,Prior,0,2.0,4.0,10,slow,5836.85400390625,5836.12744140625,3.158103339645975,10.148187090995375,3.158103339645975,10.148187090995375
Barrow,prior_only,Prior,0,2.0,4.0,50,slow,5844.8369140625,5838.03271484375,33.82626246508171,62.235018138301626,33.82626246508171,62.235018138301626
Barrow,prior_only,Prior,0,2.0,4.0,100,slow,5850.81396484375,5830.35888671875,68.0612265827825,124.94904087199089,68.0612265827825,124.94904087199089
Barrow,prior_only,Prior,1,2.0,4.0,10,fast,542.407470703125,295.0179748535156,579.9056154154373,778.581427065659,579.9056154154373,778.581427065659
Barrow,prior_only,Prior,1,2.0,4.0,50,fast,149.16334533691406,98.808837890625,1792.6762615039652,1833.0591476167979,1792.6762615039652,1833.0591476167979
Barrow,prior_only,Prior,1,2.0,4.0,100,fast,282.9303283691406,183.44480895996094,3045.581536538093,3125.554966101923,3045.581536538093,3125.554966101923
Barrow,prior_only,Prior,1,2.0,4.0,10,intermediate,3572.435546875,3464.9716796875,150.88784691038595,301.0682186183934,150.88784691038595,301.0682186183934
Barrow,prior_only,Prior,1,2.0,4.0,50,intermediate,2934.504638671875,2478.588134765625,1049.9542845048572,1498.8288431580386,1049.9542845048572,1498.8288431580386
Barrow,prior_only,Prior,1,2.0,4.0,100,intermediate,2364.102783203125,1725.2685546875,1893.3107452029444,2527.711415278716,1893.3107452029444,2527.711415278716
Barrow,prior_only,Prior,1,2.0,4.0,10,slow,9048.2099609375,9047.4853515625,2.918364243446412,9.378082439529734,2.918364243446412,9.378082439529734
Barrow,prior_only,Prior,1,2.0,4.0,50,slow,9053.7412109375,9044.193359375,31.246044259106874,57.49311861485758,31.246044259106874,57.49311861485758
Barrow,prior_only,Prior,1,2.0,4.0,100,slow,9053.6162109375,9024.779296875,62.83961270357982,115.3768079378389,62.83961270357982,115.3768079378389
Barrow,prior_only,Prior,2,2.0,4.0,10,fast,634.7964477539062,359.1829528808594,585.224559080357,803.8610975138481,585.224559080357,803.8610975138481
Barrow,prior_only,Prior,2,2.0,4.0,50,fast,170.350830078125,111.96024322509766,1839.5106008004914,1885.7732147654265,1839.5106008004914,1885.7732147654265
Barrow,prior_only,Prior,2,2.0,4.0,100,fast,309.2792663574219,203.91896057128906,3072.804278806565,3156.4480183722494,3072.804278806565,3156.4480183722494
Barrow,prior_only,Prior,2,2.0,4.0,10,intermediate,10513.140625,10403.12890625,152.33016263092378,306.4473112533268,152.33016263092378,306.4473112533268
Barrow,prior_only,Prior,2,2.0,4.0,50,intermediate,9794.625,9202.78125,1117.086846916702,1675.5651413723954,1117.086846916702,1675.5651413723954
Barrow,prior_only,Prior,2,2.0,4.0,100,intermediate,8997.0888671875,7950.9111328125,2149.866229870734,3137.4942838793845,2149.866229870734,3137.4942838793845
Barrow,prior_only,Prior,2,2.0,4.0,10,slow,13450.1337890625,13448.666015625,6.370858538090621,20.472189165427018,6.370858538090621,20.472189165427018
Barrow,prior_only,Prior,2,2.0,4.0,50,slow,13466.40234375,13454.8193359375,68.23085002029241,125.54617624644627,68.23085002029241,125.54617624644627
Barrow,prior_only,Prior,2,2.0,4.0,100,slow,13481.0908203125,13446.9716796875,137.28152705418535,252.1116490073013,137.28152705418535,252.1116490073013
Barrow,prior_only,Prior,3,2.0,4.0,10,fast,2061.603515625,1564.0963134765625,666.8019164917882,1064.1208672365442,666.8019164917882,1064.1208672365442
Barrow,prior_only,Prior,3,2.0,4.0,50,fast,643.8330078125,376.0570983886719,2690.2815517142953,2904.070038632026,2690.2815517142953,2904.070038632026
Barrow,prior_only,Prior,3,2.0,4.0,100,fast,673.1675415039062,459.5985107421875,4018.591829590601,4189.129246837298,4018.591829590601,4189.129246837298
Barrow,prior_only,Prior,3,2.0,4.0,10,intermediate,4463.8271484375,4401.0380859375,153.53208849941174,308.47250185292796,153.53208849941174,308.47250185292796
Barrow,prior_only,Prior,3,2.0,4.0,50,intermediate,3966.61572265625,3481.59228515625,1111.3891987759519,1624.326829806062,1111.3891987759519,1624.326829806062
Barrow,prior_only,Prior,3,2.0,4.0,100,intermediate,3304.8310546875,2534.920166015625,2059.4303799329273,2833.174598870369,2059.4303799329273,2833.174598870369
Barrow,prior_only,Prior,3,2.0,4.0,10,slow,13741.880859375,13740.916015625,3.9813328380010704,12.793979796558531,3.9813328380010704,12.793979796558531
Barrow,prior_only,Prior,3,2.0,4.0,50,slow,13751.3017578125,13741.7021484375,42.6267481034341,78.4430058514263,42.6267481034341,78.4430058514263
Barrow,prior_only,Prior,3,2.0,4.0,100,slow,13756.1083984375,13723.56640625,85.73738110763655,157.47403812152953,85.73738110763655,157.47403812152953
Barrow,prior_only,Prior,4,2.0,4.0,10,fast,3323.19091796875,2750.229248046875,569.3560366452857,947.9502381894462,569.3560366452857,947.9502381894462
Barrow,prior_only,Prior,4,2.0,4.0,50,fast,1323.3638916015625,785.0159301757812,2628.0426329084457,2983.719508731252,2628.0426329084457,2983.719508731252
Barrow,prior_only,Prior,4,2.0,4.0,100,fast,1052.3353271484375,684.26318359375,3925.4303208762867,4168.599642055499,3925.4303208762867,4168.599642055499
Barrow,prior_only,Prior,4,2.0,4.0,10,intermediate,19231.07421875,19148.7578125,265.98824181652674,536.4698944118777,265.98824181652674,536.4698944118777
Barrow,prior_only,Prior,4,2.0,4.0,50,intermediate,18530.953125,17668.759765625,1983.7422865489045,3005.5555350784707,1983.7422865489045,3005.5555350784707
Barrow,prior_only,Prior,4,2.0,4.0,100,intermediate,17271.37109375,15509.6953125,3866.6463134079386,5711.7377714251,3866.6463134079386,5711.7377714251
Barrow,prior_only,Prior,4,2.0,4.0,10,slow,10155.4462890625,10154.75390625,3.056067291489771,9.820646445730402,3.056067291489771,9.820646445730402
Barrow,prior_only,Prior,4,2.0,4.0,50,slow,10164.2744140625,10160.23046875,32.72185908699984,60.22212433598687,32.72185908699984,60.22212433598687
Barrow,prior_only,Prior,4,2.0,4.0,100,slow,10173.9697265625,10159.3134765625,65.82882551481232,120.94835434347559,65.82882551481232,120.94835434347559
Barrow,prior_only,Prior,5,2.0,4.0,10,fast,2261.997802734375,1748.689453125,752.9200427527859,1212.6216609956014,752.9200427527859,1212.6216609956014
Barrow,prior_only,Prior,5,2.0,4.0,50,fast,736.7890625,428.1678161621094,3118.1922747001095,3394.5198278343814,3118.1922747001095,3394.5198278343814
Barrow,prior_only,Prior,5,2.0,4.0,100,fast,726.9285278320312,493.6037902832031,4642.79955967162,4851.729083585697,4642.79955967162,4851.729083585697
Barrow,prior_only,Prior,5,2.0,4.0,10,intermediate,5244.98828125,5213.64111328125,81.91365235804426,165.10374314132142,81.91365235804426,165.10374314132142
Barrow,prior_only,Prior,5,2.0,4.0,50,intermediate,4984.380859375,4702.79345703125,607.4687860888073,915.511063314,607.4687860888073,915.511063314
Barrow,prior_only,Prior,5,2.0,4.0,100,intermediate,4583.22509765625,4051.908447265625,1175.1741091482404,1720.8203298993958,1175.1741091482404,1720.8203298993958
Barrow,prior_only,Prior,5,2.0,4.0,10,slow,1695.1468505859375,1694.964599609375,0.7721576718181231,2.4812626325502607,0.7721576718181231,2.4812626325502607
Barrow,prior_only,Prior,5,2.0,4.0,50,slow,1697.3153076171875,1696.0263671875,8.269653069994305,15.21735321355532,8.269653069994305,15.21735321355532
Barrow,prior_only,Prior,5,2.0,4.0,100,slow,1699.33154296875,1695.461669921875,16.639415355403944,30.561693763217967,16.639415355403944,30.561693763217967
Barrow,prior_only,Prior,6,2.0,4.0,10,fast,1860.09765625,1380.6712646484375,587.6541203221124,927.8391768105975,587.6541203221124,927.8391768105975
Barrow,prior_only,Prior,6,2.0,4.0,50,fast,556.8919067382812,328.2864990234375,2304.239103034322,2466.3963779390106,2304.239103034322,2466.3963779390106
Barrow,prior_only,Prior,6,2.0,4.0,100,fast,620.8223266601562,425.5282287597656,3459.9233030575783,3598.483243226039,3459.9233030575783,3598.483243226039
Barrow,prior_only,Prior,6,2.0,4.0,10,intermediate,7835.92041015625,7739.79638671875,223.6495379217355,449.6708203579432,223.6495379217355,449.6708203579432
Barrow,prior_only,Prior,6,2.0,4.0,50,intermediate,7076.728515625,6341.39697265625,1627.4549278871223,2397.925153201212,1627.4549278871223,2397.925153201212
Barrow,prior_only,Prior,6,2.0,4.0,100,intermediate,6068.408203125,4855.921875,3050.374927321611,4270.187141883764,3050.374927321611,4270.187141883764
Barrow,prior_only,Prior,6,2.0,4.0,10,slow,7181.072265625,7179.98681640625,4.647123244351876,14.932743318021998,4.647123244351876,14.932743318021998
Barrow,prior_only,Prior,6,2.0,4.0,50,slow,7192.767578125,7182.12353515625,49.78274845929381,91.5828068055844,49.78274845929381,91.5828068055844
Barrow,prior_only,Prior,6,2.0,4.0,100,slow,7199.73974609375,7165.73193359375,100.17512593163062,183.82622625819076,100.17512593163062,183.82622625819076
Barrow,prior_only,Prior,7,2.0,4.0,10,fast,564.9114379882812,310.35198974609375,549.7254372967257,742.4327638092653,549.7254372967257,742.4327638092653
Barrow,prior_only,Prior,7,2.0,4.0,50,fast,154.2617645263672,101.98530578613281,1706.0586921949725,1745.5806415893294,1706.0586921949725,1745.5806415893294
Barrow,prior_only,Prior,7,2.0,4.0,100,fast,289.4742736816406,188.56765747070312,2885.9375537990486,2962.3962693073777,2885.9375537990486,2962.3962693073777
Barrow,prior_only,Prior,7,2.0,4.0,10,intermediate,10606.7099609375,10472.6533203125,181.86472882378592,365.5247403999016,181.86472882378592,365.5247403999016
Barrow,prior_only,Prior,7,2.0,4.0,50,intermediate,9756.7919921875,9073.8759765625,1326.2247216733986,1979.3715593539869,1326.2247216733986,1979.3715593539869
Barrow,prior_only,Prior,7,2.0,4.0,100,intermediate,8845.2724609375,7665.85888671875,2535.409436749375,3665.850948693177,2535.409436749375,3665.850948693177
Barrow,prior_only,Prior,7,2.0,4.0,10,slow,6327.90283203125,6326.4228515625,6.0831834354865135,19.54635422572349,6.0831834354865135,19.54635422572349
Barrow,prior_only,Prior,7,2.0,4.0,50,slow,6342.96826171875,6330.83251953125,65.19655154415045,119.90934768272685,65.19655154415045,119.90934768272685
Barrow,prior_only,Prior,7,2.0,4.0,100,slow,6355.39013671875,6319.7255859375,131.2512082718051,240.74484139629533,131.2512082718051,240.74484139629533
Barrow,prior_only,Prior,8,2.0,4.0,10,fast,328.0386657714844,160.2165985107422,594.4031379290053,743.2338997746058,594.4031379290053,743.2338997746058
Barrow,prior_only,Prior,8,2.0,4.0,50,fast,102.5478286743164,69.24925231933594,1785.5535203674192,1815.0274419228087,1785.5535203674192,1815.0274419228087
Barrow,prior_only,Prior,8,2.0,4.0,100,fast,213.5074462890625,127.77025604248047,3190.331583937711,3266.486467128644,3190.331583937711,3266.486467128644
Barrow,prior_only,Prior,8,2.0,4.0,10,intermediate,950.5579833984375,884.3504028320312,85.81709309197332,168.17718821525511,85.81709309197332,168.17718821525511
Barrow,prior_only,Prior,8,2.0,4.0,50,intermediate,628.1259765625,450.33758544921875,543.2352675642308,719.4926936869247,543.2352675642308,719.4926936869247
Barrow,prior_only,Prior,8,2.0,4.0,100,intermediate,437.2347412109375,262.2565002441406,898.7433362031298,1077.9098987063949,898.7433362031298,1077.9098987063949
Barrow,prior_only,Prior,8,2.0,4.0,10,slow,2156.213623046875,2155.7451171875,1.3089195898347277,4.205935219702156,1.3089195898347277,4.205935219702156
Barrow,prior_only,Prior,8,2.0,4.0,50,slow,2157.022705078125,2150.47509765625,14.015773453391898,25.76862465916561,14.015773453391898,25.76862465916561
Barrow,prior_only,Prior,8,2.0,4.0,100,slow,2153.336181640625,2135.18896484375,28.17344056131953,51.614369542537275,28.17344056131953,51.614369542537275
Barrow,prior_only,Prior,9,2.0,4.0,10,fast,1328.668212890625,911.6437377929688,535.7932606236034,813.8396355284788,535.7932606236034,813.8396355284788
Barrow,prior_only,Prior,9,2.0,4.0,50,fast,360.4837341308594,221.8809356689453,1925.5145637043727,2017.8715762193428,1925.5145637043727,2017.8715762193428
Barrow,prior_only,Prior,9,2.0,4.0,100,fast,487.6434020996094,334.5996398925781,2969.427820202282,3071.470340279886,2969.427820202282,3071.470340279886
Barrow,prior_only,Prior,9,2.0,4.0,10,intermediate,19416.45703125,19284.400390625,255.91382404998663,515.6425466066447,255.91382404998663,515.6425466066447
Barrow,prior_only,Prior,9,2.0,4.0,50,intermediate,18402.7109375,17445.599609375,1893.3604344923438,2855.5210685212487,1893.3604344923438,2855.5210685212487
Barrow,prior_only,Prior,9,2.0,4.0,100,intermediate,17072.720703125,15319.73828125,3668.5694350868257,5398.740211269101,3668.5694350868257,5398.740211269101
Barrow,prior_only,Prior,9,2.0,4.0,10,slow,13375.2099609375,13373.9150390625,5.592496280963063,17.97112583284255,5.592496280963063,17.97112583284255
Barrow,prior_only,Prior,9,2.0,4.0,50,slow,13390.814453125,13381.462890625,59.890693410456464,110.21069135510618,59.890693410456464,110.21069135510618
Barrow,prior_only,Prior,9,2.0,4.0,100,slow,13405.140625,13378.3896484375,120.49863898486714,221.34137509227332,120.49863898486714,221.34137509227332
Barrow,prior_only,Prior,10,2.0,4.0,10,fast,590.9742431640625,328.3531494140625,431.18156991019606,586.1587366951242,431.18156991019606,586.1587366951242
Barrow,prior_only,Prior,10,2.0,4.0,50,fast,160.21533203125,105.68560028076172,1344.4133501984975,1376.5501045930514,1344.4133501984975,1376.5501045930514
Barrow,prior_only,Prior,10,2.0,4.0,100,fast,296.9446716308594,194.38497924804688,2263.224515946977,2323.7985109544065,2263.224515946977,2323.7985109544065
Barrow,prior_only,Prior,10,2.0,4.0,10,intermediate,14328.0830078125,14105.337890625,298.2586238371783,598.7547119321049,298.2586238371783,598.7547119321049
Barrow,prior_only,Prior,10,2.0,4.0,50,intermediate,12917.9072265625,11802.005859375,2157.3695944805386,3193.3677630477955,2157.3695944805386,3193.3677630477955
Barrow,prior_only,Prior,10,2.0,4.0,100,intermediate,11443.4638671875,9588.55078125,4078.4193604161724,5804.951074986842,4078.4193604161724,5804.951074986842
Barrow,prior_only,Prior,10,2.0,4.0,10,slow,47793.28515625,47789.7109375,15.134023167403434,48.63289049864461,15.134023167403434,48.63289049864461
Barrow,prior_only,Prior,10,2.0,4.0,50,slow,47829.3671875,47795.49609375,162.04180915743655,298.18704991995605,162.04180915743655,298.18704991995605
Barrow,prior_only,Prior,10,2.0,4.0,100,slow,47856.0390625,47751.953125,325.94038702276526,598.6740002665258,325.94038702276526,598.6740002665258
Barrow,prior_only,Prior,11,2.0,4.0,10,fast,1230.528564453125,828.2256469726562,571.5814252025771,859.9248581054576,571.5814252025771,859.9248581054576
Barrow,prior_only,Prior,11,2.0,4.0,50,fast,329.4179382324219,204.79461669921875,2017.4714961098393,2106.732768505361,2017.4714961098393,2106.732768505361
Barrow,prior_only,Prior,11,2.0,4.0,100,fast,463.27337646484375,317.3569030761719,3134.9071720601087,3239.496894189245,3134.9071720601087,3239.496894189245
Barrow,prior_only,Prior,11,2.0,4.0,10,intermediate,12475.9755859375,12360.1181640625,210.73059104574594,424.18410418339613,210.73059104574594,424.18410418339613
Barrow,prior_only,Prior,11,2.0,4.0,50,intermediate,11607.935546875,10816.9462890625,1547.773353180331,2315.9460109747047,1547.773353180331,2315.9460109747047
Barrow,prior_only,Prior,11,2.0,4.0,100,intermediate,10522.755859375,9132.0615234375,2966.2042275645226,4297.604369775036,2966.2042275645226,4297.604369775036
Barrow,prior_only,Prior,11,2.0,4.0,10,slow,37727.5703125,37725.72265625,8.181467974311191,26.29137480599458,8.181467974311191,26.29137480599458
Barrow,prior_only,Prior,11,2.0,4.0,50,slow,37750.40625,37737.21484375,87.58799702815554,161.20556684580782,87.58799702815554,161.20556684580782
Barrow,prior_only,Prior,11,2.0,4.0,100,slow,37768.9921875,37722.0234375,176.17480161130345,323.70897309751626,176.17480161130345,323.70897309751626
Barrow,stocks_only,Stocks,0,2.0,4.0,10,fast,2650.267333984375,2111.18017578125,521.7896394421724,852.7377170819333,521.7896394421724,852.7377170819333
Barrow,stocks_only,Stocks,0,2.0,4.0,50,fast,934.1246948242188,542.8552856445312,2260.384971027484,2500.5487710843745,2260.384971027484,2500.5487710843745
Barrow,stocks_only,Stocks,0,2.0,4.0,100,fast,837.2431640625,560.6365966796875,3358.9059975314494,3528.69386017863,3358.9059975314494,3528.69386017863
Barrow,stocks_only,Stocks,0,2.0,4.0,10,intermediate,28695.056640625,28588.30078125,299.2393593893364,603.6722992753737,299.2393593893364,603.6722992753737
Barrow,stocks_only,Stocks,0,2.0,4.0,50,intermediate,27786.251953125,26735.3671875,2234.5342740884525,3396.899986862224,2234.5342740884525,3396.899986862224
Barrow,stocks_only,Stocks,0,2.0,4.0,100,intermediate,26261.4375,24145.73046875,4376.649586623856,6525.933027794743,4376.649586623856,6525.933027794743
Barrow,stocks_only,Stocks,0,2.0,4.0,10,slow,13094.5810546875,13093.384765625,5.2372314267806495,16.829562106558473,5.2372314267806495,16.829562106558473
Barrow,stocks_only,Stocks,0,2.0,4.0,50,slow,13109.6591796875,13102.490234375,56.08499908895921,103.21274303168434,56.08499908895921,103.21274303168434
Barrow,stocks_only,Stocks,0,2.0,4.0,100,slow,13125.716796875,13105.15234375,112.84713819914063,207.31614622693905,112.84713819914063,207.31614622693905
Barrow,stocks_only,Stocks,1,2.0,4.0,10,fast,1982.32958984375,1491.6507568359375,549.7259641559401,873.7731857539313,549.7259641559401,873.7731857539313
Barrow,stocks_only,Stocks,1,2.0,4.0,50,fast,608.833251953125,356.7255554199219,2193.775765370823,2360.2209260244986,2193.775765370823,2360.2209260244986
Barrow,stocks_only,Stocks,1,2.0,4.0,100,fast,652.3927612304688,446.1921081542969,3282.815222644558,3418.977520980102,3282.815222644558,3418.977520980102
Barrow,stocks_only,Stocks,1,2.0,4.0,10,intermediate,23997.375,23887.2890625,261.45720491766053,527.2756580079831,261.45720491766053,527.2756580079831
Barrow,stocks_only,Stocks,1,2.0,4.0,50,intermediate,23087.935546875,22126.732421875,1946.9246307661033,2953.022989678331,1946.9246307661033,2953.022989678331
Barrow,stocks_only,Stocks,1,2.0,4.0,100,intermediate,21717.484375,19864.521484375,3801.4893834183167,5649.738394602132,3801.4893834183167,5649.738394602132
Barrow,stocks_only,Stocks,1,2.0,4.0,10,slow,11892.2880859375,11891.025390625,5.43946297348309,17.47927427490126,5.43946297348309,17.47927427490126
Barrow,stocks_only,Stocks,1,2.0,4.0,50,slow,11907.8291015625,11899.2421875,58.25597758093939,107.20150983952328,58.25597758093939,107.20150983952328
Barrow,stocks_only,Stocks,1,2.0,4.0,100,slow,11923.5546875,11900.05859375,117.22328850283517,215.3218526884146,117.22328850283517,215.3218526884146
Barrow,stocks_only,Stocks,2,2.0,4.0,10,fast,2270.646484375,1756.7000732421875,542.1699835283998,873.5164739000943,542.1699835283998,873.5164739000943
Barrow,stocks_only,Stocks,2,2.0,4.0,50,fast,740.943359375,430.5256652832031,2247.806362564659,2447.890848891706,2247.806362564659,2447.890848891706
Barrow,stocks_only,Stocks,2,2.0,4.0,100,fast,729.2927856445312,495.0783996582031,3346.5098214326117,3497.4917195177068,3346.5098214326117,3497.4917195177068
Barrow,stocks_only,Stocks,2,2.0,4.0,10,intermediate,23062.537109375,22955.59375,272.9078368104787,550.3564471323067,272.9078368104787,550.3564471323067
Barrow,stocks_only,Stocks,2,2.0,4.0,50,intermediate,22166.31640625,21184.17578125,2032.0153641658674,3079.2478800092263,2032.0153641658674,3079.2478800092263
Barrow,stocks_only,Stocks,2,2.0,4.0,100,intermediate,20757.716796875,18848.892578125,3962.031743392407,5871.555049724295,3962.031743392407,5871.555049724295
Barrow,stocks_only,Stocks,2,2.0,4.0,10,slow,12685.2392578125,12683.826171875,6.059085066363616,19.47031159657532,6.059085066363616,19.47031159657532
Barrow,stocks_only,Stocks,2,2.0,4.0,50,slow,12702.4541015625,12693.0869140625,64.89402358758261,119.41504850520343,64.89402358758261,119.41504850520343
Barrow,stocks_only,Stocks,2,2.0,4.0,100,slow,12719.9580078125,12693.0576171875,130.58384228046842,239.85331416164536,130.58384228046842,239.85331416164536
Barrow,stocks_only,Stocks,3,2.0,4.0,10,fast,2270.646484375,1756.7000732421875,542.1699835283998,873.5164739000943,542.1699835283998,873.5164739000943
Barrow,stocks_only,Stocks,3,2.0,4.0,50,fast,740.943359375,430.5256652832031,2247.806362564659,2447.890848891706,2247.806362564659,2447.890848891706
Barrow,stocks_only,Stocks,3,2.0,4.0,100,fast,729.2927856445312,495.0783996582031,3346.5098214326117,3497.4917195177068,3346.5098214326117,3497.4917195177068
Barrow,stocks_only,Stocks,3,2.0,4.0,10,intermediate,23062.537109375,22955.59375,272.9078368104787,550.3564471323067,272.9078368104787,550.3564471323067
Barrow,stocks_only,Stocks,3,2.0,4.0,50,intermediate,22166.31640625,21184.17578125,2032.0153641658674,3079.2478800092263,2032.0153641658674,3079.2478800092263
Barrow,stocks_only,Stocks,3,2.0,4.0,100,intermediate,20757.716796875,18848.892578125,3962.031743392407,5871.555049724295,3962.031743392407,5871.555049724295
Barrow,stocks_only,Stocks,3,2.0,4.0,10,slow,12685.2392578125,12683.826171875,6.059085066363616,19.47031159657532,6.059085066363616,19.47031159657532
Barrow,stocks_only,Stocks,3,2.0,4.0,50,slow,12702.4541015625,12693.0869140625,64.89402358758261,119.41504850520343,64.89402358758261,119.41504850520343
Barrow,stocks_only,Stocks,3,2.0,4.0,100,slow,12719.9580078125,12693.0576171875,130.58384228046842,239.85331416164536,130.58384228046842,239.85331416164536
Barrow,stocks_only,Stocks,4,2.0,4.0,10,fast,2270.646484375,1756.7000732421875,542.1699835283998,873.5164739000943,542.1699835283998,873.5164739000943
Barrow,stocks_only,Stocks,4,2.0,4.0,50,fast,740.943359375,430.5256652832031,2247.806362564659,2447.890848891706,2247.806362564659,2447.890848891706
Barrow,stocks_only,Stocks,4,2.0,4.0,100,fast,729.2927856445312,495.0783996582031,3346.5098214326117,3497.4917195177068,3346.5098214326117,3497.4917195177068
Barrow,stocks_only,Stocks,4,2.0,4.0,10,intermediate,23062.537109375,22955.59375,272.9078368104787,550.3564471323067,272.9078368104787,550.3564471323067
Barrow,stocks_only,Stocks,4,2.0,4.0,50,intermediate,22166.31640625,21184.17578125,2032.0153641658674,3079.2478800092263,2032.0153641658674,3079.2478800092263
Barrow,stocks_only,Stocks,4,2.0,4.0,100,intermediate,20757.716796875,18848.892578125,3962.031743392407,5871.555049724295,3962.031743392407,5871.555049724295
Barrow,stocks_only,Stocks,4,2.0,4.0,10,slow,12685.2392578125,12683.826171875,6.059085066363616,19.47031159657532,6.059085066363616,19.47031159657532
Barrow,stocks_only,Stocks,4,2.0,4.0,50,slow,12702.4541015625,12693.0869140625,64.89402358758261,119.41504850520343,64.89402358758261,119.41504850520343
Barrow,stocks_only,Stocks,4,2.0,4.0,100,slow,12719.9580078125,12693.0576171875,130.58384228046842,239.85331416164536,130.58384228046842,239.85331416164536
Barrow,stocks_only,Stocks,5,2.0,4.0,10,fast,2270.646484375,1756.7000732421875,542.1699835283998,873.5164739000943,542.1699835283998,873.5164739000943
Barrow,stocks_only,Stocks,5,2.0,4.0,50,fast,740.943359375,430.5256652832031,2247.806362564659,2447.890848891706,2247.806362564659,2447.890848891706
Barrow,stocks_only,Stocks,5,2.0,4.0,100,fast,729.2927856445312,495.0783996582031,3346.5098214326117,3497.4917195177068,3346.5098214326117,3497.4917195177068
Barrow,stocks_only,Stocks,5,2.0,4.0,10,intermediate,23062.537109375,22955.59375,272.9078368104787,550.3564471323067,272.9078368104787,550.3564471323067
Barrow,stocks_only,Stocks,5,2.0,4.0,50,intermediate,22166.31640625,21184.17578125,2032.0153641658674,3079.2478800092263,2032.0153641658674,3079.2478800092263
Barrow,stocks_only,Stocks,5,2.0,4.0,100,intermediate,20757.716796875,18848.892578125,3962.031743392407,5871.555049724295,3962.031743392407,5871.555049724295
Barrow,stocks_only,Stocks,5,2.0,4.0,10,slow,12685.2392578125,12683.826171875,6.059085066363616,19.47031159657532,6.059085066363616,19.47031159657532
Barrow,stocks_only,Stocks,5,2.0,4.0,50,slow,12702.4541015625,12693.0869140625,64.89402358758261,119.41504850520343,64.89402358758261,119.41504850520343
Barrow,stocks_only,Stocks,5,2.0,4.0,100,slow,12719.9580078125,12693.0576171875,130.58384228046842,239.85331416164536,130.58384228046842,239.85331416164536
Barrow,stocks_only,Stocks,6,2.0,4.0,10,fast,2049.21630859375,1552.7564697265625,528.7741153458951,843.3336274209308,528.7741153458951,843.3336274209308
Barrow,stocks_only,Stocks,6,2.0,4.0,50,fast,638.2977294921875,372.99029541015625,2129.7965359806594,2297.8505564567836,2129.7965359806594,2297.8505564567836
Barrow,stocks_only,Stocks,6,2.0,4.0,100,fast,669.9060668945312,457.5031433105469,3182.1976107301994,3316.7613915009133,3182.1976107301994,3316.7613915009133
Barrow,stocks_only,Stocks,6,2.0,4.0,10,intermediate,23093.611328125,22976.9921875,281.05340930263196,566.6921656994771,281.05340930263196,566.6921656994771
Barrow,stocks_only,Stocks,6,2.0,4.0,50,intermediate,22128.81640625,21104.650390625,2089.9483013769527,3163.5115688196174,2089.9483013769527,3163.5115688196174
Barrow,stocks_only,Stocks,6,2.0,4.0,100,intermediate,20669.751953125,18710.373046875,4068.75438371596,6019.052446169091,4068.75438371596,6019.052446169091
Barrow,stocks_only,Stocks,6,2.0,4.0,10,slow,13430.7294921875,13429.2294921875,6.435438307509132,20.67968680934498,6.435438307509132,20.67968680934498
Barrow,stocks_only,Stocks,6,2.0,4.0,50,slow,13448.9541015625,13438.9033203125,68.92500451419647,126.83189943640753,68.92500451419647,126.83189943640753
Barrow,stocks_only,Stocks,6,2.0,4.0,100,slow,13466.888671875,13438.166015625,138.69272510310677,254.74656243032928,138.69272510310677,254.74656243032928
Barrow,stocks_only,Stocks,7,2.0,4.0,10,fast,2049.21630859375,1552.7564697265625,528.7741153458951,843.3336274209308,528.7741153458951,843.3336274209308
Barrow,stocks_only,Stocks,7,2.0,4.0,50,fast,638.2977294921875,372.99029541015625,2129.7965359806594,2297.8505564567836,2129.7965359806594,2297.8505564567836
Barrow,stocks_only,Stocks,7,2.0,4.0,100,fast,669.9060668945312,457.5031433105469,3182.1976107301994,3316.7613915009133,3182.1976107301994,3316.7613915009133
Barrow,stocks_only,Stocks,7,2.0,4.0,10,intermediate,23093.611328125,22976.9921875,281.05340930263196,566.6921656994771,281.05340930263196,566.6921656994771
Barrow,stocks_only,Stocks,7,2.0,4.0,50,intermediate,22128.81640625,21104.650390625,2089.9483013769527,3163.5115688196174,2089.9483013769527,3163.5115688196174
Barrow,stocks_only,Stocks,7,2.0,4.0,100,intermediate,20669.751953125,18710.373046875,4068.75438371596,6019.052446169091,4068.75438371596,6019.052446169091
Barrow,stocks_only,Stocks,7,2.0,4.0,10,slow,13430.7294921875,13429.2294921875,6.435438307509132,20.67968680934498,6.435438307509132,20.67968680934498
Barrow,stocks_only,Stocks,7,2.0,4.0,50,slow,13448.9541015625,13438.9033203125,68.92500451419647,126.83189943640753,68.92500451419647,126.83189943640753
Barrow,stocks_only,Stocks,7,2.0,4.0,100,slow,13466.888671875,13438.166015625,138.69272510310677,254.74656243032928,138.69272510310677,254.74656243032928
Barrow,stocks_only,Stocks,8,2.0,4.0,10,fast,2141.4111328125,1637.3731689453125,533.8112468358858,855.1376698809415,533.8112468358858,855.1376698809415
Barrow,stocks_only,Stocks,8,2.0,4.0,50,fast,680.0933227539062,396.24713134765625,2176.8168312909106,2357.7223139148828,2176.8168312909106,2357.7223139148828
Barrow,stocks_only,Stocks,8,2.0,4.0,100,fast,694.3531494140625,473.11419677734375,3246.7493861543044,3387.769190953384,3246.7493861543044,3387.769190953384
Barrow,stocks_only,Stocks,8,2.0,4.0,10,intermediate,18908.49609375,18796.04296875,279.16998637541286,562.6971631725479,279.16998637541286,562.6971631725479
Barrow,stocks_only,Stocks,8,2.0,4.0,50,intermediate,17977.8984375,16986.73828125,2070.383916070563,3121.723311156202,2070.383916070563,3121.723311156202
Barrow,stocks_only,Stocks,8,2.0,4.0,100,intermediate,16569.263671875,14704.109375,4008.113923639919,5877.642835416151,4008.113923639919,5877.642835416151
Barrow,stocks_only,Stocks,8,2.0,4.0,10,slow,13975.181640625,13973.8349609375,5.814196207655858,18.683551779960354,5.814196207655858,18.683551779960354
Barrow,stocks_only,Stocks,8,2.0,4.0,50,slow,13991.564453125,13981.9716796875,62.265006722395725,114.58052844734556,62.265006722395725,114.58052844734556
Barrow,stocks_only,Stocks,8,2.0,4.0,100,slow,14006.6318359375,13978.486328125,125.27622091652124,230.11818554864882,125.27622091652124,230.11818554864882
Barrow,stocks_only,Stocks,9,2.0,4.0,10,fast,2141.4111328125,1637.3731689453125,533.8112468358858,855.1376698809415,533.8112468358858,855.1376698809415
Barrow,stocks_only,Stocks,9,2.0,4.0,50,fast,680.0933227539062,396.24713134765625,2176.8168312909106,2357.7223139148828,2176.8168312909106,2357.7223139148828
Barrow,stocks_only,Stocks,9,2.0,4.0,100,fast,694.3531494140625,473.11419677734375,3246.7493861543044,3387.769190953384,3246.7493861543044,3387.769190953384
Barrow,stocks_only,Stocks,9,2.0,4.0,10,intermediate,18908.49609375,18796.04296875,279.16998637541286,562.6971631725479,279.16998637541286,562.6971631725479
Barrow,stocks_only,Stocks,9,2.0,4.0,50,intermediate,17977.8984375,16986.73828125,2070.383916070563,3121.723311156202,2070.383916070563,3121.723311156202
Barrow,stocks_only,Stocks,9,2.0,4.0,100,intermediate,16569.263671875,14704.109375,4008.113923639919,5877.642835416151,4008.113923639919,5877.642835416151
Barrow,stocks_only,Stocks,9,2.0,4.0,10,slow,13975.181640625,13973.8349609375,5.814196207655858,18.683551779960354,5.814196207655858,18.683551779960354
Barrow,stocks_only,Stocks,9,2.0,4.0,50,slow,13991.564453125,13981.9716796875,62.265006722395725,114.58052844734556,62.265006722395725,114.58052844734556
Barrow,stocks_only,Stocks,9,2.0,4.0,100,slow,14006.6318359375,13978.486328125,125.27622091652124,230.11818554864882,125.27622091652124,230.11818554864882
Barrow,stocks_only,Stocks,10,2.0,4.0,10,fast,1990.5316162109375,1499.1297607421875,511.37554095044686,813.1622070110718,511.37554095044686,813.1622070110718
Barrow,stocks_only,Stocks,10,2.0,4.0,50,fast,612.4059448242188,358.6920166015625,2043.0792179139971,2198.8472031818847,2043.0792179139971,2198.8472031818847
Barrow,stocks_only,Stocks,10,2.0,4.0,100,fast,654.5302124023438,447.5787048339844,3056.6974768394434,3183.7790945309735,3056.6974768394434,3183.7790945309735
Barrow,stocks_only,Stocks,10,2.0,4.0,10,intermediate,19537.1328125,19412.615234375,298.58261486313336,601.7248498622575,298.58261486313336,601.7248498622575
Barrow,stocks_only,Stocks,10,2.0,4.0,50,intermediate,18517.40625,17456.357421875,2211.440012317055,3330.4597626584255,2211.440012317055,3330.4597626584255
Barrow,stocks_only,Stocks,10,2.0,4.0,100,intermediate,17017.21875,15045.23828125,4274.224028680665,6255.4768743047935,4274.224028680665,6255.4768743047935
Barrow,stocks_only,Stocks,10,2.0,4.0,10,slow,14548.095703125,14546.8251953125,5.462860501397174,17.554665299809926,5.462860501397174,17.554665299809926
Barrow,stocks_only,Stocks,10,2.0,4.0,50,slow,14563.4462890625,14554.21484375,58.498567320638465,107.65247361568998,58.498567320638465,107.65247361568998
Barrow,stocks_only,Stocks,10,2.0,4.0,100,slow,14577.1826171875,14550.07421875,117.69031257102509,216.19704677146018,117.69031257102509,216.19704677146018
Barrow,stocks_only,Stocks,11,2.0,4.0,10,fast,1753.761962890625,1284.9232177734375,560.0409453165735,878.6297234473254,560.0409453165735,878.6297234473254
Barrow,stocks_only,Stocks,11,2.0,4.0,50,fast,513.7430419921875,304.8487548828125,2161.0423532416603,2302.9375004099766,2161.0423532416603,2302.9375004099766
Barrow,stocks_only,Stocks,11,2.0,4.0,100,fast,593.745849609375,407.5259094238281,3256.9032644984936,3383.4333943802835,3256.9032644984936,3383.4333943802835
Barrow,stocks_only,Stocks,11,2.0,4.0,10,intermediate,14741.8701171875,14631.541015625,247.3144124180515,498.1879404541848,247.3144124180515,498.1879404541848
Barrow,stocks_only,Stocks,11,2.0,4.0,50,intermediate,13857.6142578125,12975.0791015625,1825.5815750692304,2740.2750926108542,1825.5815750692304,2740.2750926108542
Barrow,stocks_only,Stocks,11,2.0,4.0,100,intermediate,12622.7626953125,11024.48828125,3512.403570354897,5109.731006688944,3512.403570354897,5109.731006688944
Barrow,stocks_only,Stocks,11,2.0,4.0,10,slow,15776.9814453125,15775.8857421875,4.817012507083814,15.47941387677227,4.817012507083814,15.47941387677227
Barrow,stocks_only,Stocks,11,2.0,4.0,50,slow,15790.4580078125,15781.8017578125,51.57670664816526,94.91866821102778,51.57670664816526,94.91866821102778
Barrow,stocks_only,Stocks,11,2.0,4.0,100,slow,15801.7509765625,15776.1318359375,103.7525894011402,190.6118959399835,103.7525894011402,190.6118959399835
Barrow,soil14c_only,Soil 14C,0,2.0,4.0,10,fast,4808.9951171875,4188.61083984375,616.4305139269363,1052.2915122708637,616.4305139269363,1052.2915122708637
Barrow,soil14c_only,Soil 14C,0,2.0,4.0,50,fast,2341.29736328125,1496.2874755859375,3133.985402726269,3727.6221056411105,3133.985402726269,3727.6221056411105
Barrow,soil14c_only,Soil 14C,0,2.0,4.0,100,fast,1651.5460205078125,1019.781494140625,4807.56551967983,5251.379054114387,4807.56551967983,5251.379054114387
Barrow,soil14c_only,Soil 14C,0,2.0,4.0,10,intermediate,4621.6298828125,4564.6396484375,224.66144581868713,451.6350963389159,224.66144581868713,451.6350963389159
Barrow,soil14c_only,Soil 14C,0,2.0,4.0,50,intermediate,4177.80810546875,3623.925537109375,1643.3133154581133,2400.22192306199,1643.3133154581133,2400.22192306199
Barrow,soil14c_only,Soil 14C,0,2.0,4.0,100,intermediate,3395.289794921875,2436.693603515625,3044.6800991813916,4122.471250911773,3044.6800991813916,4122.471250911773
Barrow,soil14c_only,Soil 14C,0,2.0,4.0,10,slow,23131.787109375,23130.078125,7.330685389093439,23.557020883896307,7.330685389093439,23.557020883896307
Barrow,soil14c_only,Soil 14C,0,2.0,4.0,50,slow,23151.521484375,23133.357421875,78.49238277726757,144.44143023068875,78.49238277726757,144.44143023068875
Barrow,soil14c_only,Soil 14C,0,2.0,4.0,100,slow,23160.650390625,23096.84375,157.88729702501377,289.95798580245435,157.88729702501377,289.95798580245435
Barrow,soil14c_only,Soil 14C,1,2.0,4.0,10,fast,4808.9951171875,4188.61083984375,616.4305139269363,1052.2915122708637,616.4305139269363,1052.2915122708637
Barrow,soil14c_only,Soil 14C,1,2.0,4.0,50,fast,2341.29736328125,1496.2874755859375,3133.985402726269,3727.6221056411105,3133.985402726269,3727.6221056411105
Barrow,soil14c_only,Soil 14C,1,2.0,4.0,100,fast,1651.5460205078125,1019.781494140625,4807.56551967983,5251.379054114387,4807.56551967983,5251.379054114387
Barrow,soil14c_only,Soil 14C,1,2.0,4.0,10,intermediate,4621.6298828125,4564.6396484375,224.66144581868713,451.6350963389159,224.66144581868713,451.6350963389159
Barrow,soil14c_only,Soil 14C,1,2.0,4.0,50,intermediate,4177.80810546875,3623.925537109375,1643.3133154581133,2400.22192306199,1643.3133154581133,2400.22192306199
Barrow,soil14c_only,Soil 14C,1,2.0,4.0,100,intermediate,3395.289794921875,2436.693603515625,3044.6800991813916,4122.471250911773,3044.6800991813916,4122.471250911773
Barrow,soil14c_only,Soil 14C,1,2.0,4.0,10,slow,23131.787109375,23130.078125,7.330685389093439,23.557020883896307,7.330685389093439,23.557020883896307
Barrow,soil14c_only,Soil 14C,1,2.0,4.0,50,slow,23151.521484375,23133.357421875,78.49238277726757,144.44143023068875,78.49238277726757,144.44143023068875
Barrow,soil14c_only,Soil 14C,1,2.0,4.0,100,slow,23160.650390625,23096.84375,157.88729702501377,289.95798580245435,157.88729702501377,289.95798580245435
Barrow,soil14c_only,Soil 14C,2,2.0,4.0,10,fast,4808.9951171875,4188.61083984375,616.4305139269363,1052.2915122708637,616.4305139269363,1052.2915122708637
Barrow,soil14c_only,Soil 14C,2,2.0,4.0,50,fast,2341.29736328125,1496.2874755859375,3133.985402726269,3727.6221056411105,3133.985402726269,3727.6221056411105
Barrow,soil14c_only,Soil 14C,2,2.0,4.0,100,fast,1651.5460205078125,1019.781494140625,4807.56551967983,5251.379054114387,4807.56551967983,5251.379054114387
Barrow,soil14c_only,Soil 14C,2,2.0,4.0,10,intermediate,4621.6298828125,4564.6396484375,224.66144581868713,451.6350963389159,224.66144581868713,451.6350963389159
Barrow,soil14c_only,Soil 14C,2,2.0,4.0,50,intermediate,4177.80810546875,3623.925537109375,1643.3133154581133,2400.22192306199,1643.3133154581133,2400.22192306199
Barrow,soil14c_only,Soil 14C,2,2.0,4.0,100,intermediate,3395.289794921875,2436.693603515625,3044.6800991813916,4122.471250911773,3044.6800991813916,4122.471250911773
Barrow,soil14c_only,Soil 14C,2,2.0,4.0,10,slow,23131.787109375,23130.078125,7.330685389093439,23.557020883896307,7.330685389093439,23.557020883896307
Barrow,soil14c_only,Soil 14C,2,2.0,4.0,50,slow,23151.521484375,23133.357421875,78.49238277726757,144.44143023068875,78.49238277726757,144.44143023068875
Barrow,soil14c_only,Soil 14C,2,2.0,4.0,100,slow,23160.650390625,23096.84375,157.88729702501377,289.95798580245435,157.88729702501377,289.95798580245435
Barrow,soil14c_only,Soil 14C,3,2.0,4.0,10,fast,4808.9951171875,4188.61083984375,616.4305139269363,1052.2915122708637,616.4305139269363,1052.2915122708637
Barrow,soil14c_only,Soil 14C,3,2.0,4.0,50,fast,2341.29736328125,1496.2874755859375,3133.985402726269,3727.6221056411105,3133.985402726269,3727.6221056411105
Barrow,soil14c_only,Soil 14C,3,2.0,4.0,100,fast,1651.5460205078125,1019.781494140625,4807.56551967983,5251.379054114387,4807.56551967983,5251.379054114387
Barrow,soil14c_only,Soil 14C,3,2.0,4.0,10,intermediate,4621.6298828125,4564.6396484375,224.66144581868713,451.6350963389159,224.66144581868713,451.6350963389159
Barrow,soil14c_only,Soil 14C,3,2.0,4.0,50,intermediate,4177.80810546875,3623.925537109375,1643.3133154581133,2400.22192306199,1643.3133154581133,2400.22192306199
Barrow,soil14c_only,Soil 14C,3,2.0,4.0,100,intermediate,3395.289794921875,2436.693603515625,3044.6800991813916,4122.471250911773,3044.6800991813916,4122.471250911773
Barrow,soil14c_only,Soil 14C,3,2.0,4.0,10,slow,23131.787109375,23130.078125,7.330685389093439,23.557020883896307,7.330685389093439,23.557020883896307
Barrow,soil14c_only,Soil 14C,3,2.0,4.0,50,slow,23151.521484375,23133.357421875,78.49238277726757,144.44143023068875,78.49238277726757,144.44143023068875
Barrow,soil14c_only,Soil 14C,3,2.0,4.0,100,slow,23160.650390625,23096.84375,157.88729702501377,289.95798580245435,157.88729702501377,289.95798580245435
Barrow,soil14c_only,Soil 14C,4,2.0,4.0,10,fast,4808.9951171875,4188.61083984375,616.4305139269363,1052.2915122708637,616.4305139269363,1052.2915122708637
Barrow,soil14c_only,Soil 14C,4,2.0,4.0,50,fast,2341.29736328125,1496.2874755859375,3133.985402726269,3727.6221056411105,3133.985402726269,3727.6221056411105
Barrow,soil14c_only,Soil 14C,4,2.0,4.0,100,fast,1651.5460205078125,1019.781494140625,4807.56551967983,5251.379054114387,4807.56551967983,5251.379054114387
Barrow,soil14c_only,Soil 14C,4,2.0,4.0,10,intermediate,4621.6298828125,4564.6396484375,224.66144581868713,451.6350963389159,224.66144581868713,451.6350963389159
Barrow,soil14c_only,Soil 14C,4,2.0,4.0,50,intermediate,4177.80810546875,3623.925537109375,1643.3133154581133,2400.22192306199,1643.3133154581133,2400.22192306199
Barrow,soil14c_only,Soil 14C,4,2.0,4.0,100,intermediate,3395.289794921875,2436.693603515625,3044.6800991813916,4122.471250911773,3044.6800991813916,4122.471250911773
Barrow,soil14c_only,Soil 14C,4,2.0,4.0,10,slow,23131.787109375,23130.078125,7.330685389093439,23.557020883896307,7.330685389093439,23.557020883896307
Barrow,soil14c_only,Soil 14C,4,2.0,4.0,50,slow,23151.521484375,23133.357421875,78.49238277726757,144.44143023068875,78.49238277726757,144.44143023068875
Barrow,soil14c_only,Soil 14C,4,2.0,4.0,100,slow,23160.650390625,23096.84375,157.88729702501377,289.95798580245435,157.88729702501377,289.95798580245435
Barrow,soil14c_only,Soil 14C,5,2.0,4.0,10,fast,4808.9951171875,4188.61083984375,616.4305139269363,1052.2915122708637,616.4305139269363,1052.2915122708637
Barrow,soil14c_only,Soil 14C,5,2.0,4.0,50,fast,2341.29736328125,1496.2874755859375,3133.985402726269,3727.6221056411105,3133.985402726269,3727.6221056411105
Barrow,soil14c_only,Soil 14C,5,2.0,4.0,100,fast,1651.5460205078125,1019.781494140625,4807.56551967983,5251.379054114387,4807.56551967983,5251.379054114387
Barrow,soil14c_only,Soil 14C,5,2.0,4.0,10,intermediate,4621.6298828125,4564.6396484375,224.66144581868713,451.6350963389159,224.66144581868713,451.6350963389159
Barrow,soil14c_only,Soil 14C,5,2.0,4.0,50,intermediate,4177.80810546875,3623.925537109375,1643.3133154581133,2400.22192306199,1643.3133154581133,2400.22192306199
Barrow,soil14c_only,Soil 14C,5,2.0,4.0,100,intermediate,3395.289794921875,2436.693603515625,3044.6800991813916,4122.471250911773,3044.6800991813916,4122.471250911773
Barrow,soil14c_only,Soil 14C,5,2.0,4.0,10,slow,23131.787109375,23130.078125,7.330685389093439,23.557020883896307,7.330685389093439,23.557020883896307
Barrow,soil14c_only,Soil 14C,5,2.0,4.0,50,slow,23151.521484375,23133.357421875,78.49238277726757,144.44143023068875,78.49238277726757,144.44143023068875
Barrow,soil14c_only,Soil 14C,5,2.0,4.0,100,slow,23160.650390625,23096.84375,157.88729702501377,289.95798580245435,157.88729702501377,289.95798580245435
Barrow,soil14c_only,Soil 14C,6,2.0,4.0,10,fast,4814.802734375,4194.26416015625,605.505905621508,1033.7142640060806,605.505905621508,1033.7142640060806
Barrow,soil14c_only,Soil 14C,6,2.0,4.0,50,fast,2345.60107421875,1499.48876953125,3079.352063905056,3663.203425210976,3079.352063905056,3663.203425210976
Barrow,soil14c_only,Soil 14C,6,2.0,4.0,100,fast,1654.2227783203125,1021.309814453125,4724.308793757085,5161.034523677565,4724.308793757085,5161.034523677565
Barrow,soil14c_only,Soil 14C,6,2.0,4.0,10,intermediate,4579.9921875,4520.7333984375,234.00131449953017,470.29436644107557,234.00131449953017,470.29436644107557
Barrow,soil14c_only,Soil 14C,6,2.0,4.0,50,intermediate,4120.49462890625,3551.43212890625,1709.0549659174305,2490.0265682386953,1709.0549659174305,2490.0265682386953
Barrow,soil14c_only,Soil 14C,6,2.0,4.0,100,intermediate,3319.087646484375,2349.940185546875,3155.787960912683,4250.619183016231,3155.787960912683,4250.619183016231
Barrow,soil14c_only,Soil 14C,6,2.0,4.0,10,slow,23304.39453125,23302.583984375,7.706992780135638,24.766227447200645,7.706992780135638,24.766227447200645
Barrow,soil14c_only,Soil 14C,6,2.0,4.0,50,slow,23324.513671875,23305.462890625,82.52295226361925,151.8552585062954,82.52295226361925,151.8552585062954
Barrow,soil14c_only,Soil 14C,6,2.0,4.0,100,slow,23334.154296875,23265.875,165.99582029821295,304.8324400604977,165.99582029821295,304.8324400604977
Barrow,soil14c_only,Soil 14C,7,2.0,4.0,10,fast,4814.802734375,4194.26416015625,605.505905621508,1033.7142640060806,605.505905621508,1033.7142640060806
Barrow,soil14c_only,Soil 14C,7,2.0,4.0,50,fast,2345.60107421875,1499.48876953125,3079.352063905056,3663.203425210976,3079.352063905056,3663.203425210976
Barrow,soil14c_only,Soil 14C,7,2.0,4.0,100,fast,1654.2227783203125,1021.309814453125,4724.308793757085,5161.034523677565,4724.308793757085,5161.034523677565
Barrow,soil14c_only,Soil 14C,7,2.0,4.0,10,intermediate,4579.9921875,4520.7333984375,234.00131449953017,470.29436644107557,234.00131449953017,470.29436644107557
Barrow,soil14c_only,Soil 14C,7,2.0,4.0,50,intermediate,4120.49462890625,3551.43212890625,1709.0549659174305,2490.0265682386953,1709.0549659174305,2490.0265682386953
Barrow,soil14c_only,Soil 14C,7,2.0,4.0,100,intermediate,3319.087646484375,2349.940185546875,3155.787960912683,4250.619183016231,3155.787960912683,4250.619183016231
Barrow,soil14c_only,Soil 14C,7,2.0,4.0,10,slow,23304.39453125,23302.583984375,7.706992780135638,24.766227447200645,7.706992780135638,24.766227447200645
Barrow,soil14c_only,Soil 14C,7,2.0,4.0,50,slow,23324.513671875,23305.462890625,82.52295226361925,151.8552585062954,82.52295226361925,151.8552585062954
Barrow,soil14c_only,Soil 14C,7,2.0,4.0,100,slow,23334.154296875,23265.875,165.99582029821295,304.8324400604977,165.99582029821295,304.8324400604977
Barrow,soil14c_only,Soil 14C,8,2.0,4.0,10,fast,4749.109375,4130.173828125,604.7001048395325,1031.4999408606122,604.7001048395325,1031.4999408606122
Barrow,soil14c_only,Soil 14C,8,2.0,4.0,50,fast,2297.004638671875,1463.5103759765625,3064.91364836946,3639.635413300255,3064.91364836946,3639.635413300255
Barrow,soil14c_only,Soil 14C,8,2.0,4.0,100,fast,1624.0567626953125,1004.1246948242188,4695.9371392836565,5123.392620622136,4695.9371392836565,5123.392620622136
Barrow,soil14c_only,Soil 14C,8,2.0,4.0,10,intermediate,4553.76904296875,4493.9560546875,232.1783165355232,466.5950621265232,232.1783165355232,466.5950621265232
Barrow,soil14c_only,Soil 14C,8,2.0,4.0,50,intermediate,4089.393798828125,3518.05908203125,1694.6195097274776,2467.0998232862908,1694.6195097274776,2467.0998232862908
Barrow,soil14c_only,Soil 14C,8,2.0,4.0,100,intermediate,3285.715087890625,2319.220458984375,3125.638788649372,4204.214033282877,3125.638788649372,4204.214033282877
Barrow,soil14c_only,Soil 14C,8,2.0,4.0,10,slow,23457.052734375,23454.943359375,8.85475683359539,28.45431826887075,8.85475683359539,28.45431826887075
Barrow,soil14c_only,Soil 14C,8,2.0,4.0,50,slow,23479.349609375,23456.828125,94.81898348111382,174.4732583729813,94.81898348111382,174.4732583729813
Barrow,soil14c_only,Soil 14C,8,2.0,4.0,100,slow,23489.591796875,23411.076171875,190.7349742288739,350.2097974881807,190.7349742288739,350.2097974881807
Barrow,soil14c_only,Soil 14C,9,2.0,4.0,10,fast,4714.0498046875,4095.965576171875,582.5481278843388,993.2711868879487,582.5481278843388,993.2711868879487
Barrow,soil14c_only,Soil 14C,9,2.0,4.0,50,fast,2271.180419921875,1444.4576416015625,2947.2574733633455,3496.589287904005,2947.2574733633455,3496.589287904005
Barrow,soil14c_only,Soil 14C,9,2.0,4.0,100,fast,1608.0914306640625,995.047607421875,4512.486492236388,4919.816882865081,4512.486492236388,4919.816882865081
Barrow,soil14c_only,Soil 14C,9,2.0,4.0,10,intermediate,4505.42236328125,4440.6875,252.85472482795512,507.89194695947594,252.85472482795512,507.89194695947594
Barrow,soil14c_only,Soil 14C,9,2.0,4.0,50,intermediate,4006.280517578125,3403.2607421875,1839.6640514910328,2665.0294456364163,1839.6640514910328,2665.0294456364163
Barrow,soil14c_only,Soil 14C,9,2.0,4.0,100,intermediate,3163.561767578125,2176.82470703125,3370.3672141655397,4488.329249815589,3370.3672141655397,4488.329249815589
Barrow,soil14c_only,Soil 14C,9,2.0,4.0,10,slow,23309.984375,23307.935546875,8.614394875431916,27.681962541639674,8.614394875431916,27.681962541639674
Barrow,soil14c_only,Soil 14C,9,2.0,4.0,50,slow,23331.125,23308.18359375,92.24367161709709,169.7336377428357,92.24367161709709,169.7336377428357
Barrow,soil14c_only,Soil 14C,9,2.0,4.0,100,slow,23339.6015625,23258.677734375,185.54861473334716,340.6708339928792,185.54861473334716,340.6708339928792
Barrow,soil14c_only,Soil 14C,10,2.0,4.0,10,fast,4720.82080078125,4102.57421875,592.3720295457107,1010.1082346181013,592.3720295457107,1010.1082346181013
Barrow,soil14c_only,Soil 14C,10,2.0,4.0,50,fast,2276.158447265625,1448.131103515625,2998.016064794141,3557.4711077376796,2998.016064794141,3557.4711077376796
Barrow,soil14c_only,Soil 14C,10,2.0,4.0,100,fast,1611.1666259765625,996.7991943359375,4590.8254730152,5005.912749456971,4590.8254730152,5005.912749456971
Barrow,soil14c_only,Soil 14C,10,2.0,4.0,10,intermediate,4544.79736328125,4482.20166015625,238.61199646289202,479.39992198002966,238.61199646289202,479.39992198002966
Barrow,soil14c_only,Soil 14C,10,2.0,4.0,50,intermediate,4060.22509765625,3470.036376953125,1738.642403284221,2524.6563733038847,1738.642403284221,2524.6563733038847
Barrow,soil14c_only,Soil 14C,10,2.0,4.0,100,intermediate,3232.856689453125,2251.9052734375,3195.507176877229,4275.828155823416,3195.507176877229,4275.828155823416
Barrow,soil14c_only,Soil 14C,10,2.0,4.0,10,slow,23640.12109375,23637.48828125,11.298744696295557,36.30747551629686,11.298744696295557,36.30747551629686
Barrow,soil14c_only,Soil 14C,10,2.0,4.0,50,slow,23668.42578125,23640.154296875,121.00872797545219,222.64179327431032,121.00872797545219,222.64179327431032
Barrow,soil14c_only,Soil 14C,10,2.0,4.0,100,slow,23680.572265625,23579.439453125,243.44243246148596,446.83826509871386,243.44243246148596,446.83826509871386
Barrow,soil14c_only,Soil 14C,11,2.0,4.0,10,fast,4720.82080078125,4102.57421875,592.3720295457107,1010.1082346181013,592.3720295457107,1010.1082346181013
Barrow,soil14c_only,Soil 14C,11,2.0,4.0,50,fast,2276.158447265625,1448.131103515625,2998.016064794141,3557.4711077376796,2998.016064794141,3557.4711077376796
Barrow,soil14c_only,Soil 14C,11,2.0,4.0,100,fast,1611.1666259765625,996.7991943359375,4590.8254730152,5005.912749456971,4590.8254730152,5005.912749456971
Barrow,soil14c_only,Soil 14C,11,2.0,4.0,10,intermediate,4544.79736328125,4482.20166015625,238.61199646289202,479.39992198002966,238.61199646289202,479.39992198002966
Barrow,soil14c_only,Soil 14C,11,2.0,4.0,50,intermediate,4060.22509765625,3470.036376953125,1738.642403284221,2524.6563733038847,1738.642403284221,2524.6563733038847
Barrow,soil14c_only,Soil 14C,11,2.0,4.0,100,intermediate,3232.856689453125,2251.9052734375,3195.507176877229,4275.828155823416,3195.507176877229,4275.828155823416
Barrow,soil14c_only,Soil 14C,11,2.0,4.0,10,slow,23640.12109375,23637.48828125,11.298744696295557,36.30747551629686,11.298744696295557,36.30747551629686
Barrow,soil14c_only,Soil 14C,11,2.0,4.0,50,slow,23668.42578125,23640.154296875,121.00872797545219,222.64179327431032,121.00872797545219,222.64179327431032
Barrow,soil14c_only,Soil 14C,11,2.0,4.0,100,slow,23680.572265625,23579.439453125,243.44243246148596,446.83826509871386,243.44243246148596,446.83826509871386
Barrow,resp14c_only,Respired 14C,0,2.0,4.0,10,fast,3339.22119140625,2765.578369140625,595.9276338063596,992.555464040038,595.9276338063596,992.555464040038
Barrow,resp14c_only,Respired 14C,0,2.0,4.0,50,fast,1333.2777099609375,791.4450073242188,2754.338522995915,3128.9366187210258,2754.338522995915,3128.9366187210258
Barrow,resp14c_only,Respired 14C,0,2.0,4.0,100,fast,1057.870849609375,687.3729858398438,4114.9356737325,4371.076209165498,4114.9356737325,4371.076209165498
Barrow,resp14c_only,Respired 14C,0,2.0,4.0,10,intermediate,14300.9384765625,14226.4033203125,240.27902489345246,484.439192920676,240.27902489345246,484.439192920676
Barrow,resp14c_only,Respired 14C,0,2.0,4.0,50,intermediate,13670.6669921875,12901.5703125,1787.2428352403026,2696.5193926856655,1787.2428352403026,2696.5193926856655
Barrow,resp14c_only,Respired 14C,0,2.0,4.0,100,intermediate,12552.361328125,11016.7890625,3462.6837087245394,5065.179641504146,3462.6837087245394,5065.179641504146
Barrow,resp14c_only,Respired 14C,0,2.0,4.0,10,slow,5871.19482421875,5870.34228515625,3.6477627732253417,11.721506664844407,3.6477627732253417,11.721506664844407
Barrow,resp14c_only,Respired 14C,0,2.0,4.0,50,slow,5881.509765625,5875.68212890625,39.07742494062318,71.90003027629365,39.07742494062318,71.90003027629365
Barrow,resp14c_only,Respired 14C,0,2.0,4.0,100,slow,5891.3388671875,5873.05078125,78.64879827309286,144.41022247493515,78.64879827309286,144.41022247493515
Barrow,resp14c_only,Respired 14C,1,2.0,4.0,10,fast,3339.22119140625,2765.578369140625,595.9276338063596,992.555464040038,595.9276338063596,992.555464040038
Barrow,resp14c_only,Respired 14C,1,2.0,4.0,50,fast,1333.2777099609375,791.4450073242188,2754.338522995915,3128.9366187210258,2754.338522995915,3128.9366187210258
Barrow,resp14c_only,Respired 14C,1,2.0,4.0,100,fast,1057.870849609375,687.3729858398438,4114.9356737325,4371.076209165498,4114.9356737325,4371.076209165498
Barrow,resp14c_only,Respired 14C,1,2.0,4.0,10,intermediate,14300.9384765625,14226.4033203125,240.27902489345246,484.439192920676,240.27902489345246,484.439192920676
Barrow,resp14c_only,Respired 14C,1,2.0,4.0,50,intermediate,13670.6669921875,12901.5703125,1787.2428352403026,2696.5193926856655,1787.2428352403026,2696.5193926856655
Barrow,resp14c_only,Respired 14C,1,2.0,4.0,100,intermediate,12552.361328125,11016.7890625,3462.6837087245394,5065.179641504146,3462.6837087245394,5065.179641504146
Barrow,resp14c_only,Respired 14C,1,2.0,4.0,10,slow,5871.19482421875,5870.34228515625,3.6477627732253417,11.721506664844407,3.6477627732253417,11.721506664844407
Barrow,resp14c_only,Respired 14C,1,2.0,4.0,50,slow,5881.509765625,5875.68212890625,39.07742494062318,71.90003027629365,39.07742494062318,71.90003027629365
Barrow,resp14c_only,Respired 14C,1,2.0,4.0,100,slow,5891.3388671875,5873.05078125,78.64879827309286,144.41022247493515,78.64879827309286,144.41022247493515
Barrow,resp14c_only,Respired 14C,2,2.0,4.0,10,fast,3345.63232421875,2771.7216796875,606.7638851843401,1010.752184736676,606.7638851843401,1010.752184736676
Barrow,resp14c_only,Respired 14C,2,2.0,4.0,50,fast,1337.2467041015625,794.0211791992188,2805.9011257712896,3188.2568377040366,2805.9011257712896,3188.2568377040366
Barrow,resp14c_only,Respired 14C,2,2.0,4.0,100,fast,1060.088623046875,688.6177978515625,4192.3247418342235,4453.783799847942,4192.3247418342235,4453.783799847942
Barrow,resp14c_only,Respired 14C,2,2.0,4.0,10,intermediate,16432.568359375,16361.056640625,229.64346914017437,463.1539420998781,229.64346914017437,463.1539420998781
Barrow,resp14c_only,Respired 14C,2,2.0,4.0,50,intermediate,15824.4287109375,15074.607421875,1712.3471022829262,2593.445718650953,1712.3471022829262,2593.445718650953
Barrow,resp14c_only,Respired 14C,2,2.0,4.0,100,intermediate,14729.1259765625,13198.5224609375,3335.944101050478,4923.433350598362,3335.944101050478,4923.433350598362
Barrow,resp14c_only,Respired 14C,2,2.0,4.0,10,slow,5834.35400390625,5833.443359375,3.943935791271829,12.67312324333555,3.943935791271829,12.67312324333555
Barrow,resp14c_only,Respired 14C,2,2.0,4.0,50,slow,5845.59814453125,5839.64599609375,42.25414870708687,77.74314726671919,42.25414870708687,77.74314726671919
Barrow,resp14c_only,Respired 14C,2,2.0,4.0,100,slow,5856.9052734375,5838.86865234375,85.05157820526637,156.16683728104505,85.05157820526637,156.16683728104505
Barrow,resp14c_only,Respired 14C,3,2.0,4.0,10,fast,3460.58837890625,2881.944580078125,637.061570952276,1063.9256120132811,637.061570952276,1063.9256120132811
Barrow,resp14c_only,Respired 14C,3,2.0,4.0,50,fast,1409.2374267578125,841.0438232421875,2973.417607282381,3392.5338156202997,2973.417607282381,3392.5338156202997
Barrow,resp14c_only,Respired 14C,3,2.0,4.0,100,fast,1100.422119140625,711.2041015625,4449.713640472291,4736.8063241944,4449.713640472291,4736.8063241944
Barrow,resp14c_only,Respired 14C,3,2.0,4.0,10,intermediate,15250.888671875,15188.7431640625,203.98677210413337,411.4522871768899,203.98677210413337,411.4522871768899
Barrow,resp14c_only,Respired 14C,3,2.0,4.0,50,intermediate,14722.1337890625,14061.125,1522.3665490531662,2308.323912874094,1522.3665490531662,2308.323912874094
Barrow,resp14c_only,Respired 14C,3,2.0,4.0,100,intermediate,13753.91796875,12388.2880859375,2970.714529758886,4394.898641400763,2970.714529758886,4394.898641400763
Barrow,resp14c_only,Respired 14C,3,2.0,4.0,10,slow,4235.14404296875,4234.40478515625,3.2003244246702334,10.283545905585461,3.2003244246702334,10.283545905585461
Barrow,resp14c_only,Respired 14C,3,2.0,4.0,50,slow,4244.29931640625,4239.451171875,34.29173894160483,63.090151142609734,34.29173894160483,63.090151142609734
Barrow,resp14c_only,Respired 14C,3,2.0,4.0,100,slow,4253.73779296875,4239.33056640625,69.03527773072847,126.74033078095621,69.03527773072847,126.74033078095621
Barrow,resp14c_only,Respired 14C,4,2.0,4.0,10,fast,3607.8388671875,3023.4697265625,674.03196586216,1129.1184763693618,674.03196586216,1129.1184763693618
Barrow,resp14c_only,Respired 14C,4,2.0,4.0,50,fast,1503.4178466796875,903.4603881835938,3181.7864311561243,3648.9738424197053,3181.7864311561243,3648.9738424197053
Barrow,resp14c_only,Respired 14C,4,2.0,4.0,100,fast,1153.605224609375,740.86376953125,4772.1978766306975,5093.5912026296055,4772.1978766306975,5093.5912026296055
Barrow,resp14c_only,Respired 14C,4,2.0,4.0,10,intermediate,12947.8251953125,12896.693359375,171.6064365055433,346.15593876902074,171.6064365055433,346.15593876902074
Barrow,resp14c_only,Respired 14C,4,2.0,4.0,50,intermediate,12513.0283203125,11961.517578125,1281.2888390884596,1943.61469545235,1281.2888390884596,1943.61469545235
Barrow,resp14c_only,Respired 14C,4,2.0,4.0,100,intermediate,11703.392578125,10553.1357421875,2501.866273966616,3703.83256805653,2501.866273966616,3703.83256805653
Barrow,resp14c_only,Respired 14C,4,2.0,4.0,10,slow,4660.2470703125,4659.5751953125,2.9081876811267784,9.345001775995797,2.9081876811267784,9.345001775995797
Barrow,resp14c_only,Respired 14C,4,2.0,4.0,50,slow,4668.61083984375,4664.12744140625,31.154897160298987,57.324178189106824,31.154897160298987,57.324178189106824
Barrow,resp14c_only,Respired 14C,4,2.0,4.0,100,slow,4677.177734375,4664.45703125,62.707449328636194,115.15157619970063,62.707449328636194,115.15157619970063
Barrow,resp14c_only,Respired 14C,5,2.0,4.0,10,fast,3669.638671875,3082.98095703125,686.6519141286446,1151.667855634521,686.6519141286446,1151.667855634521
Barrow,resp14c_only,Respired 14C,5,2.0,4.0,50,fast,1543.5814208984375,930.3798217773438,3256.2362750365983,3742.2579418501728,3256.2362750365983,3742.2579418501728
Barrow,resp14c_only,Respired 14C,5,2.0,4.0,100,fast,1176.440185546875,753.5693969726562,4888.720756243762,5223.878852360948,4888.720756243762,5223.878852360948
Barrow,resp14c_only,Respired 14C,5,2.0,4.0,10,intermediate,13139.40625,13091.904296875,161.2551108413192,325.3181965269248,161.2551108413192,325.3181965269248
Barrow,resp14c_only,Respired 14C,5,2.0,4.0,50,intermediate,12735.2177734375,12217.6884765625,1205.1947877239259,1830.9158956125964,1205.1947877239259,1830.9158956125964
Barrow,resp14c_only,Respired 14C,5,2.0,4.0,100,intermediate,11973.6142578125,10881.7001953125,2358.381620188936,3503.4374628790647,2358.381620188936,3503.4374628790647
Barrow,resp14c_only,Respired 14C,5,2.0,4.0,10,slow,3868.356689453125,3867.778564453125,2.50312560568468,8.043370939461418,2.50312560568468,8.043370939461418
Barrow,resp14c_only,Respired 14C,5,2.0,4.0,50,slow,3875.520263671875,3871.952392578125,26.816484437291233,49.34113300619711,26.816484437291233,49.34113300619711
Barrow,resp14c_only,Respired 14C,5,2.0,4.0,100,slow,3883.16015625,3872.5947265625,53.977104707342775,99.12097115200518,53.977104707342775,99.12097115200518
Barrow,resp14c_only,Respired 14C,6,2.0,4.0,10,fast,3689.055908203125,3101.688720703125,684.2294493934098,1148.037316847278,684.2294493934098,1148.037316847278
Barrow,resp14c_only,Respired 14C,6,2.0,4.0,50,fast,1556.2701416015625,938.9178466796875,3249.352871221375,3736.801184917329,3249.352871221375,3736.801184917329
Barrow,resp14c_only,Respired 14C,6,2.0,4.0,100,fast,1183.6751708984375,757.5936889648438,4879.935804870334,5216.352612814138,4879.935804870334,5216.352612814138
Barrow,resp14c_only,Respired 14C,6,2.0,4.0,10,intermediate,12479.6181640625,12431.5986328125,163.197254244906,329.20585846953253,163.197254244906,329.20585846953253
Barrow,resp14c_only,Respired 14C,6,2.0,4.0,50,intermediate,12071.7158203125,11549.96484375,1218.9229438028478,1849.7553856793274,1218.9229438028478,1849.7553856793274
Barrow,resp14c_only,Respired 14C,6,2.0,4.0,100,intermediate,11304.8037109375,10209.8603515625,2381.507083648561,3528.4290704160135,2381.507083648561,3528.4290704160135
Barrow,resp14c_only,Respired 14C,6,2.0,4.0,10,slow,3023.087890625,3022.4443359375,2.7523909730041636,8.844001662111157,2.7523909730041636,8.844001662111157
Barrow,resp14c_only,Respired 14C,6,2.0,4.0,50,slow,3030.937255859375,3026.980712890625,29.499523270429503,54.26737223139277,29.499523270429503,54.26737223139277
Barrow,resp14c_only,Respired 14C,6,2.0,4.0,100,slow,3039.0390625,3027.178466796875,59.40162034261239,109.03070223703394,59.40162034261239,109.03070223703394
Barrow,resp14c_only,Respired 14C,7,2.0,4.0,10,fast,3669.743408203125,3083.081298828125,674.6427996935774,1131.5281099546287,674.6427996935774,1131.5281099546287
Barrow,resp14c_only,Respired 14C,7,2.0,4.0,50,fast,1543.648681640625,930.4265747070312,3199.3128102442115,3676.8503072695366,3199.3128102442115,3676.8503072695366
Barrow,resp14c_only,Respired 14C,7,2.0,4.0,100,fast,1176.480224609375,753.5908203125,4803.267237061836,5132.575490512427,4803.267237061836,5132.575490512427
Barrow,resp14c_only,Respired 14C,7,2.0,4.0,10,intermediate,11644.0751953125,11593.4853515625,172.3835333320843,347.66857450851995,172.3835333320843,347.66857450851995
Barrow,resp14c_only,Respired 14C,7,2.0,4.0,50,intermediate,11215.4296875,10671.220703125,1285.711658486299,1946.68575084643,1285.711658486299,1946.68575084643
Barrow,resp14c_only,Respired 14C,7,2.0,4.0,100,intermediate,10417.8447265625,9291.67578125,2503.7919879074743,3689.7525370683916,2503.7919879074743,3689.7525370683916
Barrow,resp14c_only,Respired 14C,7,2.0,4.0,10,slow,2294.2685546875,2293.68701171875,2.51260111319423,8.073302403055909,2.51260111319423,8.073302403055909
Barrow,resp14c_only,Respired 14C,7,2.0,4.0,50,slow,2301.4013671875,2297.6103515625,26.937417566509474,49.546690176130475,26.937417566509474,49.546690176130475
Barrow,resp14c_only,Respired 14C,7,2.0,4.0,100,slow,2308.539794921875,2296.9052734375,54.25673511544369,99.54581725466633,54.25673511544369,99.54581725466633
Barrow,resp14c_only,Respired 14C,8,2.0,4.0,10,fast,3669.743408203125,3083.081298828125,674.6427996935774,1131.5281099546287,674.6427996935774,1131.5281099546287
Barrow,resp14c_only,Respired 14C,8,2.0,4.0,50,fast,1543.648681640625,930.4265747070312,3199.3128102442115,3676.8503072695366,3199.3128102442115,3676.8503072695366
Barrow,resp14c_only,Respired 14C,8,2.0,4.0,100,fast,1176.480224609375,753.5908203125,4803.267237061836,5132.575490512427,4803.267237061836,5132.575490512427
Barrow,resp14c_only,Respired 14C,8,2.0,4.0,10,intermediate,11644.0751953125,11593.4853515625,172.3835333320843,347.66857450851995,172.3835333320843,347.66857450851995
Barrow,resp14c_only,Respired 14C,8,2.0,4.0,50,intermediate,11215.4296875,10671.220703125,1285.711658486299,1946.68575084643,1285.711658486299,1946.68575084643
Barrow,resp14c_only,Respired 14C,8,2.0,4.0,100,intermediate,10417.8447265625,9291.67578125,2503.7919879074743,3689.7525370683916,2503.7919879074743,3689.7525370683916
Barrow,resp14c_only,Respired 14C,8,2.0,4.0,10,slow,2294.2685546875,2293.68701171875,2.51260111319423,8.073302403055909,2.51260111319423,8.073302403055909
Barrow,resp14c_only,Respired 14C,8,2.0,4.0,50,slow,2301.4013671875,2297.6103515625,26.937417566509474,49.546690176130475,26.937417566509474,49.546690176130475
Barrow,resp14c_only,Respired 14C,8,2.0,4.0,100,slow,2308.539794921875,2296.9052734375,54.25673511544369,99.54581725466633,54.25673511544369,99.54581725466633
Barrow,resp14c_only,Respired 14C,9,2.0,4.0,10,fast,3659.220458984375,3072.937255859375,673.4366055966118,1129.2710148524147,673.4366055966118,1129.2710148524147
Barrow,resp14c_only,Respired 14C,9,2.0,4.0,50,fast,1536.7760009765625,925.8063354492188,3191.1234055100967,3666.1162868934507,3191.1234055100967,3666.1162868934507
Barrow,resp14c_only,Respired 14C,9,2.0,4.0,100,fast,1172.5653076171875,751.4136962890625,4790.145363333534,5117.553446640928,4790.145363333534,5117.553446640928
Barrow,resp14c_only,Respired 14C,9,2.0,4.0,10,intermediate,11292.5185546875,11241.5625,173.1269632413123,349.14503672588785,173.1269632413123,349.14503672588785
Barrow,resp14c_only,Respired 14C,9,2.0,4.0,50,intermediate,10861.2080078125,10315.15625,1290.638627177444,1952.6730437308265,1290.638627177444,1952.6730437308265
Barrow,resp14c_only,Respired 14C,9,2.0,4.0,100,intermediate,10061.6533203125,8937.271484375,2510.651136239535,3693.356270028467,2510.651136239535,3693.356270028467
Barrow,resp14c_only,Respired 14C,9,2.0,4.0,10,slow,2929.548828125,2928.924072265625,2.6591155552087615,8.544289900606575,2.6591155552087615,8.544289900606575
Barrow,resp14c_only,Respired 14C,9,2.0,4.0,50,slow,2937.095458984375,2932.994140625,28.499564350201375,52.42627669267154,28.499564350201375,52.42627669267154
Barrow,resp14c_only,Respired 14C,9,2.0,4.0,100,slow,2944.66455078125,2932.088134765625,57.38655666996245,105.3201546975572,57.38655666996245,105.3201546975572
Barrow,resp14c_only,Respired 14C,10,2.0,4.0,10,fast,3659.220458984375,3072.937255859375,673.4366055966118,1129.2710148524147,673.4366055966118,1129.2710148524147
Barrow,resp14c_only,Respired 14C,10,2.0,4.0,50,fast,1536.7760009765625,925.8063354492188,3191.1234055100967,3666.1162868934507,3191.1234055100967,3666.1162868934507
Barrow,resp14c_only,Respired 14C,10,2.0,4.0,100,fast,1172.5653076171875,751.4136962890625,4790.145363333534,5117.553446640928,4790.145363333534,5117.553446640928
Barrow,resp14c_only,Respired 14C,10,2.0,4.0,10,intermediate,11292.5185546875,11241.5625,173.1269632413123,349.14503672588785,173.1269632413123,349.14503672588785
Barrow,resp14c_only,Respired 14C,10,2.0,4.0,50,intermediate,10861.2080078125,10315.15625,1290.638627177444,1952.6730437308265,1290.638627177444,1952.6730437308265
Barrow,resp14c_only,Respired 14C,10,2.0,4.0,100,intermediate,10061.6533203125,8937.271484375,2510.651136239535,3693.356270028467,2510.651136239535,3693.356270028467
Barrow,resp14c_only,Respired 14C,10,2.0,4.0,10,slow,2929.548828125,2928.924072265625,2.6591155552087615,8.544289900606575,2.6591155552087615,8.544289900606575
Barrow,resp14c_only,Respired 14C,10,2.0,4.0,50,slow,2937.095458984375,2932.994140625,28.499564350201375,52.42627669267154,28.499564350201375,52.42627669267154
Barrow,resp14c_only,Respired 14C,10,2.0,4.0,100,slow,2944.66455078125,2932.088134765625,57.38655666996245,105.3201546975572,57.38655666996245,105.3201546975572
Barrow,resp14c_only,Respired 14C,11,2.0,4.0,10,fast,3816.754638671875,3224.861328125,698.5819047606244,1174.9350348328737,698.5819047606244,1174.9350348328737
Barrow,resp14c_only,Respired 14C,11,2.0,4.0,50,fast,1640.628173828125,996.1145629882812,3347.8295638999252,3866.4877416251816,3347.8295638999252,3866.4877416251816
Barrow,resp14c_only,Respired 14C,11,2.0,4.0,100,fast,1232.014892578125,784.455810546875,5038.701654244098,5398.848973370503,5038.701654244098,5398.848973370503
Barrow,resp14c_only,Respired 14C,11,2.0,4.0,10,intermediate,8743.59375,8700.0087890625,151.27388297755198,305.0157827878952,151.27388297755198,305.0157827878952
Barrow,resp14c_only,Respired 14C,11,2.0,4.0,50,intermediate,8376.9619140625,7909.12109375,1126.39122541608,1700.2637522604214,1126.39122541608,1700.2637522604214
Barrow,resp14c_only,Respired 14C,11,2.0,4.0,100,intermediate,7692.83251953125,6735.45263671875,2184.0103826217583,3194.20798822216,2184.0103826217583,3194.20798822216
Barrow,resp14c_only,Respired 14C,11,2.0,4.0,10,slow,2436.453369140625,2435.829833984375,2.649513843809279,8.513215218212078,2.649513843809279,8.513215218212078
Barrow,resp14c_only,Respired 14C,11,2.0,4.0,50,slow,2443.87890625,2439.56494140625,28.404825023673105,52.243260377157696,28.404825023673105,52.243260377157696
Barrow,resp14c_only,Respired 14C,11,2.0,4.0,100,slow,2451.09033203125,2437.917236328125,57.20908097697696,104.94917783883658,57.20908097697696,104.94917783883658
Barrow,stocks_soil14c,Stocks + Soil 14C,0,2.0,4.0,10,fast,5021.67138671875,4396.384765625,700.6169791541049,1199.0185990455743,700.6169791541049,1199.0185990455743
Barrow,stocks_soil14c,Stocks + Soil 14C,0,2.0,4.0,50,fast,2500.386474609375,1615.171142578125,3599.530000377693,4305.083598773372,3599.530000377693,4305.083598773372
Barrow,stocks_soil14c,Stocks + Soil 14C,0,2.0,4.0,100,fast,1751.339111328125,1077.0006103515625,5545.490456474499,6082.96465693106,5545.490456474499,6082.96465693106
Barrow,stocks_soil14c,Stocks + Soil 14C,0,2.0,4.0,10,intermediate,4205.34326171875,4167.14404296875,151.60777292216926,305.17575218895024,151.60777292216926,305.17575218895024
Barrow,stocks_soil14c,Stocks + Soil 14C,0,2.0,4.0,50,intermediate,3903.898193359375,3505.7421875,1118.532652546084,1656.2238049867808,1118.532652546084,1656.2238049867808
Barrow,stocks_soil14c,Stocks + Soil 14C,0,2.0,4.0,100,intermediate,3331.4462890625,2573.98828125,2112.1077927841416,2944.472009798471,2112.1077927841416,2944.472009798471
Barrow,stocks_soil14c,Stocks + Soil 14C,0,2.0,4.0,10,slow,22704.021484375,22702.640625,5.776416397805584,18.56256222718433,5.776416397805584,18.56256222718433
Barrow,stocks_soil14c,Stocks + Soil 14C,0,2.0,4.0,50,slow,22720.25,22708.021484375,61.84407192955632,113.81758918224044,61.84407192955632,113.81758918224044
Barrow,stocks_soil14c,Stocks + Soil 14C,0,2.0,4.0,100,slow,22731.12109375,22688.265625,124.39640683168362,228.52704531221275,124.39640683168362,228.52704531221275
Barrow,stocks_soil14c,Stocks + Soil 14C,1,2.0,4.0,10,fast,5035.548828125,4409.9423828125,697.3950488156327,1193.6917538351602,697.3950488156327,1193.6917538351602
Barrow,stocks_soil14c,Stocks + Soil 14C,1,2.0,4.0,50,fast,2510.85595703125,1623.0587158203125,3585.3432590044013,4289.625407260248,3585.3432590044013,4289.625407260248
Barrow,stocks_soil14c,Stocks + Soil 14C,1,2.0,4.0,100,fast,1757.9720458984375,1080.8197021484375,5525.185755393135,6062.35255443538,5525.185755393135,6062.35255443538
Barrow,stocks_soil14c,Stocks + Soil 14C,1,2.0,4.0,10,intermediate,4180.68505859375,4141.86279296875,155.5891221185666,313.1638161364736,155.5891221185666,313.1638161364736
Barrow,stocks_soil14c,Stocks + Soil 14C,1,2.0,4.0,50,intermediate,3874.895751953125,3471.773681640625,1147.3517950526796,1697.3895982730155,1147.3517950526796,1697.3895982730155
Barrow,stocks_soil14c,Stocks + Soil 14C,1,2.0,4.0,100,intermediate,3295.908203125,2533.0478515625,2163.8922615591814,3010.5295743500874,2163.8922615591814,3010.5295743500874
Barrow,stocks_soil14c,Stocks + Soil 14C,1,2.0,4.0,10,slow,22748.908203125,22747.662109375,5.285875376814895,16.986253690468185,5.285875376814895,16.986253690468185
Barrow,stocks_soil14c,Stocks + Soil 14C,1,2.0,4.0,50,slow,22763.84375,22752.115234375,56.59040225978351,104.15011238060852,56.59040225978351,104.15011238060852
Barrow,stocks_soil14c,Stocks + Soil 14C,1,2.0,4.0,100,slow,22773.8515625,22734.021484375,113.82593493484808,209.11709973494806,113.82593493484808,209.11709973494806
Barrow,stocks_soil14c,Stocks + Soil 14C,2,2.0,4.0,10,fast,5011.62451171875,4386.54638671875,705.8332117652642,1207.806015858167,705.8332117652642,1207.806015858167
Barrow,stocks_soil14c,Stocks + Soil 14C,2,2.0,4.0,50,fast,2492.80419921875,1609.46533203125,3624.5871834642517,4333.934390576609,3624.5871834642517,4333.934390576609
Barrow,stocks_soil14c,Stocks + Soil 14C,2,2.0,4.0,100,fast,1746.5445556640625,1074.237548828125,5582.956798727194,6122.8347284959555,5582.956798727194,6122.8347284959555
Barrow,stocks_soil14c,Stocks + Soil 14C,2,2.0,4.0,10,intermediate,4194.0556640625,4156.927734375,149.73095147711246,301.4261219706414,149.73095147711246,301.4261219706414
Barrow,stocks_soil14c,Stocks + Soil 14C,2,2.0,4.0,50,intermediate,3900.4453125,3511.7109375,1105.3012470125686,1638.288866365966,1105.3012470125686,1638.288866365966
Barrow,stocks_soil14c,Stocks + Soil 14C,2,2.0,4.0,100,intermediate,3340.8203125,2596.67529296875,2090.0140022148826,2920.4099775438144,2090.0140022148826,2920.4099775438144
Barrow,stocks_soil14c,Stocks + Soil 14C,2,2.0,4.0,10,slow,22897.583984375,22896.599609375,4.260002011671672,13.689697413832018,4.260002011671672,13.689697413832018
Barrow,stocks_soil14c,Stocks + Soil 14C,2,2.0,4.0,50,slow,22909.763671875,22900.80078125,45.604103360235385,83.9349841036871,45.604103360235385,83.9349841036871
Barrow,stocks_soil14c,Stocks + Soil 14C,2,2.0,4.0,100,slow,22917.439453125,22888.0859375,91.72263472102215,168.53488766603778,91.72263472102215,168.53488766603778
Barrow,stocks_soil14c,Stocks + Soil 14C,3,2.0,4.0,10,fast,5022.28369140625,4396.98046875,720.94410809849,1233.8142258669902,720.94410809849,1233.8142258669902
Barrow,stocks_soil14c,Stocks + Soil 14C,3,2.0,4.0,50,fast,2500.841064453125,1615.51611328125,3704.070772535588,4430.185313016461,3704.070772535588,4430.185313016461
Barrow,stocks_soil14c,Stocks + Soil 14C,3,2.0,4.0,100,fast,1751.631591796875,1077.16796875,5706.61838293767,6259.783767695233,5706.61838293767,6259.783767695233
Barrow,stocks_soil14c,Stocks + Soil 14C,3,2.0,4.0,10,intermediate,4211.125,4177.20263671875,135.4287520459558,272.72179973369276,135.4287520459558,272.72179973369276
Barrow,stocks_soil14c,Stocks + Soil 14C,3,2.0,4.0,50,intermediate,3941.5693359375,3580.50537109375,1001.7498196377169,1490.0149623545158,1001.7498196377169,1490.0149623545158
Barrow,stocks_soil14c,Stocks + Soil 14C,3,2.0,4.0,100,intermediate,3419.5869140625,2712.473876953125,1903.4702339933974,2681.0650732564245,1903.4702339933974,2681.0650732564245
Barrow,stocks_soil14c,Stocks + Soil 14C,3,2.0,4.0,10,slow,22449.328125,22448.23828125,4.527642114344064,14.549724102840147,4.527642114344064,14.549724102840147
Barrow,stocks_soil14c,Stocks + Soil 14C,3,2.0,4.0,50,slow,22462.31640625,22453.630859375,48.470404108785495,89.20986815322635,48.470404108785495,89.20986815322635
Barrow,stocks_soil14c,Stocks + Soil 14C,3,2.0,4.0,100,slow,22471.58984375,22442.04296875,97.49111689101676,179.13157662353936,97.49111689101676,179.13157662353936
Barrow,stocks_soil14c,Stocks + Soil 14C,4,2.0,4.0,10,fast,5022.28369140625,4396.98046875,720.94410809849,1233.8142258669902,720.94410809849,1233.8142258669902
Barrow,stocks_soil14c,Stocks + Soil 14C,4,2.0,4.0,50,fast,2500.841064453125,1615.51611328125,3704.070772535588,4430.185313016461,3704.070772535588,4430.185313016461
Barrow,stocks_soil14c,Stocks + Soil 14C,4,2.0,4.0,100,fast,1751.631591796875,1077.16796875,5706.61838293767,6259.783767695233,5706.61838293767,6259.783767695233
Barrow,stocks_soil14c,Stocks + Soil 14C,4,2.0,4.0,10,intermediate,4211.125,4177.20263671875,135.4287520459558,272.72179973369276,135.4287520459558,272.72179973369276
Barrow,stocks_soil14c,Stocks + Soil 14C,4,2.0,4.0,50,intermediate,3941.5693359375,3580.50537109375,1001.7498196377169,1490.0149623545158,1001.7498196377169,1490.0149623545158
Barrow,stocks_soil14c,Stocks + Soil 14C,4,2.0,4.0,100,intermediate,3419.5869140625,2712.473876953125,1903.4702339933974,2681.0650732564245,1903.4702339933974,2681.0650732564245
Barrow,stocks_soil14c,Stocks + Soil 14C,4,2.0,4.0,10,slow,22449.328125,22448.23828125,4.527642114344064,14.549724102840147,4.527642114344064,14.549724102840147
Barrow,stocks_soil14c,Stocks + Soil 14C,4,2.0,4.0,50,slow,22462.31640625,22453.630859375,48.470404108785495,89.20986815322635,48.470404108785495,89.20986815322635
Barrow,stocks_soil14c,Stocks + Soil 14C,4,2.0,4.0,100,slow,22471.58984375,22442.04296875,97.49111689101676,179.13157662353936,97.49111689101676,179.13157662353936
Barrow,stocks_soil14c,Stocks + Soil 14C,5,2.0,4.0,10,fast,5079.5546875,4452.99267578125,724.2761081440528,1240.3183803382776,724.2761081440528,1240.3183803382776
Barrow,stocks_soil14c,Stocks + Soil 14C,5,2.0,4.0,50,fast,2544.14599609375,1648.1722412109375,3731.296143303138,4469.207381674335,3731.296143303138,4469.207381674335
Barrow,stocks_soil14c,Stocks + Soil 14C,5,2.0,4.0,100,fast,1779.0823974609375,1093.01025390625,5755.223962833258,6320.252800100182,5755.223962833258,6320.252800100182
Barrow,stocks_soil14c,Stocks + Soil 14C,5,2.0,4.0,10,intermediate,4248.47265625,4215.39404296875,132.79780964414311,267.4525892448353,132.79780964414311,267.4525892448353
Barrow,stocks_soil14c,Stocks + Soil 14C,5,2.0,4.0,50,intermediate,3985.70556640625,3631.2060546875,983.0403461903327,1463.90731812045,983.0403461903327,1463.90731812045
Barrow,stocks_soil14c,Stocks + Soil 14C,5,2.0,4.0,100,intermediate,3472.396728515625,2771.62109375,1871.045627565346,2642.180295009526,1871.045627565346,2642.180295009526
Barrow,stocks_soil14c,Stocks + Soil 14C,5,2.0,4.0,10,slow,22539.60546875,22538.51953125,4.470283484017351,14.365405307244384,4.470283484017351,14.365405307244384
Barrow,stocks_soil14c,Stocks + Soil 14C,5,2.0,4.0,50,slow,22552.48828125,22544.517578125,47.856182229210134,88.07995390013782,47.856182229210134,88.07995390013782
Barrow,stocks_soil14c,Stocks + Soil 14C,5,2.0,4.0,100,slow,22562.208984375,22533.478515625,96.25596894950506,176.8656305995929,96.25596894950506,176.8656305995929
Barrow,stocks_soil14c,Stocks + Soil 14C,6,2.0,4.0,10,fast,4983.87060546875,4359.4208984375,713.2857344316778,1220.1693083261048,713.2857344316778,1220.1693083261048
Barrow,stocks_soil14c,Stocks + Soil 14C,6,2.0,4.0,50,fast,2471.9013671875,1593.7626953125,3657.965155916139,4370.75512485824,3657.965155916139,4370.75512485824
Barrow,stocks_soil14c,Stocks + Soil 14C,6,2.0,4.0,100,fast,1733.356201171875,1066.637939453125,5631.210540508012,6172.3728331852635,5631.210540508012,6172.3728331852635
Barrow,stocks_soil14c,Stocks + Soil 14C,6,2.0,4.0,10,intermediate,4246.8837890625,4211.2158203125,140.44714665742381,282.7887782321663,140.44714665742381,282.7887782321663
Barrow,stocks_soil14c,Stocks + Soil 14C,6,2.0,4.0,50,intermediate,3963.80810546875,3587.311279296875,1037.9173012761444,1541.5209927719477,1037.9173012761444,1541.5209927719477
Barrow,stocks_soil14c,Stocks + Soil 14C,6,2.0,4.0,100,intermediate,3420.519287109375,2691.04443359375,1968.0760878139117,2762.9219733654045,1968.0760878139117,2762.9219733654045
Barrow,stocks_soil14c,Stocks + Soil 14C,6,2.0,4.0,10,slow,22904.248046875,22902.962890625,5.443677232509451,17.493345457538528,5.443677232509451,17.493345457538528
Barrow,stocks_soil14c,Stocks + Soil 14C,6,2.0,4.0,50,slow,22919.693359375,22908.078125,58.280295770559405,107.26050267791447,58.280295770559405,107.26050267791447
Barrow,stocks_soil14c,Stocks + Soil 14C,6,2.0,4.0,100,slow,22930.6875,22892.73046875,117.22693609996243,215.37069866281948,117.22693609996243,215.37069866281948
Barrow,stocks_soil14c,Stocks + Soil 14C,7,2.0,4.0,10,fast,4948.41064453125,4324.76025390625,720.1937307166352,1231.478255390488,720.1937307166352,1231.478255390488
Barrow,stocks_soil14c,Stocks + Soil 14C,7,2.0,4.0,50,fast,2445.270263671875,1573.7916259765625,3687.040997417833,4401.479450881221,3687.040997417833,4401.479450881221
Barrow,stocks_soil14c,Stocks + Soil 14C,7,2.0,4.0,100,fast,1716.587890625,1057.0028076171875,5671.908242415796,6212.6188765990855,5671.908242415796,6212.6188765990855
Barrow,stocks_soil14c,Stocks + Soil 14C,7,2.0,4.0,10,intermediate,4264.8095703125,4230.525390625,134.75700014005835,271.3717708985259,134.75700014005835,271.3717708985259
Barrow,stocks_soil14c,Stocks + Soil 14C,7,2.0,4.0,50,intermediate,3991.55322265625,3627.1796875,996.7046305965041,1482.6652092621916,996.7046305965041,1482.6652092621916
Barrow,stocks_soil14c,Stocks + Soil 14C,7,2.0,4.0,100,intermediate,3464.787109375,2752.400634765625,1894.052652625879,2668.9431213909456,1894.052652625879,2668.9431213909456
Barrow,stocks_soil14c,Stocks + Soil 14C,7,2.0,4.0,10,slow,22384.76171875,22383.57421875,5.014804006338747,16.115188410371598,5.014804006338747,16.115188410371598
Barrow,stocks_soil14c,Stocks + Soil 14C,7,2.0,4.0,50,slow,22398.921875,22388.33203125,53.68752726728042,98.80919977726788,53.68752726728042,98.80919977726788
Barrow,stocks_soil14c,Stocks + Soil 14C,7,2.0,4.0,100,slow,22408.9140625,22374.052734375,107.986598457475,198.4018865891538,107.986598457475,198.4018865891538
Barrow,stocks_soil14c,Stocks + Soil 14C,8,2.0,4.0,10,fast,4907.78076171875,4285.07861328125,705.717054450206,1206.1489509205114,705.717054450206,1206.1489509205114
Barrow,stocks_soil14c,Stocks + Soil 14C,8,2.0,4.0,50,fast,2414.85009765625,1551.039794921875,3605.729103695382,4299.890235669319,3605.729103695382,4299.890235669319
Barrow,stocks_soil14c,Stocks + Soil 14C,8,2.0,4.0,100,fast,1697.4832763671875,1046.0458984375,5542.268123591525,6065.75732468233,5542.268123591525,6065.75732468233
Barrow,stocks_soil14c,Stocks + Soil 14C,8,2.0,4.0,10,intermediate,4296.5615234375,4259.07080078125,146.63689701684794,295.21355977528526,146.63689701684794,295.21355977528526
Barrow,stocks_soil14c,Stocks + Soil 14C,8,2.0,4.0,50,intermediate,3998.618896484375,3606.109375,1082.6077484096886,1605.623323239563,1082.6077484096886,1605.623323239563
Barrow,stocks_soil14c,Stocks + Soil 14C,8,2.0,4.0,100,intermediate,3433.23681640625,2681.357177734375,2048.640519230048,2867.3270427809775,2048.640519230048,2867.3270427809775
Barrow,stocks_soil14c,Stocks + Soil 14C,8,2.0,4.0,10,slow,22591.09375,22589.763671875,5.608823423148458,18.02401743171181,5.608823423148458,18.02401743171181
Barrow,stocks_soil14c,Stocks + Soil 14C,8,2.0,4.0,50,slow,22606.9453125,22594.95703125,60.04935033841778,110.5151245605885,60.04935033841778,110.5151245605885
Barrow,stocks_soil14c,Stocks + Soil 14C,8,2.0,4.0,100,slow,22618.123046875,22577.44140625,120.78670776898119,221.90064435141613,120.78670776898119,221.90064435141613
Barrow,stocks_soil14c,Stocks + Soil 14C,9,2.0,4.0,10,fast,4874.74658203125,4252.81103515625,704.7030061508018,1203.9414201018321,704.7030061508018,1203.9414201018321
Barrow,stocks_soil14c,Stocks + Soil 14C,9,2.0,4.0,50,fast,2390.182861328125,1532.6402587890625,3594.6500246019677,4282.982069641279,3594.6500246019677,4282.982069641279
Barrow,stocks_soil14c,Stocks + Soil 14C,9,2.0,4.0,100,fast,1682.03759765625,1037.203857421875,5521.552055055487,6039.141154118539,5521.552055055487,6039.141154118539
Barrow,stocks_soil14c,Stocks + Soil 14C,9,2.0,4.0,10,intermediate,4319.65966796875,4281.8408203125,148.0330923241993,298.0211064628644,148.0330923241993,298.0211064628644
Barrow,stocks_soil14c,Stocks + Soil 14C,9,2.0,4.0,50,intermediate,4018.833740234375,3623.475830078125,1092.7769366610703,1620.5251855013528,1092.7769366610703,1620.5251855013528
Barrow,stocks_soil14c,Stocks + Soil 14C,9,2.0,4.0,100,intermediate,3449.483154296875,2693.48828125,2067.518898445132,2893.293495043921,2067.518898445132,2893.293495043921
Barrow,stocks_soil14c,Stocks + Soil 14C,9,2.0,4.0,10,slow,22672.76953125,22671.533203125,5.2736425460713585,16.94694596733514,5.2736425460713585,16.94694596733514
Barrow,stocks_soil14c,Stocks + Soil 14C,9,2.0,4.0,50,slow,22687.7109375,22676.173828125,56.45947818823855,103.9094250193048,56.45947818823855,103.9094250193048
Barrow,stocks_soil14c,Stocks + Soil 14C,9,2.0,4.0,100,slow,22698.04296875,22660.30859375,113.56318572983102,208.63923450509157,113.56318572983102,208.63923450509157
Barrow,stocks_soil14c,Stocks + Soil 14C,10,2.0,4.0,10,fast,4874.74658203125,4252.81103515625,704.7030061508018,1203.9414201018321,704.7030061508018,1203.9414201018321
Barrow,stocks_soil14c,Stocks + Soil 14C,10,2.0,4.0,50,fast,2390.182861328125,1532.6402587890625,3594.6500246019677,4282.982069641279,3594.6500246019677,4282.982069641279
Barrow,stocks_soil14c,Stocks + Soil 14C,10,2.0,4.0,100,fast,1682.03759765625,1037.203857421875,5521.552055055487,6039.141154118539,5521.552055055487,6039.141154118539
Barrow,stocks_soil14c,Stocks + Soil 14C,10,2.0,4.0,10,intermediate,4319.65966796875,4281.8408203125,148.0330923241993,298.0211064628644,148.0330923241993,298.0211064628644
Barrow,stocks_soil14c,Stocks + Soil 14C,10,2.0,4.0,50,intermediate,4018.833740234375,3623.475830078125,1092.7769366610703,1620.5251855013528,1092.7769366610703,1620.5251855013528
Barrow,stocks_soil14c,Stocks + Soil 14C,10,2.0,4.0,100,intermediate,3449.483154296875,2693.48828125,2067.518898445132,2893.293495043921,2067.518898445132,2893.293495043921
Barrow,stocks_soil14c,Stocks + Soil 14C,10,2.0,4.0,10,slow,22672.76953125,22671.533203125,5.2736425460713585,16.94694596733514,5.2736425460713585,16.94694596733514
Barrow,stocks_soil14c,Stocks + Soil 14C,10,2.0,4.0,50,slow,22687.7109375,22676.173828125,56.45947818823855,103.9094250193048,56.45947818823855,103.9094250193048
Barrow,stocks_soil14c,Stocks + Soil 14C,10,2.0,4.0,100,slow,22698.04296875,22660.30859375,113.56318572983102,208.63923450509157,113.56318572983102,208.63923450509157
Barrow,stocks_soil14c,Stocks + Soil 14C,11,2.0,4.0,10,fast,4874.74658203125,4252.81103515625,704.7030061508018,1203.9414201018321,704.7030061508018,1203.9414201018321
Barrow,stocks_soil14c,Stocks + Soil 14C,11,2.0,4.0,50,fast,2390.182861328125,1532.6402587890625,3594.6500246019677,4282.982069641279,3594.6500246019677,4282.982069641279
Barrow,stocks_soil14c,Stocks + Soil 14C,11,2.0,4.0,100,fast,1682.03759765625,1037.203857421875,5521.552055055487,6039.141154118539,5521.552055055487,6039.141154118539
Barrow,stocks_soil14c,Stocks + Soil 14C,11,2.0,4.0,10,intermediate,4319.65966796875,4281.8408203125,148.0330923241993,298.0211064628644,148.0330923241993,298.0211064628644
Barrow,stocks_soil14c,Stocks + Soil 14C,11,2.0,4.0,50,intermediate,4018.833740234375,3623.475830078125,1092.7769366610703,1620.5251855013528,1092.7769366610703,1620.5251855013528
Barrow,stocks_soil14c,Stocks + Soil 14C,11,2.0,4.0,100,intermediate,3449.483154296875,2693.48828125,2067.518898445132,2893.293495043921,2067.518898445132,2893.293495043921
Barrow,stocks_soil14c,Stocks + Soil 14C,11,2.0,4.0,10,slow,22672.76953125,22671.533203125,5.2736425460713585,16.94694596733514,5.2736425460713585,16.94694596733514
Barrow,stocks_soil14c,Stocks + Soil 14C,11,2.0,4.0,50,slow,22687.7109375,22676.173828125,56.45947818823855,103.9094250193048,56.45947818823855,103.9094250193048
Barrow,stocks_soil14c,Stocks + Soil 14C,11,2.0,4.0,100,slow,22698.04296875,22660.30859375,113.56318572983102,208.63923450509157,113.56318572983102,208.63923450509157
Barrow,stocks_resp14c,Stocks + Respired 14C,0,2.0,4.0,10,fast,3270.320068359375,2699.6357421875,583.042244322223,969.5402783407899,583.042244322223,969.5402783407899
Barrow,stocks_resp14c,Stocks + Respired 14C,0,2.0,4.0,50,fast,1290.8489990234375,764.0371704101562,2679.3305314457357,3036.077368366679,2679.3305314457357,3036.077368366679
Barrow,stocks_resp14c,Stocks + Respired 14C,0,2.0,4.0,100,fast,1034.2196044921875,674.0721435546875,3999.353601137227,4243.230843046096,3999.353601137227,4243.230843046096
Barrow,stocks_resp14c,Stocks + Respired 14C,0,2.0,4.0,10,intermediate,15235.4248046875,15156.5390625,244.0473539334454,492.044206953202,244.0473539334454,492.044206953202
Barrow,stocks_resp14c,Stocks + Respired 14C,0,2.0,4.0,50,intermediate,14567.669921875,13757.68359375,1815.3349709392896,2739.5516313845387,1815.3349709392896,2739.5516313845387
Barrow,stocks_resp14c,Stocks + Respired 14C,0,2.0,4.0,100,intermediate,13390.654296875,11776.4853515625,3518.2813348848167,5150.326520649982,3518.2813348848167,5150.326520649982
Barrow,stocks_resp14c,Stocks + Respired 14C,0,2.0,4.0,10,slow,13609.064453125,13607.3095703125,7.548126423986232,24.254941994230926,7.548126423986232,24.254941994230926
Barrow,stocks_resp14c,Stocks + Respired 14C,0,2.0,4.0,50,slow,13630.4365234375,13618.40234375,80.85200519614995,148.77013161310643,80.85200519614995,148.77013161310643
Barrow,stocks_resp14c,Stocks + Respired 14C,0,2.0,4.0,100,slow,13650.8046875,13613.3798828125,162.71012801370821,298.7988243206685,162.71012801370821,298.7988243206685
Barrow,stocks_resp14c,Stocks + Respired 14C,1,2.0,4.0,10,fast,3270.320068359375,2699.6357421875,583.042244322223,969.5402783407899,583.042244322223,969.5402783407899
Barrow,stocks_resp14c,Stocks + Respired 14C,1,2.0,4.0,50,fast,1290.8489990234375,764.0371704101562,2679.3305314457357,3036.077368366679,2679.3305314457357,3036.077368366679
Barrow,stocks_resp14c,Stocks + Respired 14C,1,2.0,4.0,100,fast,1034.2196044921875,674.0721435546875,3999.353601137227,4243.230843046096,3999.353601137227,4243.230843046096
Barrow,stocks_resp14c,Stocks + Respired 14C,1,2.0,4.0,10,intermediate,15235.4248046875,15156.5390625,244.0473539334454,492.044206953202,244.0473539334454,492.044206953202
Barrow,stocks_resp14c,Stocks + Respired 14C,1,2.0,4.0,50,intermediate,14567.669921875,13757.68359375,1815.3349709392896,2739.5516313845387,1815.3349709392896,2739.5516313845387
Barrow,stocks_resp14c,Stocks + Respired 14C,1,2.0,4.0,100,intermediate,13390.654296875,11776.4853515625,3518.2813348848167,5150.326520649982,3518.2813348848167,5150.326520649982
Barrow,stocks_resp14c,Stocks + Respired 14C,1,2.0,4.0,10,slow,13609.064453125,13607.3095703125,7.548126423986232,24.254941994230926,7.548126423986232,24.254941994230926
Barrow,stocks_resp14c,Stocks + Respired 14C,1,2.0,4.0,50,slow,13630.4365234375,13618.40234375,80.85200519614995,148.77013161310643,80.85200519614995,148.77013161310643
Barrow,stocks_resp14c,Stocks + Respired 14C,1,2.0,4.0,100,slow,13650.8046875,13613.3798828125,162.71012801370821,298.7988243206685,162.71012801370821,298.7988243206685
Barrow,stocks_resp14c,Stocks + Respired 14C,2,2.0,4.0,10,fast,3230.61767578125,2661.6845703125,580.9450352138083,965.1371844482142,580.9450352138083,965.1371844482142
Barrow,stocks_resp14c,Stocks + Respired 14C,2,2.0,4.0,50,fast,1266.6375732421875,748.4979858398438,2660.6811771306093,3010.5360843497347,2660.6811771306093,3010.5360843497347
Barrow,stocks_resp14c,Stocks + Respired 14C,2,2.0,4.0,100,fast,1020.759033203125,666.4818725585938,3969.6102160571045,4208.81543224875,3969.6102160571045,4208.81543224875
Barrow,stocks_resp14c,Stocks + Respired 14C,2,2.0,4.0,10,intermediate,18685.998046875,18605.955078125,244.72319577745878,493.580822404391,244.72319577745878,493.580822404391
Barrow,stocks_resp14c,Stocks + Respired 14C,2,2.0,4.0,50,intermediate,18004.404296875,17172.56640625,1824.9987981167665,2765.2838579067693,1824.9987981167665,2765.2838579067693
Barrow,stocks_resp14c,Stocks + Respired 14C,2,2.0,4.0,100,intermediate,16790.474609375,15097.603515625,3557.6246124891472,5257.487845924606,3557.6246124891472,5257.487845924606
Barrow,stocks_resp14c,Stocks + Respired 14C,2,2.0,4.0,10,slow,13153.5810546875,13151.7314453125,7.993694565395871,25.686529502057837,7.993694565395871,25.686529502057837
Barrow,stocks_resp14c,Stocks + Respired 14C,2,2.0,4.0,50,slow,13176.3857421875,13164.35546875,85.63247595394586,157.56244796656605,85.63247595394586,157.56244796656605
Barrow,stocks_resp14c,Stocks + Respired 14C,2,2.0,4.0,100,slow,13199.515625,13163.4013671875,172.3486124367236,316.4974127828932,172.3486124367236,316.4974127828932
Barrow,stocks_resp14c,Stocks + Respired 14C,3,2.0,4.0,10,fast,3351.080078125,2776.935791015625,616.9423215794591,1027.8341805269063,616.9423215794591,1027.8341805269063
Barrow,stocks_resp14c,Stocks + Respired 14C,3,2.0,4.0,50,fast,1340.6290283203125,796.2149047851562,2854.2479797125798,3243.826837145778,2854.2479797125798,3243.826837145778
Barrow,stocks_resp14c,Stocks + Respired 14C,3,2.0,4.0,100,fast,1061.9774169921875,689.6763305664062,4264.8692935078125,4531.2764613894,4264.8692935078125,4531.2764613894
Barrow,stocks_resp14c,Stocks + Respired 14C,3,2.0,4.0,10,intermediate,16939.5546875,16870.908203125,214.53807155136843,432.7395021831663,214.53807155136843,432.7395021831663
Barrow,stocks_resp14c,Stocks + Respired 14C,3,2.0,4.0,50,intermediate,16354.712890625,15630.8828125,1601.0949168560142,2428.218548949986,1601.0949168560142,2428.218548949986
Barrow,stocks_resp14c,Stocks + Respired 14C,3,2.0,4.0,100,intermediate,15295.537109375,13806.228515625,3125.2696116002708,4627.047532231449,3125.2696116002708,4627.047532231449
Barrow,stocks_resp14c,Stocks + Respired 14C,3,2.0,4.0,10,slow,13338.3310546875,13336.7392578125,6.861007563186871,22.047097583086455,6.861007563186871,22.047097583086455
Barrow,stocks_resp14c,Stocks + Respired 14C,3,2.0,4.0,50,slow,13357.9931640625,13347.666015625,73.48754369324298,135.22538186474313,73.48754369324298,135.22538186474313
Barrow,stocks_resp14c,Stocks + Respired 14C,3,2.0,4.0,100,slow,13378.365234375,13348.0908203125,147.8867550190713,271.6203510861877,147.8867550190713,271.6203510861877
Barrow,stocks_resp14c,Stocks + Respired 14C,4,2.0,4.0,10,fast,3188.10693359375,2621.087890625,571.5879363394554,948.6094645264006,571.5879363394554,948.6094645264006
Barrow,stocks_resp14c,Stocks + Respired 14C,4,2.0,4.0,50,fast,1240.9091796875,732.0658569335938,2608.2255558290726,2946.528229916181,2608.2255558290726,2946.528229916181
Barrow,stocks_resp14c,Stocks + Respired 14C,4,2.0,4.0,100,fast,1006.4794311523438,658.4139404296875,3889.4403833043225,4120.8480620760065,3889.4403833043225,4120.8480620760065
Barrow,stocks_resp14c,Stocks + Respired 14C,4,2.0,4.0,10,intermediate,20058.9765625,19975.66796875,252.5038363327213,509.30010362585494,252.5038363327213,509.30010362585494
Barrow,stocks_resp14c,Stocks + Respired 14C,4,2.0,4.0,50,intermediate,19349.27734375,18485.462890625,1883.6950373730072,2856.0611746084023,1883.6950373730072,2856.0611746084023
Barrow,stocks_resp14c,Stocks + Respired 14C,4,2.0,4.0,100,intermediate,18088.40234375,16327.7626953125,3675.461781445082,5440.380922772328,3675.461781445082,5440.380922772328
Barrow,stocks_resp14c,Stocks + Respired 14C,4,2.0,4.0,10,slow,13555.6171875,13553.6689453125,8.267544546633989,26.5664670708965,8.267544546633989,26.5664670708965
Barrow,stocks_resp14c,Stocks + Respired 14C,4,2.0,4.0,50,slow,13579.162109375,13566.853515625,88.56629453173531,162.96053720699447,88.56629453173531,162.96053720699447
Barrow,stocks_resp14c,Stocks + Respired 14C,4,2.0,4.0,100,slow,13603.314453125,13566.7109375,178.2548401484823,327.34660224223273,178.2548401484823,327.34660224223273
Barrow,stocks_resp14c,Stocks + Respired 14C,5,2.0,4.0,10,fast,3229.32080078125,2660.442626953125,580.7559241416882,964.792467786618,580.7559241416882,964.792467786618
Barrow,stocks_resp14c,Stocks + Respired 14C,5,2.0,4.0,50,fast,1265.8485107421875,747.9940795898438,2659.5195490732567,3009.0754589282305,2659.5195490732567,3009.0754589282305
Barrow,stocks_resp14c,Stocks + Respired 14C,5,2.0,4.0,100,fast,1020.3187255859375,666.2338256835938,3967.8148262073746,4206.820352590547,3967.8148262073746,4206.820352590547
Barrow,stocks_resp14c,Stocks + Respired 14C,5,2.0,4.0,10,intermediate,18728.119140625,18648.0,245.8232445404462,495.8005514564621,245.8232445404462,495.8005514564621
Barrow,stocks_resp14c,Stocks + Respired 14C,5,2.0,4.0,50,intermediate,18045.8984375,17213.357421875,1833.2318992596533,2777.836283676762,1833.2318992596533,2777.836283676762
Barrow,stocks_resp14c,Stocks + Respired 14C,5,2.0,4.0,100,intermediate,16830.927734375,15136.466796875,3573.8187813449085,5281.782785836813,3573.8187813449085,5281.782785836813
Barrow,stocks_resp14c,Stocks + Respired 14C,5,2.0,4.0,10,slow,13826.740234375,13825.0107421875,7.511815844017589,24.138315770797583,7.511815844017589,24.138315770797583
Barrow,stocks_resp14c,Stocks + Respired 14C,5,2.0,4.0,50,slow,13848.1943359375,13836.9130859375,80.46190455308647,148.05585076690062,80.46190455308647,148.05585076690062
Barrow,stocks_resp14c,Stocks + Respired 14C,5,2.0,4.0,100,slow,13869.9697265625,13836.763671875,161.9266671615013,297.39465583665077,161.9266671615013,297.39465583665077
Barrow,stocks_resp14c,Stocks + Respired 14C,6,2.0,4.0,10,fast,3151.217041015625,2585.888427734375,555.8066552453155,921.5721203494959,555.8066552453155,921.5721203494959
Barrow,stocks_resp14c,Stocks + Respired 14C,6,2.0,4.0,50,fast,1218.7476806640625,717.9759521484375,2528.0180966527687,2851.9773121346907,2528.0180966527687,2851.9773121346907
Barrow,stocks_resp14c,Stocks + Respired 14C,6,2.0,4.0,100,fast,994.1983032226562,651.4556274414062,3768.305251976203,3990.029785042329,3768.305251976203,3990.029785042329
Barrow,stocks_resp14c,Stocks + Respired 14C,6,2.0,4.0,10,intermediate,19257.90625,19169.623046875,269.92611443962824,544.3486201334883,269.92611443962824,544.3486201334883
Barrow,stocks_resp14c,Stocks + Respired 14C,6,2.0,4.0,50,intermediate,18507.673828125,17602.033203125,2011.1004856485865,3043.508053401858,2011.1004856485865,3043.508053401858
Barrow,stocks_resp14c,Stocks + Respired 14C,6,2.0,4.0,100,intermediate,17189.353515625,15366.1435546875,3913.427523705194,5767.930334219452,3913.427523705194,5767.930334219452
Barrow,stocks_resp14c,Stocks + Respired 14C,6,2.0,4.0,10,slow,14785.0146484375,14783.4228515625,6.709985507878309,21.561963679885483,6.709985507878309,21.561963679885483
Barrow,stocks_resp14c,Stocks + Respired 14C,6,2.0,4.0,50,slow,14804.12890625,14793.7392578125,71.8628106895357,132.2402515004016,71.8628106895357,132.2402515004016
Barrow,stocks_resp14c,Stocks + Respired 14C,6,2.0,4.0,100,slow,14823.1708984375,14792.5869140625,144.60032341313365,265.60666523782123,144.60032341313365,265.60666523782123
Barrow,stocks_resp14c,Stocks + Respired 14C,7,2.0,4.0,10,fast,3114.5185546875,2550.896240234375,542.3719314809318,898.459533243019,542.3719314809318,898.459533243019
Barrow,stocks_resp14c,Stocks + Respired 14C,7,2.0,4.0,50,fast,1196.8585205078125,704.1228637695312,2458.875430214047,2770.1421714834205,2458.875430214047,2770.1421714834205
Barrow,stocks_resp14c,Stocks + Respired 14C,7,2.0,4.0,100,fast,982.0848388671875,644.5776977539062,3663.8381228766684,3877.041977919579,3663.8381228766684,3877.041977919579
Barrow,stocks_resp14c,Stocks + Respired 14C,7,2.0,4.0,10,intermediate,20102.734375,20010.009765625,282.694878934886,570.092927495971,282.694878934886,570.092927495971
Barrow,stocks_resp14c,Stocks + Respired 14C,7,2.0,4.0,50,intermediate,19314.83203125,18367.607421875,2106.007041504354,3186.9070475888584,2106.007041504354,3186.9070475888584
Barrow,stocks_resp14c,Stocks + Respired 14C,7,2.0,4.0,100,intermediate,17936.783203125,16033.9873046875,4097.6644105745,6039.055960161925,4097.6644105745,6039.055960161925
Barrow,stocks_resp14c,Stocks + Respired 14C,7,2.0,4.0,10,slow,13350.9462890625,13349.4560546875,6.417529788564766,20.62213758915677,6.417529788564766,20.62213758915677
Barrow,stocks_resp14c,Stocks + Respired 14C,7,2.0,4.0,50,slow,13369.224609375,13359.283203125,68.73353893367303,126.47995251982393,68.73353893367303,126.47995251982393
Barrow,stocks_resp14c,Stocks + Respired 14C,7,2.0,4.0,100,slow,13387.40234375,13357.9453125,138.30955902811428,254.0390083862973,138.30955902811428,254.0390083862973
Barrow,stocks_resp14c,Stocks + Respired 14C,8,2.0,4.0,10,fast,3129.513916015625,2565.1953125,552.0226017247306,914.7970446380756,552.0226017247306,914.7970446380756
Barrow,stocks_resp14c,Stocks + Respired 14C,8,2.0,4.0,50,fast,1205.7855224609375,709.7664794921875,2505.9805089523416,2824.812455132799,2505.9805089523416,2824.812455132799
Barrow,stocks_resp14c,Stocks + Respired 14C,8,2.0,4.0,100,fast,987.020263671875,647.3826904296875,3734.6006202295553,3952.9153664247706,3734.6006202295553,3952.9153664247706
Barrow,stocks_resp14c,Stocks + Respired 14C,8,2.0,4.0,10,intermediate,21457.572265625,21367.87109375,275.7391419770654,556.1603619509768,275.7391419770654,556.1603619509768
Barrow,stocks_resp14c,Stocks + Respired 14C,8,2.0,4.0,50,intermediate,20693.078125,19768.07421875,2056.7788847027227,3118.306837055722,2056.7788847027227,3118.306837055722
Barrow,stocks_resp14c,Stocks + Respired 14C,8,2.0,4.0,100,intermediate,19344.046875,17464.837890625,4012.8202117621154,5939.751019862482,4012.8202117621154,5939.751019862482
Barrow,stocks_resp14c,Stocks + Respired 14C,8,2.0,4.0,10,slow,12999.4912109375,12998.2294921875,5.4217735856657425,17.42252543524754,5.4217735856657425,17.42252543524754
Barrow,stocks_resp14c,Stocks + Respired 14C,8,2.0,4.0,50,slow,13015.048828125,13006.521484375,58.06279876985536,106.84938902607647,58.06279876985536,106.84938902607647
Barrow,stocks_resp14c,Stocks + Respired 14C,8,2.0,4.0,100,slow,13030.74609375,13006.7412109375,116.82757519063514,214.60857318438352,116.82757519063514,214.60857318438352
Barrow,stocks_resp14c,Stocks + Respired 14C,9,2.0,4.0,10,fast,3129.513916015625,2565.1953125,552.0226017247306,914.7970446380756,552.0226017247306,914.7970446380756
Barrow,stocks_resp14c,Stocks + Respired 14C,9,2.0,4.0,50,fast,1205.7855224609375,709.7664794921875,2505.9805089523416,2824.812455132799,2505.9805089523416,2824.812455132799
Barrow,stocks_resp14c,Stocks + Respired 14C,9,2.0,4.0,100,fast,987.020263671875,647.3826904296875,3734.6006202295553,3952.9153664247706,3734.6006202295553,3952.9153664247706
Barrow,stocks_resp14c,Stocks + Respired 14C,9,2.0,4.0,10,intermediate,21457.572265625,21367.87109375,275.7391419770654,556.1603619509768,275.7391419770654,556.1603619509768
Barrow,stocks_resp14c,Stocks + Respired 14C,9,2.0,4.0,50,intermediate,20693.078125,19768.07421875,2056.7788847027227,3118.306837055722,2056.7788847027227,3118.306837055722
Barrow,stocks_resp14c,Stocks + Respired 14C,9,2.0,4.0,100,intermediate,19344.046875,17464.837890625,4012.8202117621154,5939.751019862482,4012.8202117621154,5939.751019862482
Barrow,stocks_resp14c,Stocks + Respired 14C,9,2.0,4.0,10,slow,12999.4912109375,12998.2294921875,5.4217735856657425,17.42252543524754,5.4217735856657425,17.42252543524754
Barrow,stocks_resp14c,Stocks + Respired 14C,9,2.0,4.0,50,slow,13015.048828125,13006.521484375,58.06279876985536,106.84938902607647,58.06279876985536,106.84938902607647
Barrow,stocks_resp14c,Stocks + Respired 14C,9,2.0,4.0,100,slow,13030.74609375,13006.7412109375,116.82757519063514,214.60857318438352,116.82757519063514,214.60857318438352
Barrow,stocks_resp14c,Stocks + Respired 14C,10,2.0,4.0,10,fast,3128.623779296875,2564.34521484375,554.2020146740565,918.3875102197594,554.2020146740565,918.3875102197594
Barrow,stocks_resp14c,Stocks + Respired 14C,10,2.0,4.0,50,fast,1205.2547607421875,709.428955078125,2515.676367649517,2835.64021270136,2515.676367649517,2835.64021270136
Barrow,stocks_resp14c,Stocks + Respired 14C,10,2.0,4.0,100,fast,986.728759765625,647.215087890625,3749.0156249443467,3968.104616646464,3749.0156249443467,3968.104616646464
Barrow,stocks_resp14c,Stocks + Respired 14C,10,2.0,4.0,10,intermediate,21650.470703125,21561.33984375,272.03994118617504,548.712785810083,272.03994118617504,548.712785810083
Barrow,stocks_resp14c,Stocks + Respired 14C,10,2.0,4.0,50,intermediate,20890.87890625,19971.169921875,2029.5728132783606,3077.9519193971273,2029.5728132783606,3077.9519193971273
Barrow,stocks_resp14c,Stocks + Respired 14C,10,2.0,4.0,100,intermediate,19549.4609375,17678.009765625,3961.43129195492,5867.679600788401,3961.43129195492,5867.679600788401
Barrow,stocks_resp14c,Stocks + Respired 14C,10,2.0,4.0,10,slow,15042.353515625,15040.923828125,6.2711116187862785,20.15182749653954,6.2711116187862785,20.15182749653954
Barrow,stocks_resp14c,Stocks + Respired 14C,10,2.0,4.0,50,slow,15060.33984375,15050.79296875,67.15859330156188,123.58800191523062,67.15859330156188,123.58800191523062
Barrow,stocks_resp14c,Stocks + Respired 14C,10,2.0,4.0,100,slow,15078.9345703125,15051.0107421875,135.12954472656799,248.22999053222728,135.12954472656799,248.22999053222728
Barrow,stocks_resp14c,Stocks + Respired 14C,11,2.0,4.0,10,fast,3128.623779296875,2564.34521484375,554.2020146740565,918.3875102197594,554.2020146740565,918.3875102197594
Barrow,stocks_resp14c,Stocks + Respired 14C,11,2.0,4.0,50,fast,1205.2547607421875,709.428955078125,2515.676367649517,2835.64021270136,2515.676367649517,2835.64021270136
Barrow,stocks_resp14c,Stocks + Respired 14C,11,2.0,4.0,100,fast,986.728759765625,647.215087890625,3749.0156249443467,3968.104616646464,3749.0156249443467,3968.104616646464
Barrow,stocks_resp14c,Stocks + Respired 14C,11,2.0,4.0,10,intermediate,21650.470703125,21561.33984375,272.03994118617504,548.712785810083,272.03994118617504,548.712785810083
Barrow,stocks_resp14c,Stocks + Respired 14C,11,2.0,4.0,50,intermediate,20890.87890625,19971.169921875,2029.5728132783606,3077.9519193971273,2029.5728132783606,3077.9519193971273
Barrow,stocks_resp14c,Stocks + Respired 14C,11,2.0,4.0,100,intermediate,19549.4609375,17678.009765625,3961.43129195492,5867.679600788401,3961.43129195492,5867.679600788401
Barrow,stocks_resp14c,Stocks + Respired 14C,11,2.0,4.0,10,slow,15042.353515625,15040.923828125,6.2711116187862785,20.15182749653954,6.2711116187862785,20.15182749653954
Barrow,stocks_resp14c,Stocks + Respired 14C,11,2.0,4.0,50,slow,15060.33984375,15050.79296875,67.15859330156188,123.58800191523062,67.15859330156188,123.58800191523062
Barrow,stocks_resp14c,Stocks + Respired 14C,11,2.0,4.0,100,slow,15078.9345703125,15051.0107421875,135.12954472656799,248.22999053222728,135.12954472656799,248.22999053222728
Barrow,all_observations,All observations,0,2.0,4.0,10,fast,4065.42724609375,3465.356201171875,697.5037879824081,1178.1816856469814,697.5037879824081,1178.1816856469814
Barrow,all_observations,All observations,0,2.0,4.0,50,fast,1809.0377197265625,1112.4315185546875,3398.7023763156044,3956.6753877448855,3398.7023763156044,3956.6753877448855
Barrow,all_observations,All observations,0,2.0,4.0,100,fast,1329.8692626953125,838.8468627929688,5138.213062264992,5531.498536312187,5138.213062264992,5531.498536312187
Barrow,all_observations,All observations,0,2.0,4.0,10,intermediate,4049.43212890625,4007.15771484375,149.26860124962877,300.3154308663626,149.26860124962877,300.3154308663626
Barrow,all_observations,All observations,0,2.0,4.0,50,intermediate,3707.699951171875,3291.84130859375,1095.4100660725578,1613.7419003651835,1095.4100660725578,1613.7419003651835
Barrow,all_observations,All observations,0,2.0,4.0,100,intermediate,3115.85693359375,2373.340576171875,2052.341082274442,2837.935056486554,2052.341082274442,2837.935056486554
Barrow,all_observations,All observations,0,2.0,4.0,10,slow,21130.736328125,21129.50390625,5.314922094645313,17.0795578517168,5.314922094645313,17.0795578517168
Barrow,all_observations,All observations,0,2.0,4.0,50,slow,21145.56640625,21133.50390625,56.90303606785293,104.72327521551509,56.90303606785293,104.72327521551509
Barrow,all_observations,All observations,0,2.0,4.0,100,slow,21153.6640625,21112.470703125,114.45366848698626,210.25710731004784,114.45366848698626,210.25710731004784
Barrow,all_observations,All observations,1,2.0,4.0,10,fast,4065.42724609375,3465.356201171875,697.5037879824081,1178.1816856469814,697.5037879824081,1178.1816856469814
Barrow,all_observations,All observations,1,2.0,4.0,50,fast,1809.0377197265625,1112.4315185546875,3398.7023763156044,3956.6753877448855,3398.7023763156044,3956.6753877448855
Barrow,all_observations,All observations,1,2.0,4.0,100,fast,1329.8692626953125,838.8468627929688,5138.213062264992,5531.498536312187,5138.213062264992,5531.498536312187
Barrow,all_observations,All observations,1,2.0,4.0,10,intermediate,4049.43212890625,4007.15771484375,149.26860124962877,300.3154308663626,149.26860124962877,300.3154308663626
Barrow,all_observations,All observations,1,2.0,4.0,50,intermediate,3707.699951171875,3291.84130859375,1095.4100660725578,1613.7419003651835,1095.4100660725578,1613.7419003651835
Barrow,all_observations,All observations,1,2.0,4.0,100,intermediate,3115.85693359375,2373.340576171875,2052.341082274442,2837.935056486554,2052.341082274442,2837.935056486554
Barrow,all_observations,All observations,1,2.0,4.0,10,slow,21130.736328125,21129.50390625,5.314922094645313,17.0795578517168,5.314922094645313,17.0795578517168
Barrow,all_observations,All observations,1,2.0,4.0,50,slow,21145.56640625,21133.50390625,56.90303606785293,104.72327521551509,56.90303606785293,104.72327521551509
Barrow,all_observations,All observations,1,2.0,4.0,100,slow,21153.6640625,21112.470703125,114.45366848698626,210.25710731004784,114.45366848698626,210.25710731004784
Barrow,all_observations,All observations,2,2.0,4.0,10,fast,4065.42724609375,3465.356201171875,697.5037879824081,1178.1816856469814,697.5037879824081,1178.1816856469814
Barrow,all_observations,All observations,2,2.0,4.0,50,fast,1809.0377197265625,1112.4315185546875,3398.7023763156044,3956.6753877448855,3398.7023763156044,3956.6753877448855
Barrow,all_observations,All observations,2,2.0,4.0,100,fast,1329.8692626953125,838.8468627929688,5138.213062264992,5531.498536312187,5138.213062264992,5531.498536312187
Barrow,all_observations,All observations,2,2.0,4.0,10,intermediate,4049.43212890625,4007.15771484375,149.26860124962877,300.3154308663626,149.26860124962877,300.3154308663626
Barrow,all_observations,All observations,2,2.0,4.0,50,intermediate,3707.699951171875,3291.84130859375,1095.4100660725578,1613.7419003651835,1095.4100660725578,1613.7419003651835
Barrow,all_observations,All observations,2,2.0,4.0,100,intermediate,3115.85693359375,2373.340576171875,2052.341082274442,2837.935056486554,2052.341082274442,2837.935056486554
Barrow,all_observations,All observations,2,2.0,4.0,10,slow,21130.736328125,21129.50390625,5.314922094645313,17.0795578517168,5.314922094645313,17.0795578517168
Barrow,all_observations,All observations,2,2.0,4.0,50,slow,21145.56640625,21133.50390625,56.90303606785293,104.72327521551509,56.90303606785293,104.72327521551509
Barrow,all_observations,All observations,2,2.0,4.0,100,slow,21153.6640625,21112.470703125,114.45366848698626,210.25710731004784,114.45366848698626,210.25710731004784
Barrow,all_observations,All observations,3,2.0,4.0,10,fast,4042.5654296875,3443.207275390625,696.0716185224375,1175.318921037922,696.0716185224375,1175.318921037922
Barrow,all_observations,All observations,3,2.0,4.0,50,fast,1793.3331298828125,1101.4700927734375,3386.7346983157922,3939.917114152854,3386.7346983157922,3939.917114152854
Barrow,all_observations,All observations,3,2.0,4.0,100,fast,1320.6649169921875,833.7261352539062,5117.947719537597,5507.265340277623,5117.947719537597,5507.265340277623
Barrow,all_observations,All observations,3,2.0,4.0,10,intermediate,4235.16943359375,4192.4111328125,151.51119449623405,304.8694668241034,151.51119449623405,304.8694668241034
Barrow,all_observations,All observations,3,2.0,4.0,50,intermediate,3888.583984375,3465.75146484375,1112.8446620328039,1641.8837783995245,1112.8446620328039,1641.8837783995245
Barrow,all_observations,All observations,3,2.0,4.0,100,intermediate,3285.7802734375,2524.4091796875,2089.3269337592187,2898.77261642354,2089.3269337592187,2898.77261642354
Barrow,all_observations,All observations,3,2.0,4.0,10,slow,21052.560546875,21051.416015625,4.745286013572471,15.249081492263139,4.745286013572471,15.249081492263139
Barrow,all_observations,All observations,3,2.0,4.0,50,slow,21065.783203125,21054.833984375,50.801902915085556,93.49724572830027,50.801902915085556,93.49724572830027
Barrow,all_observations,All observations,3,2.0,4.0,100,slow,21073.685546875,21037.728515625,102.18094785334077,187.72441009614516,102.18094785334077,187.72441009614516
Barrow,all_observations,All observations,4,2.0,4.0,10,fast,4042.5654296875,3443.207275390625,696.0716185224375,1175.318921037922,696.0716185224375,1175.318921037922
Barrow,all_observations,All observations,4,2.0,4.0,50,fast,1793.3331298828125,1101.4700927734375,3386.7346983157922,3939.917114152854,3386.7346983157922,3939.917114152854
Barrow,all_observations,All observations,4,2.0,4.0,100,fast,1320.6649169921875,833.7261352539062,5117.947719537597,5507.265340277623,5117.947719537597,5507.265340277623
Barrow,all_observations,All observations,4,2.0,4.0,10,intermediate,4235.16943359375,4192.4111328125,151.51119449623405,304.8694668241034,151.51119449623405,304.8694668241034
Barrow,all_observations,All observations,4,2.0,4.0,50,intermediate,3888.583984375,3465.75146484375,1112.8446620328039,1641.8837783995245,1112.8446620328039,1641.8837783995245
Barrow,all_observations,All observations,4,2.0,4.0,100,intermediate,3285.7802734375,2524.4091796875,2089.3269337592187,2898.77261642354,2089.3269337592187,2898.77261642354
Barrow,all_observations,All observations,4,2.0,4.0,10,slow,21052.560546875,21051.416015625,4.745286013572471,15.249081492263139,4.745286013572471,15.249081492263139
Barrow,all_observations,All observations,4,2.0,4.0,50,slow,21065.783203125,21054.833984375,50.801902915085556,93.49724572830027,50.801902915085556,93.49724572830027
Barrow,all_observations,All observations,4,2.0,4.0,100,slow,21073.685546875,21037.728515625,102.18094785334077,187.72441009614516,102.18094785334077,187.72441009614516
Barrow,all_observations,All observations,5,2.0,4.0,10,fast,4096.73779296875,3495.69384765625,703.0459681581481,1188.1494748426035,703.0459681581481,1188.1494748426035
Barrow,all_observations,All observations,5,2.0,4.0,50,fast,1830.6119384765625,1127.526611328125,3432.5548580885543,3999.9821448831162,3432.5548580885543,3999.9821448831162
Barrow,all_observations,All observations,5,2.0,4.0,100,fast,1342.536865234375,845.8989868164062,5192.421218048134,5593.2202559215,5192.421218048134,5593.2202559215
Barrow,all_observations,All observations,5,2.0,4.0,10,intermediate,3986.94677734375,3946.130859375,146.3882610730033,294.5440005088431,146.3882610730033,294.5440005088431
Barrow,all_observations,All observations,5,2.0,4.0,50,intermediate,3656.85791015625,3253.25390625,1074.9182325329236,1584.8561747225158,1074.9182325329236,1584.8561747225158
Barrow,all_observations,All observations,5,2.0,4.0,100,intermediate,3081.748291015625,2356.64306640625,2016.2922821809975,2792.7304756362205,2016.2922821809975,2792.7304756362205
Barrow,all_observations,All observations,5,2.0,4.0,10,slow,21150.169921875,21149.16796875,4.289563367996921,13.784660035639053,4.289563367996921,13.784660035639053
Barrow,all_observations,All observations,5,2.0,4.0,50,slow,21162.2890625,21151.955078125,45.921775308376,84.51710881422906,45.921775308376,84.51710881422906
Barrow,all_observations,All observations,5,2.0,4.0,100,slow,21168.970703125,21135.21484375,92.3620831415869,169.69324281179735,92.3620831415869,169.69324281179735
Barrow,all_observations,All observations,6,2.0,4.0,10,fast,4093.104248046875,3492.171142578125,702.5987674632015,1187.3239250261395,702.5987674632015,1187.3239250261395
Barrow,all_observations,All observations,6,2.0,4.0,50,fast,1828.1009521484375,1125.7674560546875,3429.5824168862205,3996.063990184452,3429.5824168862205,3996.063990184452
Barrow,all_observations,All observations,6,2.0,4.0,100,fast,1341.0643310546875,845.0780639648438,5187.570486046767,5587.6003629283305,5187.570486046767,5587.6003629283305
Barrow,all_observations,All observations,6,2.0,4.0,10,intermediate,4075.5185546875,4034.558349609375,145.83794912704974,293.4588166533523,145.83794912704974,293.4588166533523
Barrow,all_observations,All observations,6,2.0,4.0,50,intermediate,3743.857666015625,3337.50341796875,1071.4078086368131,1580.9552274853197,1071.4078086368131,1580.9552274853197
Barrow,all_observations,All observations,6,2.0,4.0,100,intermediate,3164.25927734375,2430.662353515625,2011.9625993869306,2791.6889579134595,2011.9625993869306,2791.6889579134595
Barrow,all_observations,All observations,6,2.0,4.0,10,slow,21695.53515625,21694.357421875,4.766923183554644,15.318620724328637,4.766923183554644,15.318620724328637
Barrow,all_observations,All observations,6,2.0,4.0,50,slow,21708.818359375,21697.810546875,51.03313622436036,93.92313277068797,51.03313622436036,93.92313277068797
Barrow,all_observations,All observations,6,2.0,4.0,100,slow,21716.853515625,21680.70703125,102.64534721568654,188.58036282148424,102.64534721568654,188.58036282148424
Barrow,all_observations,All observations,7,2.0,4.0,10,fast,4093.104248046875,3492.171142578125,702.5987674632015,1187.3239250261395,702.5987674632015,1187.3239250261395
Barrow,all_observations,All observations,7,2.0,4.0,50,fast,1828.1009521484375,1125.7674560546875,3429.5824168862205,3996.063990184452,3429.5824168862205,3996.063990184452
Barrow,all_observations,All observations,7,2.0,4.0,100,fast,1341.0643310546875,845.0780639648438,5187.570486046767,5587.6003629283305,5187.570486046767,5587.6003629283305
Barrow,all_observations,All observations,7,2.0,4.0,10,intermediate,4075.5185546875,4034.558349609375,145.83794912704974,293.4588166533523,145.83794912704974,293.4588166533523
Barrow,all_observations,All observations,7,2.0,4.0,50,intermediate,3743.857666015625,3337.50341796875,1071.4078086368131,1580.9552274853197,1071.4078086368131,1580.9552274853197
Barrow,all_observations,All observations,7,2.0,4.0,100,intermediate,3164.25927734375,2430.662353515625,2011.9625993869306,2791.6889579134595,2011.9625993869306,2791.6889579134595
Barrow,all_observations,All observations,7,2.0,4.0,10,slow,21695.53515625,21694.357421875,4.766923183554644,15.318620724328637,4.766923183554644,15.318620724328637
Barrow,all_observations,All observations,7,2.0,4.0,50,slow,21708.818359375,21697.810546875,51.03313622436036,93.92313277068797,51.03313622436036,93.92313277068797
Barrow,all_observations,All observations,7,2.0,4.0,100,slow,21716.853515625,21680.70703125,102.64534721568654,188.58036282148424,102.64534721568654,188.58036282148424
Barrow,all_observations,All observations,8,2.0,4.0,10,fast,4093.104248046875,3492.171142578125,702.5987674632015,1187.3239250261395,702.5987674632015,1187.3239250261395
Barrow,all_observations,All observations,8,2.0,4.0,50,fast,1828.1009521484375,1125.7674560546875,3429.5824168862205,3996.063990184452,3429.5824168862205,3996.063990184452
Barrow,all_observations,All observations,8,2.0,4.0,100,fast,1341.0643310546875,845.0780639648438,5187.570486046767,5587.6003629283305,5187.570486046767,5587.6003629283305
Barrow,all_observations,All observations,8,2.0,4.0,10,intermediate,4075.5185546875,4034.558349609375,145.83794912704974,293.4588166533523,145.83794912704974,293.4588166533523
Barrow,all_observations,All observations,8,2.0,4.0,50,intermediate,3743.857666015625,3337.50341796875,1071.4078086368131,1580.9552274853197,1071.4078086368131,1580.9552274853197
Barrow,all_observations,All observations,8,2.0,4.0,100,intermediate,3164.25927734375,2430.662353515625,2011.9625993869306,2791.6889579134595,2011.9625993869306,2791.6889579134595
Barrow,all_observations,All observations,8,2.0,4.0,10,slow,21695.53515625,21694.357421875,4.766923183554644,15.318620724328637,4.766923183554644,15.318620724328637
Barrow,all_observations,All observations,8,2.0,4.0,50,slow,21708.818359375,21697.810546875,51.03313622436036,93.92313277068797,51.03313622436036,93.92313277068797
Barrow,all_observations,All observations,8,2.0,4.0,100,slow,21716.853515625,21680.70703125,102.64534721568654,188.58036282148424,102.64534721568654,188.58036282148424
Barrow,all_observations,All observations,9,2.0,4.0,10,fast,4146.73095703125,3544.157470703125,721.350373678544,1220.0616808633863,721.350373678544,1220.0616808633863
Barrow,all_observations,All observations,9,2.0,4.0,50,fast,1865.228271484375,1151.8359375,3533.0315384928153,4123.419948811681,3533.0315384928153,4123.419948811681
Barrow,all_observations,All observations,9,2.0,4.0,100,fast,1362.9342041015625,857.2586059570312,5349.444123086894,5767.90940431242,5349.444123086894,5767.90940431242
Barrow,all_observations,All observations,9,2.0,4.0,10,intermediate,4115.0400390625,4078.732177734375,129.17490314398606,260.0566957948788,129.17490314398606,260.0566957948788
Barrow,all_observations,All observations,9,2.0,4.0,50,intermediate,3819.083740234375,3449.477294921875,952.1952229197423,1412.4041879605816,952.1952229197423,1412.4041879605816
Barrow,all_observations,All observations,9,2.0,4.0,100,intermediate,3288.302978515625,2597.92236328125,1801.2497243124303,2527.842247007987,1801.2497243124303,2527.842247007987
Barrow,all_observations,All observations,9,2.0,4.0,10,slow,21484.44140625,21483.32421875,4.640987543420987,14.913931987266459,4.640987543420987,14.913931987266459
Barrow,all_observations,All observations,9,2.0,4.0,50,slow,21497.58984375,21487.291015625,49.68476926042126,91.4426311931871,49.68476926042126,91.4426311931871
Barrow,all_observations,All observations,9,2.0,4.0,100,slow,21505.95703125,21472.630859375,99.93390521529852,183.605705461074,99.93390521529852,183.605705461074
Barrow,all_observations,All observations,10,2.0,4.0,10,fast,4093.9921875,3493.036376953125,711.974400563065,1203.1855020156777,711.974400563065,1203.1855020156777
Barrow,all_observations,All observations,10,2.0,4.0,50,fast,1828.7147216796875,1126.2012939453125,3475.5413622837123,4049.7304042633377,3475.5413622837123,4049.7304042633377
Barrow,all_observations,All observations,10,2.0,4.0,100,fast,1341.42431640625,845.2791137695312,5257.176601610342,5662.676744093127,5257.176601610342,5662.676744093127
Barrow,all_observations,All observations,10,2.0,4.0,10,intermediate,4400.37255859375,4361.59033203125,137.4214693759236,276.6599558207191,137.4214693759236,276.6599558207191
Barrow,all_observations,All observations,10,2.0,4.0,50,intermediate,4083.884765625,3690.1064453125,1012.9318046516366,1502.6684145863805,1012.9318046516366,1502.6684145863805
Barrow,all_observations,All observations,10,2.0,4.0,100,intermediate,3518.527099609375,2783.91259765625,1916.4014714437546,2690.6445982242017,1916.4014714437546,2690.6445982242017
Barrow,all_observations,All observations,10,2.0,4.0,10,slow,21520.7421875,21519.626953125,4.634739853932327,14.893856294984618,4.634739853932327,14.893856294984618
Barrow,all_observations,All observations,10,2.0,4.0,50,slow,21533.87109375,21523.603515625,49.61783341145934,91.3195164688654,49.61783341145934,91.3195164688654
Barrow,all_observations,All observations,10,2.0,4.0,100,slow,21542.212890625,21509.16015625,99.79915943413977,183.35884042711274,99.79915943413977,183.35884042711274
Barrow,all_observations,All observations,11,2.0,4.0,10,fast,4098.29638671875,3497.208251953125,705.1775980766636,1191.7825743561664,705.1775980766636,1191.7825743561664
Barrow,all_observations,All observations,11,2.0,4.0,50,fast,1831.6851806640625,1128.283447265625,3443.302380311528,4012.7060419388026,3443.302380311528,4012.7060419388026
Barrow,all_observations,All observations,11,2.0,4.0,100,fast,1343.1693115234375,846.2531127929688,5208.831940248506,5611.074646252049,5208.831940248506,5611.074646252049
Barrow,all_observations,All observations,11,2.0,4.0,10,intermediate,4284.7392578125,4244.37353515625,144.04189508470438,289.91761667647995,144.04189508470438,289.91761667647995
Barrow,all_observations,All observations,11,2.0,4.0,50,intermediate,3956.600341796875,3551.266845703125,1060.0038544306708,1568.3495055004369,1060.0038544306708,1568.3495055004369
Barrow,all_observations,All observations,11,2.0,4.0,100,intermediate,3376.52001953125,2632.3759765625,1998.0564600857294,2788.811979914001,1998.0564600857294,2788.811979914001
Barrow,all_observations,All observations,11,2.0,4.0,10,slow,21997.00390625,21995.921875,4.479250337493856,14.394211876845688,4.479250337493856,14.394211876845688
Barrow,all_observations,All observations,11,2.0,4.0,50,slow,22009.755859375,21999.392578125,47.952530771386556,88.2549408694093,47.952530771386556,88.2549408694093
Barrow,all_observations,All observations,11,2.0,4.0,100,slow,22017.275390625,21983.82421875,96.44755977824033,177.20263256982633,96.44755977824033,177.20263256982633
Howland Forest,prior_only,Prior,0,2.0,4.0,10,fast,205.33425903320312,66.80613708496094,1253.2587207836932,1360.0929503121984,1253.2587207836932,1360.0929503121984
Howland Forest,prior_only,Prior,0,2.0,4.0,50,fast,486.51568603515625,322.6776428222656,5119.5371049528185,5245.989577494904,5119.5371049528185,5245.989577494904
Howland Forest,prior_only,Prior,0,2.0,4.0,100,fast,927.7877197265625,843.9326171875,8633.40762469684,8698.31987396127,8633.40762469684,8698.31987396127
Howland Forest,prior_only,Prior,0,2.0,4.0,10,intermediate,2499.063720703125,2255.110107421875,600.8892714391179,845.9427549160889,600.8892714391179,845.9427549160889
Howland Forest,prior_only,Prior,0,2.0,4.0,50,intermediate,1415.339111328125,1025.641357421875,2576.224637431487,2956.0382818093176,2576.224637431487,2956.0382818093176
Howland Forest,prior_only,Prior,0,2.0,4.0,100,intermediate,848.6446533203125,553.297607421875,3999.2932966446324,4278.979583830695,3999.2932966446324,4278.979583830695
Howland Forest,prior_only,Prior,0,2.0,4.0,10,slow,3512.370361328125,3506.628173828125,77.29736218837623,113.34141478203836,77.29736218837623,113.34141478203836
Howland Forest,prior_only,Prior,0,2.0,4.0,50,slow,3386.977783203125,3275.21484375,447.1554753642406,605.8916121594539,447.1554753642406,605.8916121594539
Howland Forest,prior_only,Prior,0,2.0,4.0,100,slow,3142.852783203125,2894.47265625,867.398347198203,1150.3579993529822,867.398347198203,1150.3579993529822
Howland Forest,prior_only,Prior,1,2.0,4.0,10,fast,191.76185607910156,59.836849212646484,1346.8161583536057,1457.2971688173216,1346.8161583536057,1457.2971688173216
Howland Forest,prior_only,Prior,1,2.0,4.0,50,fast,472.4333190917969,311.9333190917969,5545.88668428333,5680.410775742915,5545.88668428333,5680.410775742915
Howland Forest,prior_only,Prior,1,2.0,4.0,100,fast,921.15478515625,837.778076171875,9355.586671231458,9425.684384380173,9355.586671231458,9425.684384380173
Howland Forest,prior_only,Prior,1,2.0,4.0,10,intermediate,1904.82568359375,1729.3092041015625,437.75584380268367,617.6449909420597,437.75584380268367,617.6449909420597
Howland Forest,prior_only,Prior,1,2.0,4.0,50,intermediate,1104.1861572265625,805.5368041992188,1905.0945654912532,2201.7523631880154,1905.0945654912532,2201.7523631880154
Howland Forest,prior_only,Prior,1,2.0,4.0,100,intermediate,665.0820922851562,432.8777160644531,2973.598652898163,3198.1569935988855,2973.598652898163,3198.1569935988855
Howland Forest,prior_only,Prior,1,2.0,4.0,10,slow,2905.95166015625,2902.978515625,42.4457811568915,62.24962781178655,42.4457811568915,62.24962781178655
Howland Forest,prior_only,Prior,1,2.0,4.0,50,slow,2838.868408203125,2777.535888671875,246.65818359052773,335.7124620445715,246.65818359052773,335.7124620445715
Howland Forest,prior_only,Prior,1,2.0,4.0,100,slow,2702.02197265625,2557.91650390625,483.34962047343197,648.3956674611358,483.34962047343197,648.3956674611358
Howland Forest,prior_only,Prior,2,2.0,4.0,10,fast,585.450439453125,296.77142333984375,1332.3397300828142,1531.9063035938655,1332.3397300828142,1531.9063035938655
Howland Forest,prior_only,Prior,2,2.0,4.0,50,fast,783.31640625,562.1152954101562,4852.304978042981,5005.238964135775,4852.304978042981,5005.238964135775
Howland Forest,prior_only,Prior,2,2.0,4.0,100,fast,1066.5601806640625,959.854736328125,8108.29246035929,8182.148279161137,8108.29246035929,8182.148279161137
Howland Forest,prior_only,Prior,2,2.0,4.0,10,intermediate,8677.5087890625,8348.2841796875,873.4061655356331,1262.1157559267872,873.4061655356331,1262.1157559267872
Howland Forest,prior_only,Prior,2,2.0,4.0,50,intermediate,6420.869140625,5296.49755859375,4427.0938988562175,5535.707458636576,4427.0938988562175,5535.707458636576
Howland Forest,prior_only,Prior,2,2.0,4.0,100,intermediate,4530.00341796875,3205.259521484375,7531.547036497076,8793.59716509216,7531.547036497076,8793.59716509216
Howland Forest,prior_only,Prior,2,2.0,4.0,10,slow,2528.900390625,2527.096435546875,66.86922473750855,98.07800435025884,66.86922473750855,98.07800435025884
Howland Forest,prior_only,Prior,2,2.0,4.0,50,slow,2475.347412109375,2418.5732421875,389.04750734283243,529.6453378296426,389.04750734283243,529.6453378296426
Howland Forest,prior_only,Prior,2,2.0,4.0,100,slow,2337.422607421875,2176.393798828125,761.6451228082722,1018.0147003233867,761.6451228082722,1018.0147003233867
Howland Forest,prior_only,Prior,3,2.0,4.0,10,fast,119.38014221191406,24.99566078186035,1076.985974800714,1144.6414345496148,1076.985974800714,1144.6414345496148
Howland Forest,prior_only,Prior,3,2.0,4.0,50,fast,388.81939697265625,249.84298706054688,4681.759118205579,4781.517556729468,4681.759118205579,4781.517556729468
Howland Forest,prior_only,Prior,3,2.0,4.0,100,fast,880.1846313476562,798.7197875976562,7914.3563841123105,7973.060616079305,7914.3563841123105,7973.060616079305
Howland Forest,prior_only,Prior,3,2.0,4.0,10,intermediate,1672.3809814453125,1401.22802734375,759.8421014912101,1039.0554739811425,759.8421014912101,1039.0554739811425
Howland Forest,prior_only,Prior,3,2.0,4.0,50,intermediate,855.2088623046875,626.18505859375,2848.654549506199,3100.0729972487743,2848.654549506199,3100.0729972487743
Howland Forest,prior_only,Prior,3,2.0,4.0,100,intermediate,508.4102478027344,348.44085693359375,4359.611677186,4531.073630046617,4359.611677186,4531.073630046617
Howland Forest,prior_only,Prior,3,2.0,4.0,10,slow,1363.0054931640625,1356.4532470703125,53.6786291139061,78.63352051145793,53.6786291139061,78.63352051145793
Howland Forest,prior_only,Prior,3,2.0,4.0,50,slow,1249.7391357421875,1164.6571044921875,304.6005810562487,406.2561114448739,304.6005810562487,406.2561114448739
Howland Forest,prior_only,Prior,3,2.0,4.0,100,slow,1081.572509765625,929.8152465820312,572.3502845715274,735.4078552463109,572.3502845715274,735.4078552463109
Howland Forest,prior_only,Prior,4,2.0,4.0,10,fast,120.78082275390625,25.62735366821289,1283.0704068154955,1364.2019107347269,1283.0704068154955,1364.2019107347269
Howland Forest,prior_only,Prior,4,2.0,4.0,50,fast,390.6077575683594,251.13768005371094,5570.423597792121,5689.501933159405,5570.423597792121,5689.501933159405
Howland Forest,prior_only,Prior,4,2.0,4.0,100,fast,881.09912109375,799.6089477539062,9416.16934150963,9486.013975433443,9416.16934150963,9486.013975433443
Howland Forest,prior_only,Prior,4,2.0,4.0,10,intermediate,1809.9285888671875,1646.4940185546875,398.2580159197536,561.9373397395466,398.2580159197536,561.9373397395466
Howland Forest,prior_only,Prior,4,2.0,4.0,50,intermediate,1074.4349365234375,788.787109375,1748.6012204091483,2031.0730356019844,1748.6012204091483,2031.0730356019844
Howland Forest,prior_only,Prior,4,2.0,4.0,100,intermediate,649.0595703125,423.9425048828125,2743.3416924194803,2962.140246234233,2743.3416924194803,2962.140246234233
Howland Forest,prior_only,Prior,4,2.0,4.0,10,slow,3166.947998046875,3164.504638671875,34.171480221355665,50.11840328397646,34.171480221355665,50.11840328397646
Howland Forest,prior_only,Prior,4,2.0,4.0,50,slow,3113.64306640625,3064.501708984375,199.00729499523848,271.45852185546187,199.00729499523848,271.45852185546187
Howland Forest,prior_only,Prior,4,2.0,4.0,100,slow,3002.811279296875,2883.886962890625,392.0055718066338,529.0056417708322,392.0055718066338,529.0056417708322
Howland Forest,prior_only,Prior,5,2.0,4.0,10,fast,272.64593505859375,103.02516174316406,1278.0542747675536,1405.6670468392085,1278.0542747675536,1405.6670468392085
Howland Forest,prior_only,Prior,5,2.0,4.0,50,fast,551.0245361328125,372.8161315917969,5050.7507281371345,5184.903628181322,5050.7507281371345,5184.903628181322
Howland Forest,prior_only,Prior,5,2.0,4.0,100,fast,957.6744995117188,870.9818725585938,8503.709847095814,8569.130550269994,8503.709847095814,8569.130550269994
Howland Forest,prior_only,Prior,5,2.0,4.0,10,intermediate,3413.768798828125,3145.388671875,674.112330390958,957.1371815663357,674.112330390958,957.1371815663357
Howland Forest,prior_only,Prior,5,2.0,4.0,50,intermediate,2062.369140625,1529.37548828125,3032.2893981128605,3558.6838037259313,3032.2893981128605,3558.6838037259313
Howland Forest,prior_only,Prior,5,2.0,4.0,100,intermediate,1264.477294921875,819.8648681640625,4789.938812843988,5215.097478557889,4789.938812843988,5215.097478557889
Howland Forest,prior_only,Prior,5,2.0,4.0,10,slow,2818.796630859375,2814.865966796875,66.46752877526278,97.46909015126707,66.46752877526278,97.46909015126707
Howland Forest,prior_only,Prior,5,2.0,4.0,50,slow,2725.9609375,2639.236083984375,384.98332838579574,522.0625678511861,384.98332838579574,522.0625678511861
Howland Forest,prior_only,Prior,5,2.0,4.0,100,slow,2531.468994140625,2327.76513671875,747.6729183767743,992.0028101750497,747.6729183767743,992.0028101750497
Howland Forest,prior_only,Prior,6,2.0,4.0,10,fast,-10.741950988769531,-19.69005584716797,724.5648420607678,730.5216056927044,724.5648420607678,730.5216056927044
Howland Forest,prior_only,Prior,6,2.0,4.0,50,fast,141.7255401611328,87.51480102539062,4204.452037400206,4241.151756736666,4204.452037400206,4241.151756736666
Howland Forest,prior_only,Prior,6,2.0,4.0,100,fast,704.0106811523438,623.95458984375,7206.261618929935,7260.880725799151,7206.261618929935,7260.880725799151
Howland Forest,prior_only,Prior,6,2.0,4.0,10,intermediate,3487.89013671875,3118.6787109375,803.0024993828911,1120.8826324752304,803.0024993828911,1120.8826324752304
Howland Forest,prior_only,Prior,6,2.0,4.0,50,intermediate,2067.803955078125,1496.872802734375,3427.1559942470776,3929.7661927705926,3427.1559942470776,3929.7661927705926
Howland Forest,prior_only,Prior,6,2.0,4.0,100,intermediate,1247.732177734375,837.8102416992188,5344.538630405951,5716.677386752356,5344.538630405951,5716.677386752356
Howland Forest,prior_only,Prior,6,2.0,4.0,10,slow,2716.762939453125,2703.639404296875,144.6711239762376,211.91282841342394,144.6711239762376,211.91282841342394
Howland Forest,prior_only,Prior,6,2.0,4.0,50,slow,2487.537109375,2300.64599609375,820.9420906981522,1093.4193375554073,820.9420906981522,1093.4193375554073
Howland Forest,prior_only,Prior,6,2.0,4.0,100,slow,2100.968994140625,1745.7559814453125,1534.1065481968726,1952.7480131483987,1534.1065481968726,1952.7480131483987
Howland Forest,prior_only,Prior,7,2.0,4.0,10,fast,155.83718872070312,42.0157356262207,1310.1888821588182,1405.8020746934499,1310.1888821588182,1405.8020746934499
Howland Forest,prior_only,Prior,7,2.0,4.0,50,fast,432.9505615234375,282.2339172363281,5526.484294220143,5653.2229177309655,5526.484294220143,5653.2229177309655
Howland Forest,prior_only,Prior,7,2.0,4.0,100,fast,902.2105102539062,819.9262084960938,9331.82903587797,9401.259191619465,9331.82903587797,9401.259191619465
Howland Forest,prior_only,Prior,7,2.0,4.0,10,intermediate,2062.874267578125,1885.7032470703125,427.5511736720673,604.65618357479,427.5511736720673,604.65618357479
Howland Forest,prior_only,Prior,7,2.0,4.0,50,intermediate,1235.648681640625,911.3430786132812,1895.614918107131,2211.5339176763455,1895.614918107131,2211.5339176763455
Howland Forest,prior_only,Prior,7,2.0,4.0,100,intermediate,750.4718017578125,488.85198974609375,2983.2693803889238,3232.4886948127855,2983.2693803889238,3232.4886948127855
Howland Forest,prior_only,Prior,7,2.0,4.0,10,slow,1119.5645751953125,1116.5872802734375,45.029630311563956,66.00699782959252,45.029630311563956,66.00699782959252
Howland Forest,prior_only,Prior,7,2.0,4.0,50,slow,1055.4244384765625,998.5488891601562,258.4824919996586,347.50361310684326,258.4824919996586,347.50361310684326
Howland Forest,prior_only,Prior,7,2.0,4.0,100,slow,932.275146484375,810.9431762695312,492.2824008754968,638.9519585427984,492.2824008754968,638.9519585427984
Howland Forest,prior_only,Prior,8,2.0,4.0,10,fast,90.93038940429688,12.60996150970459,1243.708775864954,1310.8840733625514,1243.708775864954,1310.8840733625514
Howland Forest,prior_only,Prior,8,2.0,4.0,50,fast,350.5782775878906,222.5252685546875,5567.519304320187,5677.549362868398,5567.519304320187,5677.549362868398
Howland Forest,prior_only,Prior,8,2.0,4.0,100,fast,860.0430297851562,778.989990234375,9421.834435831865,9491.782397086492,9421.834435831865,9491.782397086492
Howland Forest,prior_only,Prior,8,2.0,4.0,10,intermediate,2618.1142578125,2450.205810546875,396.1145044382857,565.1131633929906,396.1145044382857,565.1131633929906
Howland Forest,prior_only,Prior,8,2.0,4.0,50,intermediate,1755.26220703125,1362.631103515625,1873.3908020061842,2261.312872631534,1873.3908020061842,2261.312872631534
Howland Forest,prior_only,Prior,8,2.0,4.0,100,intermediate,1128.773193359375,753.4517822265625,3055.3560802720326,3420.7196664219273,3055.3560802720326,3420.7196664219273
Howland Forest,prior_only,Prior,8,2.0,4.0,10,slow,949.4119873046875,948.203125,23.62035116686787,34.63815006269865,23.62035116686787,34.63815006269865
Howland Forest,prior_only,Prior,8,2.0,4.0,50,slow,921.7632446289062,895.2518920898438,136.985924646608,186.00370677430251,136.985924646608,186.00370677430251
Howland Forest,prior_only,Prior,8,2.0,4.0,100,slow,860.5601196289062,793.8032836914062,266.75438768249444,354.7331350346885,266.75438768249444,354.7331350346885
Howland Forest,prior_only,Prior,9,2.0,4.0,10,fast,690.6055297851562,368.5174255371094,1675.0604701738241,1947.3300423126507,1675.0604701738241,1947.3300423126507
Howland Forest,prior_only,Prior,9,2.0,4.0,50,fast,847.3033447265625,615.5032958984375,6013.534425965252,6209.490045690689,6013.534425965252,6209.490045690689
Howland Forest,prior_only,Prior,9,2.0,4.0,100,fast,1098.61572265625,983.5848388671875,10021.441569041941,10118.767341965062,10021.441569041941,10118.767341965062
Howland Forest,prior_only,Prior,9,2.0,4.0,10,intermediate,1168.3511962890625,1034.49609375,406.5601303174035,569.77688938246,406.5601303174035,569.77688938246
Howland Forest,prior_only,Prior,9,2.0,4.0,50,intermediate,575.639404296875,408.0284423828125,1635.831818407929,1816.7115225244925,1635.831818407929,1816.7115225244925
Howland Forest,prior_only,Prior,9,2.0,4.0,100,intermediate,353.2809143066406,230.9900665283203,2481.997785759735,2606.5540445518445,2481.997785759735,2606.5540445518445
Howland Forest,prior_only,Prior,9,2.0,4.0,10,slow,3455.1416015625,3450.93798828125,52.22020389858933,76.58094461282553,52.22020389858933,76.58094461282553
Howland Forest,prior_only,Prior,9,2.0,4.0,50,slow,3356.239013671875,3269.974609375,302.87159460558166,411.46858584982914,302.87159460558166,411.46858584982914
Howland Forest,prior_only,Prior,9,2.0,4.0,100,slow,3172.2841796875,2988.188232421875,591.320488908371,790.718428169519,591.320488908371,790.718428169519
Howland Forest,prior_only,Prior,10,2.0,4.0,10,fast,1.1388267278671265,-17.961164474487305,887.9932233563612,902.478958232978,887.9932233563612,902.478958232978
Howland Forest,prior_only,Prior,10,2.0,4.0,50,fast,181.85658264160156,111.55864715576172,4797.233533153234,4850.984957959626,4797.233533153234,4850.984957959626
Howland Forest,prior_only,Prior,10,2.0,4.0,100,fast,745.2514038085938,664.488037109375,8187.0971343516285,8249.277528745699,8187.0971343516285,8249.277528745699
Howland Forest,prior_only,Prior,10,2.0,4.0,10,intermediate,6640.74755859375,6336.767578125,506.570692013003,727.6571802314588,506.570692013003,727.6571802314588
Howland Forest,prior_only,Prior,10,2.0,4.0,50,intermediate,4993.85107421875,4128.1162109375,2542.6815364810036,3174.9894882243307,2542.6815364810036,3174.9894882243307
Howland Forest,prior_only,Prior,10,2.0,4.0,100,intermediate,3523.9697265625,2526.150634765625,4338.0733554818235,5066.799171834275,4338.0733554818235,5066.799171834275
Howland Forest,prior_only,Prior,10,2.0,4.0,10,slow,6550.32763671875,6542.19091796875,204.7069606871416,300.1924850792163,204.7069606871416,300.1924850792163
Howland Forest,prior_only,Prior,10,2.0,4.0,50,slow,6371.447265625,6195.3359375,1187.9114454551282,1613.8952741853577,1187.9114454551282,1613.8952741853577
Howland Forest,prior_only,Prior,10,2.0,4.0,100,slow,5953.2294921875,5476.77978515625,2315.476630269908,3079.7339796658116,2315.476630269908,3079.7339796658116
Howland Forest,prior_only,Prior,11,2.0,4.0,10,fast,6.092094898223877,-16.884849548339844,938.3522239169424,956.3569637651348,938.3522239169424,956.3569637651348
Howland Forest,prior_only,Prior,11,2.0,4.0,50,fast,195.4700469970703,119.90327453613281,4965.50556025462,5025.131201131326,4965.50556025462,5025.131201131326
Howland Forest,prior_only,Prior,11,2.0,4.0,100,fast,757.2870483398438,676.4383544921875,8464.761668966597,8528.978966534685,8464.761668966597,8528.978966534685
Howland Forest,prior_only,Prior,11,2.0,4.0,10,intermediate,2427.77734375,2185.343994140625,566.9500925568623,794.4888790107891,566.9500925568623,794.4888790107891
Howland Forest,prior_only,Prior,11,2.0,4.0,50,intermediate,1449.0272216796875,1055.8165283203125,2449.8714295473746,2826.2831375050446,2449.8714295473746,2826.2831375050446
Howland Forest,prior_only,Prior,11,2.0,4.0,100,intermediate,872.7763671875,580.1292724609375,3833.4512175432815,4118.316353643449,3833.4512175432815,4118.316353643449
Howland Forest,prior_only,Prior,11,2.0,4.0,10,slow,1741.51416015625,1737.191650390625,51.510048190613226,75.50815907995177,51.510048190613226,75.50815907995177
Howland Forest,prior_only,Prior,11,2.0,4.0,50,slow,1659.2490234375,1588.119384765625,296.59148811762384,400.26380460944,296.59148811762384,400.26380460944
Howland Forest,prior_only,Prior,11,2.0,4.0,100,slow,1505.229736328125,1351.4725341796875,570.2408607085091,748.646907862948,570.2408607085091,748.646907862948
Howland Forest,stocks_only,Stocks,0,2.0,4.0,10,fast,42.1502799987793,-6.184783935546875,894.5982885202578,927.0347792726728,894.5982885202578,927.0347792726728
Howland Forest,stocks_only,Stocks,0,2.0,4.0,50,fast,272.852294921875,169.37811279296875,4302.28262895892,4371.941617236439,4302.28262895892,4371.941617236439
Howland Forest,stocks_only,Stocks,0,2.0,4.0,100,fast,814.3040771484375,733.4550170898438,7301.075271341602,7355.79473828908,7301.075271341602,7355.79473828908
Howland Forest,stocks_only,Stocks,0,2.0,4.0,10,intermediate,2275.944580078125,1940.79150390625,865.2490471558647,1188.4431773722802,865.2490471558647,1188.4431773722802
Howland Forest,stocks_only,Stocks,0,2.0,4.0,50,intermediate,1213.8111572265625,874.864013671875,3359.2562707587067,3702.448788144194,3359.2562707587067,3702.448788144194
Howland Forest,stocks_only,Stocks,0,2.0,4.0,100,intermediate,720.0221557617188,494.5166320800781,5147.701949768641,5379.5957655433585,5147.701949768641,5379.5957655433585
Howland Forest,stocks_only,Stocks,0,2.0,4.0,10,slow,5214.04443359375,5204.693359375,79.23845408248492,116.17924456764692,79.23845408248492,116.17924456764692
Howland Forest,stocks_only,Stocks,0,2.0,4.0,50,slow,5047.8251953125,4913.13232421875,458.69755659950295,622.6138553912565,458.69755659950295,622.6138553912565
Howland Forest,stocks_only,Stocks,0,2.0,4.0,100,slow,4764.87744140625,4484.0263671875,894.4958621028925,1195.0494721099058,894.4958621028925,1195.0494721099058
Howland Forest,stocks_only,Stocks,1,2.0,4.0,10,fast,42.1502799987793,-6.184783935546875,894.5982885202578,927.0347792726728,894.5982885202578,927.0347792726728
Howland Forest,stocks_only,Stocks,1,2.0,4.0,50,fast,272.852294921875,169.37811279296875,4302.28262895892,4371.941617236439,4302.28262895892,4371.941617236439
Howland Forest,stocks_only,Stocks,1,2.0,4.0,100,fast,814.3040771484375,733.4550170898438,7301.075271341602,7355.79473828908,7301.075271341602,7355.79473828908
Howland Forest,stocks_only,Stocks,1,2.0,4.0,10,intermediate,2275.944580078125,1940.79150390625,865.2490471558647,1188.4431773722802,865.2490471558647,1188.4431773722802
Howland Forest,stocks_only,Stocks,1,2.0,4.0,50,intermediate,1213.8111572265625,874.864013671875,3359.2562707587067,3702.448788144194,3359.2562707587067,3702.448788144194
Howland Forest,stocks_only,Stocks,1,2.0,4.0,100,intermediate,720.0221557617188,494.5166320800781,5147.701949768641,5379.5957655433585,5147.701949768641,5379.5957655433585
Howland Forest,stocks_only,Stocks,1,2.0,4.0,10,slow,5214.04443359375,5204.693359375,79.23845408248492,116.17924456764692,79.23845408248492,116.17924456764692
Howland Forest,stocks_only,Stocks,1,2.0,4.0,50,slow,5047.8251953125,4913.13232421875,458.69755659950295,622.6138553912565,458.69755659950295,622.6138553912565
Howland Forest,stocks_only,Stocks,1,2.0,4.0,100,slow,4764.87744140625,4484.0263671875,894.4958621028925,1195.0494721099058,894.4958621028925,1195.0494721099058
Howland Forest,stocks_only,Stocks,2,2.0,4.0,10,fast,81.15259552001953,8.567386627197266,984.6312794652911,1034.6125479993532,984.6312794652911,1034.6125479993532
Howland Forest,stocks_only,Stocks,2,2.0,4.0,50,fast,336.4411926269531,212.614990234375,4459.734936810589,4545.168973706537,4459.734936810589,4545.168973706537
Howland Forest,stocks_only,Stocks,2,2.0,4.0,100,fast,852.2727661132812,771.3108520507812,7550.427444842385,7606.538679343821,7550.427444842385,7606.538679343821
Howland Forest,stocks_only,Stocks,2,2.0,4.0,10,intermediate,2156.91455078125,1842.70703125,816.6770085854315,1123.880440156691,816.6770085854315,1123.880440156691
Howland Forest,stocks_only,Stocks,2,2.0,4.0,50,intermediate,1133.4193115234375,818.4166870117188,3168.482540717267,3490.820671600467,3168.482540717267,3490.820671600467
Howland Forest,stocks_only,Stocks,2,2.0,4.0,100,intermediate,672.3056640625,458.11322021484375,4850.070048650714,5068.3119214965645,4850.070048650714,5068.3119214965645
Howland Forest,stocks_only,Stocks,2,2.0,4.0,10,slow,4907.826171875,4898.35888671875,83.27127939678009,122.08816200134181,83.27127939678009,122.08816200134181
Howland Forest,stocks_only,Stocks,2,2.0,4.0,50,slow,4734.37255859375,4593.96142578125,481.4536700326157,652.7294080687855,481.4536700326157,652.7294080687855
Howland Forest,stocks_only,Stocks,2,2.0,4.0,100,slow,4440.2275390625,4150.09716796875,936.3507875789228,1247.3251816621037,936.3507875789228,1247.3251816621037
Howland Forest,stocks_only,Stocks,3,2.0,4.0,10,fast,48.89706802368164,-3.8156845569610596,965.6547991438782,1003.297308014051,965.6547991438782,1003.297308014051
Howland Forest,stocks_only,Stocks,3,2.0,4.0,50,fast,284.8809814453125,177.38275146484375,4586.9320815839765,4663.918765659282,4586.9320815839765,4663.918765659282
Howland Forest,stocks_only,Stocks,3,2.0,4.0,100,fast,821.9413452148438,741.0988159179688,7780.155325264887,7838.351719482956,7780.155325264887,7838.351719482956
Howland Forest,stocks_only,Stocks,3,2.0,4.0,10,intermediate,1956.20263671875,1666.5899658203125,754.1411815146523,1035.7220732177293,754.1411815146523,1035.7220732177293
Howland Forest,stocks_only,Stocks,3,2.0,4.0,50,intermediate,1039.1981201171875,749.6958618164062,2921.3839657229446,3217.151856788937,2921.3839657229446,3217.151856788937
Howland Forest,stocks_only,Stocks,3,2.0,4.0,100,intermediate,616.3329467773438,422.9983825683594,4475.569030605277,4675.427012133814,4475.569030605277,4675.427012133814
Howland Forest,stocks_only,Stocks,3,2.0,4.0,10,slow,4339.24462890625,4331.6005859375,65.58268528871484,96.15870582835043,65.58268528871484,96.15870582835043
Howland Forest,stocks_only,Stocks,3,2.0,4.0,50,slow,4201.18798828125,4089.60888671875,379.6568864718922,515.3565428586741,379.6568864718922,515.3565428586741
Howland Forest,stocks_only,Stocks,3,2.0,4.0,100,slow,3966.658203125,3734.036376953125,740.4116756573982,989.3283246428196,740.4116756573982,989.3283246428196
Howland Forest,stocks_only,Stocks,4,2.0,4.0,10,fast,48.89706802368164,-3.8156845569610596,965.6547991438782,1003.297308014051,965.6547991438782,1003.297308014051
Howland Forest,stocks_only,Stocks,4,2.0,4.0,50,fast,284.8809814453125,177.38275146484375,4586.9320815839765,4663.918765659282,4586.9320815839765,4663.918765659282
Howland Forest,stocks_only,Stocks,4,2.0,4.0,100,fast,821.9413452148438,741.0988159179688,7780.155325264887,7838.351719482956,7780.155325264887,7838.351719482956
Howland Forest,stocks_only,Stocks,4,2.0,4.0,10,intermediate,1956.20263671875,1666.5899658203125,754.1411815146523,1035.7220732177293,754.1411815146523,1035.7220732177293
Howland Forest,stocks_only,Stocks,4,2.0,4.0,50,intermediate,1039.1981201171875,749.6958618164062,2921.3839657229446,3217.151856788937,2921.3839657229446,3217.151856788937
Howland Forest,stocks_only,Stocks,4,2.0,4.0,100,intermediate,616.3329467773438,422.9983825683594,4475.569030605277,4675.427012133814,4475.569030605277,4675.427012133814
Howland Forest,stocks_only,Stocks,4,2.0,4.0,10,slow,4339.24462890625,4331.6005859375,65.58268528871484,96.15870582835043,65.58268528871484,96.15870582835043
Howland Forest,stocks_only,Stocks,4,2.0,4.0,50,slow,4201.18798828125,4089.60888671875,379.6568864718922,515.3565428586741,379.6568864718922,515.3565428586741
Howland Forest,stocks_only,Stocks,4,2.0,4.0,100,slow,3966.658203125,3734.036376953125,740.4116756573982,989.3283246428196,740.4116756573982,989.3283246428196
Howland Forest,stocks_only,Stocks,5,2.0,4.0,10,fast,19.36580467224121,-13.420833587646484,955.6106048257193,980.5523525226079,955.6106048257193,980.5523525226079
Howland Forest,stocks_only,Stocks,5,2.0,4.0,50,fast,227.3472442626953,139.85812377929688,4842.547904332924,4909.421189485767,4842.547904332924,4909.421189485767
Howland Forest,stocks_only,Stocks,5,2.0,4.0,100,fast,782.7557983398438,701.8552856445312,8237.177736630787,8299.389423693836,8237.177736630787,8299.389423693836
Howland Forest,stocks_only,Stocks,5,2.0,4.0,10,intermediate,1803.9063720703125,1555.57470703125,627.3950800958319,864.6504718309307,627.3950800958319,864.6504718309307
Howland Forest,stocks_only,Stocks,5,2.0,4.0,50,intermediate,984.4651489257812,706.0679931640625,2488.699112573389,2765.6754639605547,2488.699112573389,2765.6754639605547
Howland Forest,stocks_only,Stocks,5,2.0,4.0,100,intermediate,584.7935180664062,400.4150695800781,3821.238026980164,4009.6384292157322,3821.238026980164,4009.6384292157322
Howland Forest,stocks_only,Stocks,5,2.0,4.0,10,slow,3524.570068359375,3518.58984375,52.879125341284976,77.53319844375672,52.879125341284976,77.53319844375672
Howland Forest,stocks_only,Stocks,5,2.0,4.0,50,slow,3417.863525390625,3329.99462890625,306.3048386608206,415.9702282720238,306.3048386608206,415.9702282720238
Howland Forest,stocks_only,Stocks,5,2.0,4.0,100,slow,3231.35107421875,3044.706787109375,597.8663930076905,799.3790984432062,597.8663930076905,799.3790984432062
Howland Forest,stocks_only,Stocks,6,2.0,4.0,10,fast,16.80484962463379,-14.142663955688477,968.9453084341028,993.0112895915058,968.9453084341028,993.0112895915058
Howland Forest,stocks_only,Stocks,6,2.0,4.0,50,fast,221.60061645507812,136.21673583984375,4946.287451109658,5013.026720318669,4946.287451109658,5013.026720318669
Howland Forest,stocks_only,Stocks,6,2.0,4.0,100,fast,778.4064331054688,697.5054931640625,8416.611855770665,8480.23768905061,8416.611855770665,8480.23768905061
Howland Forest,stocks_only,Stocks,6,2.0,4.0,10,intermediate,1734.2149658203125,1502.08251953125,580.3596762557838,801.1178647135218,580.3596762557838,801.1178647135218
Howland Forest,stocks_only,Stocks,6,2.0,4.0,50,intermediate,953.0015258789062,683.0330200195312,2320.771617107688,2587.386903187288,2320.771617107688,2587.386903187288
Howland Forest,stocks_only,Stocks,6,2.0,4.0,100,intermediate,566.2379150390625,386.6017761230469,3566.6048834969215,3748.8122813562254,3566.6048834969215,3748.8122813562254
Howland Forest,stocks_only,Stocks,6,2.0,4.0,10,slow,3425.395751953125,3419.797119140625,50.61389666346952,74.21322413039587,50.61389666346952,74.21322413039587
Howland Forest,stocks_only,Stocks,6,2.0,4.0,50,slow,3324.886474609375,3241.50439453125,293.29257030760226,398.4190350824895,293.29257030760226,398.4190350824895
Howland Forest,stocks_only,Stocks,6,2.0,4.0,100,slow,3147.171142578125,2968.465576171875,572.8072209675063,766.2936520787312,572.8072209675063,766.2936520787312
Howland Forest,stocks_only,Stocks,7,2.0,4.0,10,fast,16.80484962463379,-14.142663955688477,968.9453084341028,993.0112895915058,968.9453084341028,993.0112895915058
Howland Forest,stocks_only,Stocks,7,2.0,4.0,50,fast,221.60061645507812,136.21673583984375,4946.287451109658,5013.026720318669,4946.287451109658,5013.026720318669
Howland Forest,stocks_only,Stocks,7,2.0,4.0,100,fast,778.4064331054688,697.5054931640625,8416.611855770665,8480.23768905061,8416.611855770665,8480.23768905061
Howland Forest,stocks_only,Stocks,7,2.0,4.0,10,intermediate,1734.2149658203125,1502.08251953125,580.3596762557838,801.1178647135218,580.3596762557838,801.1178647135218
Howland Forest,stocks_only,Stocks,7,2.0,4.0,50,intermediate,953.0015258789062,683.0330200195312,2320.771617107688,2587.386903187288,2320.771617107688,2587.386903187288
Howland Forest,stocks_only,Stocks,7,2.0,4.0,100,intermediate,566.2379150390625,386.6017761230469,3566.6048834969215,3748.8122813562254,3566.6048834969215,3748.8122813562254
Howland Forest,stocks_only,Stocks,7,2.0,4.0,10,slow,3425.395751953125,3419.797119140625,50.61389666346952,74.21322413039587,50.61389666346952,74.21322413039587
Howland Forest,stocks_only,Stocks,7,2.0,4.0,50,slow,3324.886474609375,3241.50439453125,293.29257030760226,398.4190350824895,293.29257030760226,398.4190350824895
Howland Forest,stocks_only,Stocks,7,2.0,4.0,100,slow,3147.171142578125,2968.465576171875,572.8072209675063,766.2936520787312,572.8072209675063,766.2936520787312
Howland Forest,stocks_only,Stocks,8,2.0,4.0,10,fast,33.588706970214844,-9.055217742919922,1011.1818123020291,1044.181416369549,1011.1818123020291,1044.181416369549
Howland Forest,stocks_only,Stocks,8,2.0,4.0,50,fast,256.752685546875,158.79483032226562,4948.505326662703,5024.5834287880025,4948.505326662703,5024.5834287880025
Howland Forest,stocks_only,Stocks,8,2.0,4.0,100,fast,803.6651611328125,722.7974853515625,8404.005431184974,8467.161087614662,8404.005431184974,8467.161087614662
Howland Forest,stocks_only,Stocks,8,2.0,4.0,10,intermediate,1805.399169921875,1568.002197265625,596.8231040707353,825.33025004656,596.8231040707353,825.33025004656
Howland Forest,stocks_only,Stocks,8,2.0,4.0,50,intermediate,987.3925170898438,708.2808837890625,2393.971020996394,2672.433352536323,2393.971020996394,2672.433352536323
Howland Forest,stocks_only,Stocks,8,2.0,4.0,100,intermediate,585.5834350585938,397.4239501953125,3678.4271140779265,3869.171178793562,3678.4271140779265,3869.171178793562
Howland Forest,stocks_only,Stocks,8,2.0,4.0,10,slow,3538.25439453125,3532.79833984375,50.84594323175297,74.55593337911324,50.84594323175297,74.55593337911324
Howland Forest,stocks_only,Stocks,8,2.0,4.0,50,slow,3438.2294921875,3354.6708984375,294.7754914158604,400.5734865844438,294.7754914158604,400.5734865844438
Howland Forest,stocks_only,Stocks,8,2.0,4.0,100,slow,3259.760498046875,3079.765869140625,576.1210937851569,771.3089594933599,576.1210937851569,771.3089594933599
Howland Forest,stocks_only,Stocks,9,2.0,4.0,10,fast,82.2562255859375,9.017423629760742,1070.183919472135,1124.9069920347933,1070.183919472135,1124.9069920347933
Howland Forest,stocks_only,Stocks,9,2.0,4.0,50,fast,338.0659484863281,213.74842834472656,4840.574742726773,4933.6459207462485,4840.574742726773,4933.6459207462485
Howland Forest,stocks_only,Stocks,9,2.0,4.0,100,fast,853.1763916015625,772.2051391601562,8194.779325180934,8255.668670627914,8194.779325180934,8255.668670627914
Howland Forest,stocks_only,Stocks,9,2.0,4.0,10,intermediate,1738.4407958984375,1484.4068603515625,679.3773406512465,934.7717545169094,679.3773406512465,934.7717545169094
Howland Forest,stocks_only,Stocks,9,2.0,4.0,50,intermediate,912.6726684570312,659.212890625,2633.2200512792665,2900.0232597063064,2633.2200512792665,2900.0232597063064
Howland Forest,stocks_only,Stocks,9,2.0,4.0,100,intermediate,541.4039916992188,368.97833251953125,4030.5208637885135,4211.143691282745,4030.5208637885135,4211.143691282745
Howland Forest,stocks_only,Stocks,9,2.0,4.0,10,slow,3431.017578125,3425.512451171875,47.949844059828415,70.30837831701061,47.949844059828415,70.30837831701061
Howland Forest,stocks_only,Stocks,9,2.0,4.0,50,slow,3330.359375,3248.33349609375,277.86185193441145,377.48367388049087,277.86185193441145,377.48367388049087
Howland Forest,stocks_only,Stocks,9,2.0,4.0,100,slow,3157.818115234375,2985.859375,542.8668988726308,726.766916209245,542.8668988726308,726.766916209245
Howland Forest,stocks_only,Stocks,10,2.0,4.0,10,fast,121.24773406982422,25.838056564331055,1134.6679868906594,1206.5698090044593,1134.6679868906594,1206.5698090044593
Howland Forest,stocks_only,Stocks,10,2.0,4.0,50,fast,391.2015075683594,251.56735229492188,4924.026716429824,5029.399168860038,4924.026716429824,5029.399168860038
Howland Forest,stocks_only,Stocks,10,2.0,4.0,100,fast,881.4022827148438,799.9030151367188,8323.378874949569,8385.115623618538,8323.378874949569,8385.115623618538
Howland Forest,stocks_only,Stocks,10,2.0,4.0,10,intermediate,1739.299072265625,1492.798583984375,669.6457969054193,923.9586005246066,669.6457969054193,923.9586005246066
Howland Forest,stocks_only,Stocks,10,2.0,4.0,50,intermediate,905.5760498046875,653.6757202148438,2609.828411257252,2879.380775739808,2609.828411257252,2879.380775739808
Howland Forest,stocks_only,Stocks,10,2.0,4.0,100,intermediate,538.0730590820312,363.8249816894531,3991.6263343460337,4174.591600855452,3991.6263343460337,4174.591600855452
Howland Forest,stocks_only,Stocks,10,2.0,4.0,10,slow,2685.74951171875,2681.07373046875,43.17794917249008,63.30936336217144,43.17794917249008,63.30936336217144
Howland Forest,stocks_only,Stocks,10,2.0,4.0,50,slow,2596.772705078125,2524.01708984375,249.87538621015764,339.01794542865196,249.87538621015764,339.01794542865196
Howland Forest,stocks_only,Stocks,10,2.0,4.0,100,slow,2443.809814453125,2292.1474609375,486.7040808626922,649.3776101351779,486.7040808626922,649.3776101351779
Howland Forest,stocks_only,Stocks,11,2.0,4.0,10,fast,134.71055603027344,32.00906753540039,1139.6588118648954,1216.2735456380333,1139.6588118648954,1216.2735456380333
Howland Forest,stocks_only,Stocks,11,2.0,4.0,50,fast,407.95562744140625,263.7782897949219,4887.69367138577,4995.380019206354,4887.69367138577,4995.380019206354
Howland Forest,stocks_only,Stocks,11,2.0,4.0,100,fast,889.8698120117188,808.0987548828125,8258.365610180654,8319.662421100133,8258.365610180654,8319.662421100133
Howland Forest,stocks_only,Stocks,11,2.0,4.0,10,intermediate,1553.5694580078125,1309.3431396484375,686.4007999661079,940.9463769309668,686.4007999661079,940.9463769309668
Howland Forest,stocks_only,Stocks,11,2.0,4.0,50,intermediate,792.7446899414062,578.642333984375,2593.3545162647074,2829.328016428486,2593.3545162647074,2829.328016428486
Howland Forest,stocks_only,Stocks,11,2.0,4.0,100,intermediate,471.858154296875,321.81414794921875,3965.7875216904367,4126.558608677591,3965.7875216904367,4126.558608677591
Howland Forest,stocks_only,Stocks,11,2.0,4.0,10,slow,2767.088623046875,2761.743408203125,44.682720667454944,65.51172840765864,44.682720667454944,65.51172840765864
Howland Forest,stocks_only,Stocks,11,2.0,4.0,50,slow,2669.51611328125,2591.970458984375,258.3413615193856,350.2832915247318,258.3413615193856,350.2832915247318
Howland Forest,stocks_only,Stocks,11,2.0,4.0,100,slow,2508.74560546875,2351.047607421875,502.6735826696472,670.1733611848078,502.6735826696472,670.1733611848078
Howland Forest,soil14c_only,Soil 14C,0,2.0,4.0,10,fast,3753.3134765625,2951.49267578125,2314.1421452347845,3039.106655261165,2314.1421452347845,3039.106655261165
Howland Forest,soil14c_only,Soil 14C,0,2.0,4.0,50,fast,2252.428955078125,1657.0782470703125,8450.102299990016,8988.31981961566,8450.102299990016,8988.31981961566
Howland Forest,soil14c_only,Soil 14C,0,2.0,4.0,100,fast,1977.8704833984375,1564.68994140625,13209.287535432637,13582.810144892574,13209.287535432637,13582.810144892574
Howland Forest,soil14c_only,Soil 14C,0,2.0,4.0,10,intermediate,1889.332275390625,1833.678955078125,228.13618672587694,331.1264970103175,228.13618672587694,331.1264970103175
Howland Forest,soil14c_only,Soil 14C,0,2.0,4.0,50,intermediate,1339.8878173828125,1045.194580078125,1160.7406228193945,1434.5056598257968,1160.7406228193945,1434.5056598257968
Howland Forest,soil14c_only,Soil 14C,0,2.0,4.0,100,intermediate,875.1726684570312,578.5850219726562,1914.0919554796649,2175.7813613423823,1914.0919554796649,2175.7813613423823
Howland Forest,soil14c_only,Soil 14C,0,2.0,4.0,10,slow,4840.9423828125,4839.6865234375,65.33582836957191,95.84141909356461,65.33582836957191,95.84141909356461
Howland Forest,soil14c_only,Soil 14C,0,2.0,4.0,50,slow,4789.65185546875,4727.59375,381.5386178613452,521.3781166682915,381.5386178613452,521.3781166682915
Howland Forest,soil14c_only,Soil 14C,0,2.0,4.0,100,slow,4631.521484375,4441.138671875,753.6758544465811,1018.5043979262957,753.6758544465811,1018.5043979262957
Howland Forest,soil14c_only,Soil 14C,1,2.0,4.0,10,fast,3759.4716796875,2957.13525390625,2324.707169253261,3053.3152921457076,2324.707169253261,3053.3152921457076
Howland Forest,soil14c_only,Soil 14C,1,2.0,4.0,50,fast,2255.38525390625,1659.0472412109375,8490.37099728801,9031.829327182688,8490.37099728801,9031.829327182688
Howland Forest,soil14c_only,Soil 14C,1,2.0,4.0,100,fast,1979.709228515625,1565.8980712890625,13271.33226890387,13647.063745205423,13271.33226890387,13647.063745205423
Howland Forest,soil14c_only,Soil 14C,1,2.0,4.0,10,intermediate,1885.3734130859375,1831.865478515625,226.83625270034875,329.37012796822575,226.83625270034875,329.37012796822575
Howland Forest,soil14c_only,Soil 14C,1,2.0,4.0,50,intermediate,1351.9481201171875,1062.3524169921875,1159.4787457885247,1437.3881729355032,1159.4787457885247,1437.3881729355032
Howland Forest,soil14c_only,Soil 14C,1,2.0,4.0,100,intermediate,890.9279174804688,592.8462524414062,1920.9233024755815,2192.1797158938607,1920.9233024755815,2192.1797158938607
Howland Forest,soil14c_only,Soil 14C,1,2.0,4.0,10,slow,4877.994140625,4876.923828125,54.51354836749107,79.96698121495884,54.51354836749107,79.96698121495884
Howland Forest,soil14c_only,Soil 14C,1,2.0,4.0,50,slow,4836.2373046875,4785.49951171875,318.534686221583,435.6359173477211,318.534686221583,435.6359173477211
Howland Forest,soil14c_only,Soil 14C,1,2.0,4.0,100,slow,4705.80859375,4546.5986328125,630.5711857817454,854.5338516877757,630.5711857817454,854.5338516877757
Howland Forest,soil14c_only,Soil 14C,2,2.0,4.0,10,fast,3749.72021484375,2948.224365234375,2307.8977226118664,3030.721592989316,2307.8977226118664,3030.721592989316
Howland Forest,soil14c_only,Soil 14C,2,2.0,4.0,50,fast,2250.72021484375,1655.934814453125,8426.330145891243,8962.656798207474,8426.330145891243,8962.656798207474
Howland Forest,soil14c_only,Soil 14C,2,2.0,4.0,100,fast,1976.7991943359375,1563.9859619140625,13172.653855097053,13544.887314288815,13172.653855097053,13544.887314288815
Howland Forest,soil14c_only,Soil 14C,2,2.0,4.0,10,intermediate,1886.5177001953125,1829.619384765625,242.7130047261392,352.1930969903502,242.7130047261392,352.1930969903502
Howland Forest,soil14c_only,Soil 14C,2,2.0,4.0,50,intermediate,1328.3106689453125,1031.2823486328125,1231.191766364443,1518.531086986443,1231.191766364443,1518.531086986443
Howland Forest,soil14c_only,Soil 14C,2,2.0,4.0,100,intermediate,862.8079223632812,568.1568603515625,2024.2544956031545,2295.2533764912346,2024.2544956031545,2295.2533764912346
Howland Forest,soil14c_only,Soil 14C,2,2.0,4.0,10,slow,4909.06787109375,4907.89306640625,57.80765614051684,84.79873730750026,57.80765614051684,84.79873730750026
Howland Forest,soil14c_only,Soil 14C,2,2.0,4.0,50,slow,4862.63623046875,4806.53466796875,337.6912075171571,461.67058249118884,337.6912075171571,461.67058249118884
Howland Forest,soil14c_only,Soil 14C,2,2.0,4.0,100,slow,4719.767578125,4547.76513671875,667.891774719159,904.1191868034307,667.891774719159,904.1191868034307
Howland Forest,soil14c_only,Soil 14C,3,2.0,4.0,10,fast,3757.958740234375,2955.746337890625,2293.5571402086543,3012.3213362793986,2293.5571402086543,3012.3213362793986
Howland Forest,soil14c_only,Soil 14C,3,2.0,4.0,50,fast,2254.65625,1658.568603515625,8376.195036350011,8910.213228596067,8376.195036350011,8910.213228596067
Howland Forest,soil14c_only,Soil 14C,3,2.0,4.0,100,fast,1979.2628173828125,1565.602294921875,13093.083512065397,13463.665038648724,13093.083512065397,13463.665038648724
Howland Forest,soil14c_only,Soil 14C,3,2.0,4.0,10,intermediate,1886.79296875,1826.894775390625,256.71604164954874,372.29485435329656,256.71604164954874,372.29485435329656
Howland Forest,soil14c_only,Soil 14C,3,2.0,4.0,50,intermediate,1307.1348876953125,1004.0661010742188,1293.4446221088847,1588.1429970421955,1293.4446221088847,1588.1429970421955
Howland Forest,soil14c_only,Soil 14C,3,2.0,4.0,100,intermediate,838.7763671875,547.8004150390625,2112.5997475337135,2382.246188891947,2112.5997475337135,2382.246188891947
Howland Forest,soil14c_only,Soil 14C,3,2.0,4.0,10,slow,4915.79345703125,4914.521484375,61.64302486339725,90.42443741957383,61.64302486339725,90.42443741957383
Howland Forest,soil14c_only,Soil 14C,3,2.0,4.0,50,slow,4864.248046875,4802.388671875,359.9820675100686,491.94662823952945,359.9820675100686,491.94662823952945
Howland Forest,soil14c_only,Soil 14C,3,2.0,4.0,100,slow,4707.9853515625,4521.65771484375,711.2532626873526,961.5821851518659,711.2532626873526,961.5821851518659
Howland Forest,soil14c_only,Soil 14C,4,2.0,4.0,10,fast,3757.958740234375,2955.746337890625,2293.5571402086543,3012.3213362793986,2293.5571402086543,3012.3213362793986
Howland Forest,soil14c_only,Soil 14C,4,2.0,4.0,50,fast,2254.65625,1658.568603515625,8376.195036350011,8910.213228596067,8376.195036350011,8910.213228596067
Howland Forest,soil14c_only,Soil 14C,4,2.0,4.0,100,fast,1979.2628173828125,1565.602294921875,13093.083512065397,13463.665038648724,13093.083512065397,13463.665038648724
Howland Forest,soil14c_only,Soil 14C,4,2.0,4.0,10,intermediate,1886.79296875,1826.894775390625,256.71604164954874,372.29485435329656,256.71604164954874,372.29485435329656
Howland Forest,soil14c_only,Soil 14C,4,2.0,4.0,50,intermediate,1307.1348876953125,1004.0661010742188,1293.4446221088847,1588.1429970421955,1293.4446221088847,1588.1429970421955
Howland Forest,soil14c_only,Soil 14C,4,2.0,4.0,100,intermediate,838.7763671875,547.8004150390625,2112.5997475337135,2382.246188891947,2112.5997475337135,2382.246188891947
Howland Forest,soil14c_only,Soil 14C,4,2.0,4.0,10,slow,4915.79345703125,4914.521484375,61.64302486339725,90.42443741957383,61.64302486339725,90.42443741957383
Howland Forest,soil14c_only,Soil 14C,4,2.0,4.0,50,slow,4864.248046875,4802.388671875,359.9820675100686,491.94662823952945,359.9820675100686,491.94662823952945
Howland Forest,soil14c_only,Soil 14C,4,2.0,4.0,100,slow,4707.9853515625,4521.65771484375,711.2532626873526,961.5821851518659,711.2532626873526,961.5821851518659
Howland Forest,soil14c_only,Soil 14C,5,2.0,4.0,10,fast,3749.63671875,2948.150390625,2287.6178743514192,3004.086928171191,2287.6178743514192,3004.086928171191
Howland Forest,soil14c_only,Soil 14C,5,2.0,4.0,50,fast,2250.680419921875,1655.908447265625,8352.265459811786,8883.87347491449,8352.265459811786,8883.87347491449
Howland Forest,soil14c_only,Soil 14C,5,2.0,4.0,100,fast,1976.775146484375,1563.9688720703125,13056.881891787521,13425.841039404278,13056.881891787521,13425.841039404278
Howland Forest,soil14c_only,Soil 14C,5,2.0,4.0,10,intermediate,1892.520263671875,1831.4617919921875,260.97751115813287,378.4024751901034,260.97751115813287,378.4024751901034
Howland Forest,soil14c_only,Soil 14C,5,2.0,4.0,50,intermediate,1304.4942626953125,998.8491821289062,1312.0900526063374,1608.8013850245873,1312.0900526063374,1608.8013850245873
Howland Forest,soil14c_only,Soil 14C,5,2.0,4.0,100,intermediate,834.2141723632812,543.6205444335938,2138.8323942941684,2407.919710233031,2138.8323942941684,2407.919710233031
Howland Forest,soil14c_only,Soil 14C,5,2.0,4.0,10,slow,4901.84423828125,4900.517578125,63.73115171127317,93.4872218999285,63.73115171127317,93.4872218999285
Howland Forest,soil14c_only,Soil 14C,5,2.0,4.0,50,slow,4847.94140625,4783.43017578125,372.11618493378444,508.4304698880258,372.11618493378444,508.4304698880258
Howland Forest,soil14c_only,Soil 14C,5,2.0,4.0,100,slow,4685.333984375,4492.4609375,734.8506153133012,992.8545395376059,734.8506153133012,992.8545395376059
Howland Forest,soil14c_only,Soil 14C,6,2.0,4.0,10,fast,3750.748291015625,2949.154052734375,2292.303444895059,3010.293631576591,2292.303444895059,3010.293631576591
Howland Forest,soil14c_only,Soil 14C,6,2.0,4.0,50,fast,2251.210693359375,1656.2601318359375,8369.675473757416,8902.497992012357,8369.675473757416,8902.497992012357
Howland Forest,soil14c_only,Soil 14C,6,2.0,4.0,100,fast,1977.1041259765625,1564.187255859375,13083.939915592338,13453.728970133723,13083.939915592338,13453.728970133723
Howland Forest,soil14c_only,Soil 14C,6,2.0,4.0,10,intermediate,1895.7281494140625,1835.601806640625,255.49710219933948,370.53106275736286,255.49710219933948,370.53106275736286
Howland Forest,soil14c_only,Soil 14C,6,2.0,4.0,50,intermediate,1313.861328125,1009.5696411132812,1287.493904817122,1581.0240867248247,1287.493904817122,1581.0240867248247
Howland Forest,soil14c_only,Soil 14C,6,2.0,4.0,100,intermediate,843.4447021484375,550.9993286132812,2103.2848123736317,2372.1344952874138,2103.2848123736317,2372.1344952874138
Howland Forest,soil14c_only,Soil 14C,6,2.0,4.0,10,slow,4888.60546875,4887.30224609375,63.74092243994496,93.50166600986634,63.74092243994496,93.50166600986634
Howland Forest,soil14c_only,Soil 14C,6,2.0,4.0,50,slow,4835.412109375,4771.63671875,372.18766578218833,508.5499719647414,372.18766578218833,508.5499719647414
Howland Forest,soil14c_only,Soil 14C,6,2.0,4.0,100,slow,4674.31005859375,4482.6220703125,735.0623120941942,993.2365019624093,735.0623120941942,993.2365019624093
Howland Forest,soil14c_only,Soil 14C,7,2.0,4.0,10,fast,3749.658447265625,2948.16796875,2281.825647977378,2996.481224054148,2281.825647977378,2996.481224054148
Howland Forest,soil14c_only,Soil 14C,7,2.0,4.0,50,fast,2250.690673828125,1655.915283203125,8331.122486455935,8861.384800175869,8331.122486455935,8861.384800175869
Howland Forest,soil14c_only,Soil 14C,7,2.0,4.0,100,fast,1976.781005859375,1563.9732666015625,13023.825689024674,13391.851705581066,13023.825689024674,13391.851705581066
Howland Forest,soil14c_only,Soil 14C,7,2.0,4.0,10,intermediate,1914.6910400390625,1852.384033203125,272.6020079219471,395.21678974902,272.6020079219471,395.21678974902
Howland Forest,soil14c_only,Soil 14C,7,2.0,4.0,50,intermediate,1316.115478515625,1005.9508056640625,1368.934807088141,1677.2175272730979,1368.934807088141,1677.2175272730979
Howland Forest,soil14c_only,Soil 14C,7,2.0,4.0,100,intermediate,840.0331420898438,546.74658203125,2229.0608921046132,2507.244079209595,2229.0608921046132,2507.244079209595
Howland Forest,soil14c_only,Soil 14C,7,2.0,4.0,10,slow,4907.99609375,4906.74365234375,58.98333114482179,86.52299847373511,58.98333114482179,86.52299847373511
Howland Forest,soil14c_only,Soil 14C,7,2.0,4.0,50,slow,4857.5869140625,4797.41259765625,344.46958309684857,470.7958136244629,344.46958309684857,470.7958136244629
Howland Forest,soil14c_only,Soil 14C,7,2.0,4.0,100,slow,4705.7353515625,4525.54150390625,680.7907123550958,920.8012083124354,680.7907123550958,920.8012083124354
Howland Forest,soil14c_only,Soil 14C,8,2.0,4.0,10,fast,3753.71142578125,2951.856689453125,2322.8433008505845,3050.554818649027,2322.8433008505845,3050.554818649027
Howland Forest,soil14c_only,Soil 14C,8,2.0,4.0,50,fast,2252.62109375,1657.205322265625,8481.992684045805,9022.2742601302,8481.992684045805,9022.2742601302
Howland Forest,soil14c_only,Soil 14C,8,2.0,4.0,100,fast,1977.989013671875,1564.7681884765625,13259.078070977746,13634.022590143857,13259.078070977746,13634.022590143857
Howland Forest,soil14c_only,Soil 14C,8,2.0,4.0,10,intermediate,1904.1705322265625,1850.2757568359375,237.1922096113555,344.41673770899524,237.1922096113555,344.41673770899524
Howland Forest,soil14c_only,Soil 14C,8,2.0,4.0,50,intermediate,1366.6727294921875,1074.6290283203125,1212.8508707255328,1503.9405224776428,1212.8508707255328,1503.9405224776428
Howland Forest,soil14c_only,Soil 14C,8,2.0,4.0,100,intermediate,901.3956909179688,600.2005615234375,2010.170209337691,2294.8495346203426,2010.170209337691,2294.8495346203426
Howland Forest,soil14c_only,Soil 14C,8,2.0,4.0,10,slow,4892.50927734375,4891.56640625,45.80977736692078,67.19968222202536,45.80977736692078,67.19968222202536
Howland Forest,soil14c_only,Soil 14C,8,2.0,4.0,50,slow,4857.5048828125,4814.50439453125,267.79203259246606,366.42992689925836,267.79203259246606,366.42992689925836
Howland Forest,soil14c_only,Soil 14C,8,2.0,4.0,100,slow,4747.21240234375,4611.7431640625,530.9044116074479,720.8819791351941,530.9044116074479,720.8819791351941
Howland Forest,soil14c_only,Soil 14C,9,2.0,4.0,10,fast,3757.08935546875,2954.949951171875,2302.580958819435,3024.1245658322314,2302.580958819435,3024.1245658322314
Howland Forest,soil14c_only,Soil 14C,9,2.0,4.0,50,fast,2254.244140625,1658.288330078125,8408.919611836774,8944.912419415432,8408.919611836774,8944.912419415432
Howland Forest,soil14c_only,Soil 14C,9,2.0,4.0,100,fast,1979.0020751953125,1565.4305419921875,13144.365009607038,13516.311668066666,13144.365009607038,13516.311668066666
Howland Forest,soil14c_only,Soil 14C,9,2.0,4.0,10,intermediate,1911.8609619140625,1853.735595703125,257.47456803678284,373.5799483394772,257.47456803678284,373.5799483394772
Howland Forest,soil14c_only,Soil 14C,9,2.0,4.0,50,intermediate,1342.67626953125,1040.595458984375,1304.69145718432,1608.0173196598973,1304.69145718432,1608.0173196598973
Howland Forest,soil14c_only,Soil 14C,9,2.0,4.0,100,intermediate,870.309326171875,572.257568359375,2142.7554285441774,2427.3796066219356,2142.7554285441774,2427.3796066219356
Howland Forest,soil14c_only,Soil 14C,9,2.0,4.0,10,slow,4896.9140625,4895.85595703125,49.99922984988452,73.34490047464746,49.99922984988452,73.34490047464746
Howland Forest,soil14c_only,Soil 14C,9,2.0,4.0,50,slow,4856.2919921875,4807.20556640625,292.17797619801183,399.62897839752753,292.17797619801183,399.62897839752753
Howland Forest,soil14c_only,Soil 14C,9,2.0,4.0,100,slow,4731.25146484375,4580.04541015625,578.6012824975427,784.5599731614468,578.6012824975427,784.5599731614468
Howland Forest,soil14c_only,Soil 14C,10,2.0,4.0,10,fast,3760.516845703125,2958.081298828125,2304.538614920147,3026.877246954461,2304.538614920147,3026.877246954461
Howland Forest,soil14c_only,Soil 14C,10,2.0,4.0,50,fast,2255.880615234375,1659.380859375,8416.997032694057,8953.870085889383,8416.997032694057,8953.870085889383
Howland Forest,soil14c_only,Soil 14C,10,2.0,4.0,100,fast,1980.0211181640625,1566.1011962890625,13156.482430120188,13529.018243406605,13156.482430120188,13529.018243406605
Howland Forest,soil14c_only,Soil 14C,10,2.0,4.0,10,intermediate,1910.3184814453125,1852.57470703125,262.1359535529415,380.36810638021313,262.1359535529415,380.36810638021313
Howland Forest,soil14c_only,Soil 14C,10,2.0,4.0,50,intermediate,1343.897216796875,1042.688232421875,1329.280428229453,1639.1030443528207,1329.280428229453,1639.1030443528207
Howland Forest,soil14c_only,Soil 14C,10,2.0,4.0,100,intermediate,872.1930541992188,573.995849609375,2184.6474029741853,2476.268241093447,2184.6474029741853,2476.268241093447
Howland Forest,soil14c_only,Soil 14C,10,2.0,4.0,10,slow,4894.63671875,4893.6845703125,43.2594354958094,63.45847537665046,43.2594354958094,63.45847537665046
Howland Forest,soil14c_only,Soil 14C,10,2.0,4.0,50,slow,4859.65185546875,4817.068359375,252.8821258293466,346.0331783910627,252.8821258293466,346.0331783910627
Howland Forest,soil14c_only,Soil 14C,10,2.0,4.0,100,slow,4751.20849609375,4619.25390625,501.3853746823974,680.9311610895224,501.3853746823974,680.9311610895224
Howland Forest,soil14c_only,Soil 14C,11,2.0,4.0,10,fast,3752.90283203125,2951.11474609375,2316.555631934176,3042.2531992394734,2316.555631934176,3042.2531992394734
Howland Forest,soil14c_only,Soil 14C,11,2.0,4.0,50,fast,2252.230224609375,1656.9456787109375,8458.793914441272,8997.527469028115,8458.793914441272,8997.527469028115
Howland Forest,soil14c_only,Soil 14C,11,2.0,4.0,100,fast,1977.7467041015625,1564.6083984375,13222.935281342634,13596.818956349724,13222.935281342634,13596.818956349724
Howland Forest,soil14c_only,Soil 14C,11,2.0,4.0,10,intermediate,1917.88720703125,1862.6600341796875,251.18977302543288,364.67612947815775,251.18977302543288,364.67612947815775
Howland Forest,soil14c_only,Soil 14C,11,2.0,4.0,50,intermediate,1369.488525390625,1073.1654052734375,1281.6891354302602,1587.0166128141245,1281.6891354302602,1587.0166128141245
Howland Forest,soil14c_only,Soil 14C,11,2.0,4.0,100,intermediate,899.4576416015625,597.0316772460938,2119.6441808592626,2415.3289777574882,2119.6441808592626,2415.3289777574882
Howland Forest,soil14c_only,Soil 14C,11,2.0,4.0,10,slow,4875.4521484375,4874.6591796875,39.193201590466856,57.49426307897659,39.193201590466856,57.49426307897659
Howland Forest,soil14c_only,Soil 14C,11,2.0,4.0,50,slow,4845.1708984375,4807.7431640625,229.17927200670286,313.7071691246009,229.17927200670286,313.7071691246009
Howland Forest,soil14c_only,Soil 14C,11,2.0,4.0,100,slow,4749.169921875,4631.33447265625,454.8048114351815,618.391480198876,454.8048114351815,618.391480198876
Howland Forest,resp14c_only,Respired 14C,0,2.0,4.0,10,fast,2790.41796875,2083.6748046875,1543.3443778832711,1986.0309058414173,1543.3443778832711,1986.0309058414173
Howland Forest,resp14c_only,Respired 14C,0,2.0,4.0,50,fast,1810.6741943359375,1357.321533203125,5468.0985396267115,5752.014438543908,5468.0985396267115,5752.014438543908
Howland Forest,resp14c_only,Respired 14C,0,2.0,4.0,100,fast,1695.5726318359375,1379.277587890625,8665.57979015436,8863.672580924715,8665.57979015436,8863.672580924715
Howland Forest,resp14c_only,Respired 14C,0,2.0,4.0,10,intermediate,3924.356201171875,3694.1015625,1016.5614551931848,1459.1985228968301,1016.5614551931848,1459.1985228968301
Howland Forest,resp14c_only,Respired 14C,0,2.0,4.0,50,intermediate,2209.75732421875,1535.199951171875,4647.565999454553,5403.4088132432025,4647.565999454553,5403.4088132432025
Howland Forest,resp14c_only,Respired 14C,0,2.0,4.0,100,intermediate,1333.8914794921875,853.9646606445312,7138.926041820694,7674.55449318339,7138.926041820694,7674.55449318339
Howland Forest,resp14c_only,Respired 14C,0,2.0,4.0,10,slow,6914.07666015625,6909.47607421875,120.08703635085635,176.1368282975485,120.08703635085635,176.1368282975485
Howland Forest,resp14c_only,Respired 14C,0,2.0,4.0,50,slow,6757.552734375,6593.41015625,698.4574685926373,950.3397983034826,698.4574685926373,950.3397983034826
Howland Forest,resp14c_only,Respired 14C,0,2.0,4.0,100,slow,6379.490234375,5980.8427734375,1366.058408162363,1826.7050253535597,1366.058408162363,1826.7050253535597
Howland Forest,resp14c_only,Respired 14C,1,2.0,4.0,10,fast,2865.3759765625,2150.15185546875,1562.2840513730398,2014.1656417033105,1562.2840513730398,2014.1656417033105
Howland Forest,resp14c_only,Respired 14C,1,2.0,4.0,50,fast,1843.8779296875,1380.3143310546875,5547.438171085762,5840.263540826396,5547.438171085762,5840.263540826396
Howland Forest,resp14c_only,Respired 14C,1,2.0,4.0,100,fast,1717.1884765625,1393.462646484375,8779.948893015633,8984.443716074955,8779.948893015633,8984.443716074955
Howland Forest,resp14c_only,Respired 14C,1,2.0,4.0,10,intermediate,3552.91259765625,3331.810546875,1011.9006470067309,1450.5650670169364,1011.9006470067309,1450.5650670169364
Howland Forest,resp14c_only,Respired 14C,1,2.0,4.0,50,intermediate,1946.9725341796875,1337.6668701171875,4568.2240167663695,5274.598770909067,4568.2240167663695,5274.598770909067
Howland Forest,resp14c_only,Respired 14C,1,2.0,4.0,100,intermediate,1174.953125,754.8527221679688,6972.167504269205,7460.514304713597,6972.167504269205,7460.514304713597
Howland Forest,resp14c_only,Respired 14C,1,2.0,4.0,10,slow,6261.50341796875,6257.19287109375,106.9334148727196,156.84285630570017,106.9334148727196,156.84285630570017
Howland Forest,resp14c_only,Respired 14C,1,2.0,4.0,50,slow,6115.802734375,5965.0966796875,621.8073219615268,845.8906519751308,621.8073219615268,845.8906519751308
Howland Forest,resp14c_only,Respired 14C,1,2.0,4.0,100,slow,5771.412109375,5412.3330078125,1215.7246626832973,1625.4583341001935,1215.7246626832973,1625.4583341001935
Howland Forest,resp14c_only,Respired 14C,2,2.0,4.0,10,fast,2735.91796875,2035.484619140625,1535.2985210674003,1972.92050841344,1535.2985210674003,1972.92050841344
Howland Forest,resp14c_only,Respired 14C,2,2.0,4.0,50,fast,1786.64404296875,1340.611328125,5431.014461092915,5709.638976642107,5431.014461092915,5709.638976642107
Howland Forest,resp14c_only,Respired 14C,2,2.0,4.0,100,fast,1679.8892822265625,1368.9901123046875,8615.138754590605,8809.3538670178,8615.138754590605,8809.3538670178
Howland Forest,resp14c_only,Respired 14C,2,2.0,4.0,10,intermediate,4515.10498046875,4276.9423828125,1027.453587064619,1478.138701342375,1027.453587064619,1478.138701342375
Howland Forest,resp14c_only,Respired 14C,2,2.0,4.0,50,intermediate,2662.238525390625,1888.27783203125,4798.348274556174,5645.306960488532,4798.348274556174,5645.306960488532
Howland Forest,resp14c_only,Respired 14C,2,2.0,4.0,100,intermediate,1615.9033203125,1031.251708984375,7459.094512682084,8090.07966507573,7459.094512682084,8090.07966507573
Howland Forest,resp14c_only,Respired 14C,2,2.0,4.0,10,slow,6114.14599609375,6110.16650390625,115.82518514598722,169.88632693609046,115.82518514598722,169.88632693609046
Howland Forest,resp14c_only,Respired 14C,2,2.0,4.0,50,slow,5975.06298828125,5826.27099609375,673.6826367453492,916.5370441632765,673.6826367453492,916.5370441632765
Howland Forest,resp14c_only,Respired 14C,2,2.0,4.0,100,slow,5627.26806640625,5255.22021484375,1316.899956863942,1759.1423493626305,1316.899956863942,1759.1423493626305
Howland Forest,resp14c_only,Respired 14C,3,2.0,4.0,10,fast,2761.296875,2057.9072265625,1544.6949904234757,1986.2939350624713,1544.6949904234757,1986.2939350624713
Howland Forest,resp14c_only,Respired 14C,3,2.0,4.0,50,fast,1797.823974609375,1348.390380859375,5468.25382087098,5750.359387712097,5468.25382087098,5750.359387712097
Howland Forest,resp14c_only,Respired 14C,3,2.0,4.0,100,fast,1687.1849365234375,1373.7767333984375,8670.284122090394,8867.009907614629,8670.284122090394,8867.009907614629
Howland Forest,resp14c_only,Respired 14C,3,2.0,4.0,10,intermediate,4209.41015625,3976.28564453125,1032.1723649710802,1483.4542056721616,1032.1723649710802,1483.4542056721616
Howland Forest,resp14c_only,Respired 14C,3,2.0,4.0,50,intermediate,2430.517578125,1707.032470703125,4774.418118166333,5586.788910335326,4774.418118166333,5586.788910335326
Howland Forest,resp14c_only,Respired 14C,3,2.0,4.0,100,intermediate,1470.2132568359375,939.1392822265625,7380.1005886348075,7970.779235146749,7380.1005886348075,7970.779235146749
Howland Forest,resp14c_only,Respired 14C,3,2.0,4.0,10,slow,7032.47998046875,7028.83154296875,100.8124494436617,147.87157891751377,100.8124494436617,147.87157891751377
Howland Forest,resp14c_only,Respired 14C,3,2.0,4.0,50,slow,6905.78662109375,6770.86279296875,587.2325581258998,800.3827291630068,587.2325581258998,800.3827291630068
Howland Forest,resp14c_only,Respired 14C,3,2.0,4.0,100,slow,6590.234375,6250.76318359375,1153.2696318840308,1549.5844622169182,1153.2696318840308,1549.5844622169182
Howland Forest,resp14c_only,Respired 14C,4,2.0,4.0,10,fast,2761.296875,2057.9072265625,1544.6949904234757,1986.2939350624713,1544.6949904234757,1986.2939350624713
Howland Forest,resp14c_only,Respired 14C,4,2.0,4.0,50,fast,1797.823974609375,1348.390380859375,5468.25382087098,5750.359387712097,5468.25382087098,5750.359387712097
Howland Forest,resp14c_only,Respired 14C,4,2.0,4.0,100,fast,1687.1849365234375,1373.7767333984375,8670.284122090394,8867.009907614629,8670.284122090394,8867.009907614629
Howland Forest,resp14c_only,Respired 14C,4,2.0,4.0,10,intermediate,4209.41015625,3976.28564453125,1032.1723649710802,1483.4542056721616,1032.1723649710802,1483.4542056721616
Howland Forest,resp14c_only,Respired 14C,4,2.0,4.0,50,intermediate,2430.517578125,1707.032470703125,4774.418118166333,5586.788910335326,4774.418118166333,5586.788910335326
Howland Forest,resp14c_only,Respired 14C,4,2.0,4.0,100,intermediate,1470.2132568359375,939.1392822265625,7380.1005886348075,7970.779235146749,7380.1005886348075,7970.779235146749
Howland Forest,resp14c_only,Respired 14C,4,2.0,4.0,10,slow,7032.47998046875,7028.83154296875,100.8124494436617,147.87157891751377,100.8124494436617,147.87157891751377
Howland Forest,resp14c_only,Respired 14C,4,2.0,4.0,50,slow,6905.78662109375,6770.86279296875,587.2325581258998,800.3827291630068,587.2325581258998,800.3827291630068
Howland Forest,resp14c_only,Respired 14C,4,2.0,4.0,100,slow,6590.234375,6250.76318359375,1153.2696318840308,1549.5844622169182,1153.2696318840308,1549.5844622169182
Howland Forest,resp14c_only,Respired 14C,5,2.0,4.0,10,fast,2761.296875,2057.9072265625,1544.6949904234757,1986.2939350624713,1544.6949904234757,1986.2939350624713
Howland Forest,resp14c_only,Respired 14C,5,2.0,4.0,50,fast,1797.823974609375,1348.390380859375,5468.25382087098,5750.359387712097,5468.25382087098,5750.359387712097
Howland Forest,resp14c_only,Respired 14C,5,2.0,4.0,100,fast,1687.1849365234375,1373.7767333984375,8670.284122090394,8867.009907614629,8670.284122090394,8867.009907614629
Howland Forest,resp14c_only,Respired 14C,5,2.0,4.0,10,intermediate,4209.41015625,3976.28564453125,1032.1723649710802,1483.4542056721616,1032.1723649710802,1483.4542056721616
Howland Forest,resp14c_only,Respired 14C,5,2.0,4.0,50,intermediate,2430.517578125,1707.032470703125,4774.418118166333,5586.788910335326,4774.418118166333,5586.788910335326
Howland Forest,resp14c_only,Respired 14C,5,2.0,4.0,100,intermediate,1470.2132568359375,939.1392822265625,7380.1005886348075,7970.779235146749,7380.1005886348075,7970.779235146749
Howland Forest,resp14c_only,Respired 14C,5,2.0,4.0,10,slow,7032.47998046875,7028.83154296875,100.8124494436617,147.87157891751377,100.8124494436617,147.87157891751377
Howland Forest,resp14c_only,Respired 14C,5,2.0,4.0,50,slow,6905.78662109375,6770.86279296875,587.2325581258998,800.3827291630068,587.2325581258998,800.3827291630068
Howland Forest,resp14c_only,Respired 14C,5,2.0,4.0,100,slow,6590.234375,6250.76318359375,1153.2696318840308,1549.5844622169182,1153.2696318840308,1549.5844622169182
Howland Forest,resp14c_only,Respired 14C,6,2.0,4.0,10,fast,2697.780029296875,2001.82177734375,1442.9165329318653,1852.356705331272,1442.9165329318653,1852.356705331272
Howland Forest,resp14c_only,Respired 14C,6,2.0,4.0,50,fast,1769.8653564453125,1328.908203125,5098.6555534663385,5358.036858838372,5098.6555534663385,5358.036858838372
Howland Forest,resp14c_only,Respired 14C,6,2.0,4.0,100,fast,1668.922119140625,1361.8013916015625,8093.48925279572,8274.1544305375,8093.48925279572,8274.1544305375
Howland Forest,resp14c_only,Respired 14C,6,2.0,4.0,10,intermediate,4500.9501953125,4241.90087890625,1147.7494151178935,1648.1789256623583,1147.7494151178935,1648.1789256623583
Howland Forest,resp14c_only,Respired 14C,6,2.0,4.0,50,intermediate,2562.67041015625,1790.79052734375,5271.294236336205,6145.932240029338,5271.294236336205,6145.932240029338
Howland Forest,resp14c_only,Respired 14C,6,2.0,4.0,100,intermediate,1549.447021484375,990.8678588867188,8122.033579346625,8750.408234365485,8122.033579346625,8750.408234365485
Howland Forest,resp14c_only,Respired 14C,6,2.0,4.0,10,slow,4589.1328125,4585.20361328125,104.72381589140461,153.5949452975545,104.72381589140461,153.5949452975545
Howland Forest,resp14c_only,Respired 14C,6,2.0,4.0,50,slow,4456.07861328125,4317.3828125,607.8600305370721,825.0989213870716,607.8600305370721,825.0989213870716
Howland Forest,resp14c_only,Respired 14C,6,2.0,4.0,100,slow,4138.05419921875,3807.25,1181.78662002166,1568.9551036171704,1181.78662002166,1568.9551036171704
Howland Forest,resp14c_only,Respired 14C,7,2.0,4.0,10,fast,2711.792724609375,2014.18359375,1445.2361239799723,1856.0197570859452,1445.2361239799723,1856.0197570859452
Howland Forest,resp14c_only,Respired 14C,7,2.0,4.0,50,fast,1776.02880859375,1333.2109375,5108.889393727242,5369.598108308097,5108.889393727242,5369.598108308097
Howland Forest,resp14c_only,Respired 14C,7,2.0,4.0,100,fast,1672.9486083984375,1364.4422607421875,8107.6768827706765,8289.324115374193,8107.6768827706765,8289.324115374193
Howland Forest,resp14c_only,Respired 14C,7,2.0,4.0,10,intermediate,4491.73193359375,4233.6220703125,1143.997538122374,1642.853829509629,1143.997538122374,1642.853829509629
Howland Forest,resp14c_only,Respired 14C,7,2.0,4.0,50,intermediate,2557.88623046875,1787.2120361328125,5255.112888303578,6127.371344373186,5255.112888303578,6127.371344373186
Howland Forest,resp14c_only,Respired 14C,7,2.0,4.0,100,intermediate,1546.311767578125,988.8429565429688,8096.934566708847,8723.393281127002,8096.934566708847,8723.393281127002
Howland Forest,resp14c_only,Respired 14C,7,2.0,4.0,10,slow,4360.51416015625,4356.52685546875,106.94003308236917,156.84311388996554,106.94003308236917,156.84311388996554
Howland Forest,resp14c_only,Respired 14C,7,2.0,4.0,50,slow,4225.17333984375,4084.381103515625,620.3161729857462,841.3579875850244,620.3161729857462,841.3579875850244
Howland Forest,resp14c_only,Respired 14C,7,2.0,4.0,100,slow,3903.03564453125,3569.97705078125,1203.7017293180756,1594.4321508310213,1203.7017293180756,1594.4321508310213
Howland Forest,resp14c_only,Respired 14C,8,2.0,4.0,10,fast,2711.792724609375,2014.18359375,1445.2361239799723,1856.0197570859452,1445.2361239799723,1856.0197570859452
Howland Forest,resp14c_only,Respired 14C,8,2.0,4.0,50,fast,1776.02880859375,1333.2109375,5108.889393727242,5369.598108308097,5108.889393727242,5369.598108308097
Howland Forest,resp14c_only,Respired 14C,8,2.0,4.0,100,fast,1672.9486083984375,1364.4422607421875,8107.6768827706765,8289.324115374193,8107.6768827706765,8289.324115374193
Howland Forest,resp14c_only,Respired 14C,8,2.0,4.0,10,intermediate,4491.73193359375,4233.6220703125,1143.997538122374,1642.853829509629,1143.997538122374,1642.853829509629
Howland Forest,resp14c_only,Respired 14C,8,2.0,4.0,50,intermediate,2557.88623046875,1787.2120361328125,5255.112888303578,6127.371344373186,5255.112888303578,6127.371344373186
Howland Forest,resp14c_only,Respired 14C,8,2.0,4.0,100,intermediate,1546.311767578125,988.8429565429688,8096.934566708847,8723.393281127002,8096.934566708847,8723.393281127002
Howland Forest,resp14c_only,Respired 14C,8,2.0,4.0,10,slow,4360.51416015625,4356.52685546875,106.94003308236917,156.84311388996554,106.94003308236917,156.84311388996554
Howland Forest,resp14c_only,Respired 14C,8,2.0,4.0,50,slow,4225.17333984375,4084.381103515625,620.3161729857462,841.3579875850244,620.3161729857462,841.3579875850244
Howland Forest,resp14c_only,Respired 14C,8,2.0,4.0,100,slow,3903.03564453125,3569.97705078125,1203.7017293180756,1594.4321508310213,1203.7017293180756,1594.4321508310213
Howland Forest,resp14c_only,Respired 14C,9,2.0,4.0,10,fast,2711.792724609375,2014.18359375,1445.2361239799723,1856.0197570859452,1445.2361239799723,1856.0197570859452
Howland Forest,resp14c_only,Respired 14C,9,2.0,4.0,50,fast,1776.02880859375,1333.2109375,5108.889393727242,5369.598108308097,5108.889393727242,5369.598108308097
Howland Forest,resp14c_only,Respired 14C,9,2.0,4.0,100,fast,1672.9486083984375,1364.4422607421875,8107.6768827706765,8289.324115374193,8107.6768827706765,8289.324115374193
Howland Forest,resp14c_only,Respired 14C,9,2.0,4.0,10,intermediate,4491.73193359375,4233.6220703125,1143.997538122374,1642.853829509629,1143.997538122374,1642.853829509629
Howland Forest,resp14c_only,Respired 14C,9,2.0,4.0,50,intermediate,2557.88623046875,1787.2120361328125,5255.112888303578,6127.371344373186,5255.112888303578,6127.371344373186
Howland Forest,resp14c_only,Respired 14C,9,2.0,4.0,100,intermediate,1546.311767578125,988.8429565429688,8096.934566708847,8723.393281127002,8096.934566708847,8723.393281127002
Howland Forest,resp14c_only,Respired 14C,9,2.0,4.0,10,slow,4360.51416015625,4356.52685546875,106.94003308236917,156.84311388996554,106.94003308236917,156.84311388996554
Howland Forest,resp14c_only,Respired 14C,9,2.0,4.0,50,slow,4225.17333984375,4084.381103515625,620.3161729857462,841.3579875850244,620.3161729857462,841.3579875850244
Howland Forest,resp14c_only,Respired 14C,9,2.0,4.0,100,slow,3903.03564453125,3569.97705078125,1203.7017293180756,1594.4321508310213,1203.7017293180756,1594.4321508310213
Howland Forest,resp14c_only,Respired 14C,10,2.0,4.0,10,fast,2727.323974609375,2027.8963623046875,1388.113498430726,1783.3860286994147,1388.113498430726,1783.3860286994147
Howland Forest,resp14c_only,Respired 14C,10,2.0,4.0,50,fast,1782.857666015625,1337.969970703125,4909.146050642882,5160.522006647099,4909.146050642882,5160.522006647099
Howland Forest,resp14c_only,Respired 14C,10,2.0,4.0,100,fast,1677.412353515625,1367.370361328125,7788.504250500488,7963.700614668059,7788.504250500488,7963.700614668059
Howland Forest,resp14c_only,Respired 14C,10,2.0,4.0,10,intermediate,3876.77099609375,3613.876953125,1192.1509605346778,1705.2437461008067,1192.1509605346778,1705.2437461008067
Howland Forest,resp14c_only,Respired 14C,10,2.0,4.0,50,intermediate,2057.02685546875,1402.052978515625,5289.265877464685,6057.013775289997,5289.265877464685,6057.013775289997
Howland Forest,resp14c_only,Respired 14C,10,2.0,4.0,100,intermediate,1247.530517578125,805.1141967773438,8025.4663677799845,8547.764689496924,8025.4663677799845,8547.764689496924
Howland Forest,resp14c_only,Respired 14C,10,2.0,4.0,10,slow,4940.37109375,4934.6650390625,127.37402055814219,186.80027655546786,127.37402055814219,186.80027655546786
Howland Forest,resp14c_only,Respired 14C,10,2.0,4.0,50,slow,4759.53369140625,4579.169921875,737.3998144256635,998.251864067782,737.3998144256635,998.251864067782
Howland Forest,resp14c_only,Respired 14C,10,2.0,4.0,100,slow,4358.42578125,3957.70654296875,1425.124162862951,1880.5504660587,1425.124162862951,1880.5504660587
Howland Forest,resp14c_only,Respired 14C,11,2.0,4.0,10,fast,2674.011474609375,1980.8785400390625,1353.071530793426,1735.9230348275619,1353.071530793426,1735.9230348275619
Howland Forest,resp14c_only,Respired 14C,11,2.0,4.0,50,fast,1759.434814453125,1321.613525390625,4777.965951696064,5019.74949346902,4777.965951696064,5019.74949346902
Howland Forest,resp14c_only,Respired 14C,11,2.0,4.0,100,fast,1662.0982666015625,1357.3253173828125,7587.734161946913,7756.044757101643,7587.734161946913,7756.044757101643
Howland Forest,resp14c_only,Respired 14C,11,2.0,4.0,10,intermediate,3884.389404296875,3612.933837890625,1234.009194523286,1763.6876520791727,1234.009194523286,1763.6876520791727
Howland Forest,resp14c_only,Respired 14C,11,2.0,4.0,50,intermediate,2038.3443603515625,1386.4417724609375,5440.921953898996,6212.978087380256,5440.921953898996,6212.978087380256
Howland Forest,resp14c_only,Respired 14C,11,2.0,4.0,100,intermediate,1239.1397705078125,800.9570922851562,8240.780982618238,8763.960465061391,8240.780982618238,8763.960465061391
Howland Forest,resp14c_only,Respired 14C,11,2.0,4.0,10,slow,5721.46337890625,5715.75537109375,123.32956773447685,180.87644455301037,123.32956773447685,180.87644455301037
Howland Forest,resp14c_only,Respired 14C,11,2.0,4.0,50,slow,5541.55126953125,5362.337890625,715.171809893733,970.0534167840553,715.171809893733,970.0534167840553
Howland Forest,resp14c_only,Respired 14C,11,2.0,4.0,100,slow,5141.96435546875,4738.998046875,1388.8234709341614,1843.1692264642113,1388.8234709341614,1843.1692264642113
Howland Forest,stocks_soil14c,Stocks + Soil 14C,0,2.0,4.0,10,fast,3802.041748046875,2996.11181640625,2281.5089633822536,2998.811296123018,2281.5089633822536,2998.811296123018
Howland Forest,stocks_soil14c,Stocks + Soil 14C,0,2.0,4.0,50,fast,2275.78515625,1672.686279296875,8344.06980365954,8880.756966952009,8344.06980365954,8880.756966952009
Howland Forest,stocks_soil14c,Stocks + Soil 14C,0,2.0,4.0,100,fast,1992.4625244140625,1574.2657470703125,13036.59940386323,13408.741475334586,13036.59940386323,13408.741475334586
Howland Forest,stocks_soil14c,Stocks + Soil 14C,0,2.0,4.0,10,intermediate,1899.2939453125,1836.6339111328125,264.41599904106454,383.2870118739351,264.41599904106454,383.2870118739351
Howland Forest,stocks_soil14c,Stocks + Soil 14C,0,2.0,4.0,50,intermediate,1298.42919921875,988.5016479492188,1325.0211543339578,1620.939478875897,1325.0211543339578,1620.939478875897
Howland Forest,stocks_soil14c,Stocks + Soil 14C,0,2.0,4.0,100,intermediate,824.9749145507812,535.4076538085938,2152.5184128524734,2416.446826406221,2152.5184128524734,2416.446826406221
Howland Forest,stocks_soil14c,Stocks + Soil 14C,0,2.0,4.0,10,slow,4853.0498046875,4851.53076171875,72.23736408329844,105.96385928542136,72.23736408329844,105.96385928542136
Howland Forest,stocks_soil14c,Stocks + Soil 14C,0,2.0,4.0,50,slow,4790.849609375,4716.97216796875,421.54778063731857,575.5670794791322,421.54778063731857,575.5670794791322
Howland Forest,stocks_soil14c,Stocks + Soil 14C,0,2.0,4.0,100,slow,4605.5185546875,4387.98291015625,830.9229190201179,1119.9893513773745,830.9229190201179,1119.9893513773745
Howland Forest,stocks_soil14c,Stocks + Soil 14C,1,2.0,4.0,10,fast,3802.041748046875,2996.11181640625,2281.5089633822536,2998.811296123018,2281.5089633822536,2998.811296123018
Howland Forest,stocks_soil14c,Stocks + Soil 14C,1,2.0,4.0,50,fast,2275.78515625,1672.686279296875,8344.06980365954,8880.756966952009,8344.06980365954,8880.756966952009
Howland Forest,stocks_soil14c,Stocks + Soil 14C,1,2.0,4.0,100,fast,1992.4625244140625,1574.2657470703125,13036.59940386323,13408.741475334586,13036.59940386323,13408.741475334586
Howland Forest,stocks_soil14c,Stocks + Soil 14C,1,2.0,4.0,10,intermediate,1899.2939453125,1836.6339111328125,264.41599904106454,383.2870118739351,264.41599904106454,383.2870118739351
Howland Forest,stocks_soil14c,Stocks + Soil 14C,1,2.0,4.0,50,intermediate,1298.42919921875,988.5016479492188,1325.0211543339578,1620.939478875897,1325.0211543339578,1620.939478875897
Howland Forest,stocks_soil14c,Stocks + Soil 14C,1,2.0,4.0,100,intermediate,824.9749145507812,535.4076538085938,2152.5184128524734,2416.446826406221,2152.5184128524734,2416.446826406221
Howland Forest,stocks_soil14c,Stocks + Soil 14C,1,2.0,4.0,10,slow,4853.0498046875,4851.53076171875,72.23736408329844,105.96385928542136,72.23736408329844,105.96385928542136
Howland Forest,stocks_soil14c,Stocks + Soil 14C,1,2.0,4.0,50,slow,4790.849609375,4716.97216796875,421.54778063731857,575.5670794791322,421.54778063731857,575.5670794791322
Howland Forest,stocks_soil14c,Stocks + Soil 14C,1,2.0,4.0,100,slow,4605.5185546875,4387.98291015625,830.9229190201179,1119.9893513773745,830.9229190201179,1119.9893513773745
Howland Forest,stocks_soil14c,Stocks + Soil 14C,2,2.0,4.0,10,fast,3789.709228515625,2984.81591796875,2270.759522259311,2984.0448786138368,2270.759522259311,2984.0448786138368
Howland Forest,stocks_soil14c,Stocks + Soil 14C,2,2.0,4.0,50,fast,2269.863525390625,1668.7310791015625,8301.454257961112,8834.093838601071,8301.454257961112,8834.093838601071
Howland Forest,stocks_soil14c,Stocks + Soil 14C,2,2.0,4.0,100,fast,1988.764404296875,1571.83740234375,12971.737767741353,13341.164187111875,12971.737767741353,13341.164187111875
Howland Forest,stocks_soil14c,Stocks + Soil 14C,2,2.0,4.0,10,intermediate,1898.5589599609375,1833.8358154296875,280.44436554888233,406.35520640154465,280.44436554888233,406.35520640154465
Howland Forest,stocks_soil14c,Stocks + Soil 14C,2,2.0,4.0,50,intermediate,1284.207763671875,971.2239990234375,1398.9924084421598,1706.4798907181068,1398.9924084421598,1706.4798907181068
Howland Forest,stocks_soil14c,Stocks + Soil 14C,2,2.0,4.0,100,intermediate,810.4813842773438,523.94482421875,2263.551987907083,2532.833326699393,2263.551987907083,2532.833326699393
Howland Forest,stocks_soil14c,Stocks + Soil 14C,2,2.0,4.0,10,slow,4892.212890625,4890.74560546875,67.86097591683482,99.54459400469553,67.86097591683482,99.54459400469553
Howland Forest,stocks_soil14c,Stocks + Soil 14C,2,2.0,4.0,50,slow,4832.1298828125,4761.15478515625,396.07047604966226,540.9057572164801,396.07047604966226,540.9057572164801
Howland Forest,stocks_soil14c,Stocks + Soil 14C,2,2.0,4.0,100,slow,4654.43115234375,4446.2626953125,781.1929784951375,1053.9062238749627,781.1929784951375,1053.9062238749627
Howland Forest,stocks_soil14c,Stocks + Soil 14C,3,2.0,4.0,10,fast,3797.81298828125,2992.234130859375,2270.3212231712855,2983.8861079449607,2270.3212231712855,2983.8861079449607
Howland Forest,stocks_soil14c,Stocks + Soil 14C,3,2.0,4.0,50,fast,2273.754638671875,1671.3304443359375,8302.0328779547,8835.556520053537,8302.0328779547,8835.556520053537
Howland Forest,stocks_soil14c,Stocks + Soil 14C,3,2.0,4.0,100,fast,1991.191162109375,1573.4263916015625,12971.504599296019,13341.468159189993,12971.504599296019,13341.468159189993
Howland Forest,stocks_soil14c,Stocks + Soil 14C,3,2.0,4.0,10,intermediate,1890.82958984375,1825.99951171875,284.2829067309076,411.88755867310624,284.2829067309076,411.88755867310624
Howland Forest,stocks_soil14c,Stocks + Soil 14C,3,2.0,4.0,50,intermediate,1276.338134765625,963.9351806640625,1416.9424924582877,1727.387858397321,1416.9424924582877,1727.387858397321
Howland Forest,stocks_soil14c,Stocks + Soil 14C,3,2.0,4.0,100,intermediate,804.3656616210938,519.5623779296875,2290.731646759541,2561.536450177369,2290.731646759541,2561.536450177369
Howland Forest,stocks_soil14c,Stocks + Soil 14C,3,2.0,4.0,10,slow,4866.8857421875,4865.4609375,65.2118204350101,95.65875870493477,65.2118204350101,95.65875870493477
Howland Forest,stocks_soil14c,Stocks + Soil 14C,3,2.0,4.0,50,slow,4808.7666015625,4740.1337890625,380.6479101335822,519.9118596564732,380.6479101335822,519.9118596564732
Howland Forest,stocks_soil14c,Stocks + Soil 14C,3,2.0,4.0,100,slow,4636.89013671875,4435.927734375,751.0442285607242,1013.7490097690118,751.0442285607242,1013.7490097690118
Howland Forest,stocks_soil14c,Stocks + Soil 14C,4,2.0,4.0,10,fast,3797.81298828125,2992.234130859375,2270.3212231712855,2983.8861079449607,2270.3212231712855,2983.8861079449607
Howland Forest,stocks_soil14c,Stocks + Soil 14C,4,2.0,4.0,50,fast,2273.754638671875,1671.3304443359375,8302.0328779547,8835.556520053537,8302.0328779547,8835.556520053537
Howland Forest,stocks_soil14c,Stocks + Soil 14C,4,2.0,4.0,100,fast,1991.191162109375,1573.4263916015625,12971.504599296019,13341.468159189993,12971.504599296019,13341.468159189993
Howland Forest,stocks_soil14c,Stocks + Soil 14C,4,2.0,4.0,10,intermediate,1890.82958984375,1825.99951171875,284.2829067309076,411.88755867310624,284.2829067309076,411.88755867310624
Howland Forest,stocks_soil14c,Stocks + Soil 14C,4,2.0,4.0,50,intermediate,1276.338134765625,963.9351806640625,1416.9424924582877,1727.387858397321,1416.9424924582877,1727.387858397321
Howland Forest,stocks_soil14c,Stocks + Soil 14C,4,2.0,4.0,100,intermediate,804.3656616210938,519.5623779296875,2290.731646759541,2561.536450177369,2290.731646759541,2561.536450177369
Howland Forest,stocks_soil14c,Stocks + Soil 14C,4,2.0,4.0,10,slow,4866.8857421875,4865.4609375,65.2118204350101,95.65875870493477,65.2118204350101,95.65875870493477
Howland Forest,stocks_soil14c,Stocks + Soil 14C,4,2.0,4.0,50,slow,4808.7666015625,4740.1337890625,380.6479101335822,519.9118596564732,380.6479101335822,519.9118596564732
Howland Forest,stocks_soil14c,Stocks + Soil 14C,4,2.0,4.0,100,slow,4636.89013671875,4435.927734375,751.0442285607242,1013.7490097690118,751.0442285607242,1013.7490097690118
Howland Forest,stocks_soil14c,Stocks + Soil 14C,5,2.0,4.0,10,fast,3785.470458984375,2980.9384765625,2237.8607876531705,2940.5954698092123,2237.8607876531705,2940.5954698092123
Howland Forest,stocks_soil14c,Stocks + Soil 14C,5,2.0,4.0,50,fast,2267.836669921875,1667.3731689453125,8180.063751434287,8704.468502468055,8180.063751434287,8704.468502468055
Howland Forest,stocks_soil14c,Stocks + Soil 14C,5,2.0,4.0,100,fast,1987.498779296875,1571.0084228515625,12782.647953881702,13146.38611353203,12782.647953881702,13146.38611353203
Howland Forest,stocks_soil14c,Stocks + Soil 14C,5,2.0,4.0,10,intermediate,1889.583984375,1818.475830078125,316.15005515080924,457.4917297497337,316.15005515080924,457.4917297497337
Howland Forest,stocks_soil14c,Stocks + Soil 14C,5,2.0,4.0,50,intermediate,1235.38623046875,914.9706420898438,1554.4287671057796,1878.7074752017784,1554.4287671057796,1878.7074752017784
Howland Forest,stocks_soil14c,Stocks + Soil 14C,5,2.0,4.0,100,intermediate,764.7100830078125,489.5437927246094,2484.0312917434317,2752.255115875781,2484.0312917434317,2752.255115875781
Howland Forest,stocks_soil14c,Stocks + Soil 14C,5,2.0,4.0,10,slow,4882.0166015625,4880.3017578125,70.82498861946648,103.89061743573768,70.82498861946648,103.89061743573768
Howland Forest,stocks_soil14c,Stocks + Soil 14C,5,2.0,4.0,50,slow,4814.27783203125,4735.4013671875,413.15987776476027,563.897529186891,413.15987776476027,563.897529186891
Howland Forest,stocks_soil14c,Stocks + Soil 14C,5,2.0,4.0,100,slow,4619.81494140625,4396.9677734375,813.7196471931709,1095.9835183852845,813.7196471931709,1095.9835183852845
Howland Forest,stocks_soil14c,Stocks + Soil 14C,6,2.0,4.0,10,fast,3785.470458984375,2980.9384765625,2237.8607876531705,2940.5954698092123,2237.8607876531705,2940.5954698092123
Howland Forest,stocks_soil14c,Stocks + Soil 14C,6,2.0,4.0,50,fast,2267.836669921875,1667.3731689453125,8180.063751434287,8704.468502468055,8180.063751434287,8704.468502468055
Howland Forest,stocks_soil14c,Stocks + Soil 14C,6,2.0,4.0,100,fast,1987.498779296875,1571.0084228515625,12782.647953881702,13146.38611353203,12782.647953881702,13146.38611353203
Howland Forest,stocks_soil14c,Stocks + Soil 14C,6,2.0,4.0,10,intermediate,1889.583984375,1818.475830078125,316.15005515080924,457.4917297497337,316.15005515080924,457.4917297497337
Howland Forest,stocks_soil14c,Stocks + Soil 14C,6,2.0,4.0,50,intermediate,1235.38623046875,914.9706420898438,1554.4287671057796,1878.7074752017784,1554.4287671057796,1878.7074752017784
Howland Forest,stocks_soil14c,Stocks + Soil 14C,6,2.0,4.0,100,intermediate,764.7100830078125,489.5437927246094,2484.0312917434317,2752.255115875781,2484.0312917434317,2752.255115875781
Howland Forest,stocks_soil14c,Stocks + Soil 14C,6,2.0,4.0,10,slow,4882.0166015625,4880.3017578125,70.82498861946648,103.89061743573768,70.82498861946648,103.89061743573768
Howland Forest,stocks_soil14c,Stocks + Soil 14C,6,2.0,4.0,50,slow,4814.27783203125,4735.4013671875,413.15987776476027,563.897529186891,413.15987776476027,563.897529186891
Howland Forest,stocks_soil14c,Stocks + Soil 14C,6,2.0,4.0,100,slow,4619.81494140625,4396.9677734375,813.7196471931709,1095.9835183852845,813.7196471931709,1095.9835183852845
Howland Forest,stocks_soil14c,Stocks + Soil 14C,7,2.0,4.0,10,fast,3778.21337890625,2974.291748046875,2270.1491239223346,2982.6429835250783,2270.1491239223346,2982.6429835250783
Howland Forest,stocks_soil14c,Stocks + Soil 14C,7,2.0,4.0,50,fast,2264.349365234375,1665.0517578125,8296.13737953713,8827.213103976292,8296.13737953713,8827.213103976292
Howland Forest,stocks_soil14c,Stocks + Soil 14C,7,2.0,4.0,100,fast,1985.3204345703125,1569.577880859375,12965.047116300691,13333.471135418831,12965.047116300691,13333.471135418831
Howland Forest,stocks_soil14c,Stocks + Soil 14C,7,2.0,4.0,10,intermediate,1888.6416015625,1823.90283203125,281.7735087087284,408.2525440489247,281.7735087087284,408.2525440489247
Howland Forest,stocks_soil14c,Stocks + Soil 14C,7,2.0,4.0,50,intermediate,1275.4295654296875,963.6943359375,1404.603296338002,1712.5696958359495,1404.603296338002,1712.5696958359495
Howland Forest,stocks_soil14c,Stocks + Soil 14C,7,2.0,4.0,100,intermediate,804.272705078125,519.6905517578125,2271.3421497851346,2540.383053352901,2271.3421497851346,2540.383053352901
Howland Forest,stocks_soil14c,Stocks + Soil 14C,7,2.0,4.0,10,slow,4875.78857421875,4874.35107421875,66.22958248710832,97.15164707312152,66.22958248710832,97.15164707312152
Howland Forest,stocks_soil14c,Stocks + Soil 14C,7,2.0,4.0,50,slow,4816.83642578125,4747.2666015625,386.5709432579194,527.9727254368637,386.5709432579194,527.9727254368637
Howland Forest,stocks_soil14c,Stocks + Soil 14C,7,2.0,4.0,100,slow,4642.70849609375,4438.7470703125,762.6191433255576,1029.1433635831675,762.6191433255576,1029.1433635831675
Howland Forest,stocks_soil14c,Stocks + Soil 14C,8,2.0,4.0,10,fast,3784.735107421875,2980.268310546875,2271.5034311649642,2984.7658342974228,2271.5034311649642,2984.7658342974228
Howland Forest,stocks_soil14c,Stocks + Soil 14C,8,2.0,4.0,50,fast,2267.4853515625,1667.1412353515625,8302.84210891326,8835.048616235805,8302.84210891326,8835.048616235805
Howland Forest,stocks_soil14c,Stocks + Soil 14C,8,2.0,4.0,100,fast,1987.2783203125,1570.86328125,12974.608129475968,13343.772140032277,12974.608129475968,13343.772140032277
Howland Forest,stocks_soil14c,Stocks + Soil 14C,8,2.0,4.0,10,intermediate,1879.919921875,1815.443115234375,276.2136020778453,400.1943510938694,276.2136020778453,400.1943510938694
Howland Forest,stocks_soil14c,Stocks + Soil 14C,8,2.0,4.0,50,intermediate,1269.14453125,958.6986083984375,1376.738614893578,1678.4464698812476,1376.738614893578,1678.4464698812476
Howland Forest,stocks_soil14c,Stocks + Soil 14C,8,2.0,4.0,100,intermediate,800.0693969726562,516.8843994140625,2225.9643567491494,2489.3328801935877,2225.9643567491494,2489.3328801935877
Howland Forest,stocks_soil14c,Stocks + Soil 14C,8,2.0,4.0,10,slow,4856.06103515625,4854.4775390625,70.77805519231225,103.82263612632819,70.77805519231225,103.82263612632819
Howland Forest,stocks_soil14c,Stocks + Soil 14C,8,2.0,4.0,50,slow,4793.14501953125,4718.85791015625,413.01065032562974,563.884994916949,413.01065032562974,563.884994916949
Howland Forest,stocks_soil14c,Stocks + Soil 14C,8,2.0,4.0,100,slow,4607.697265625,4391.3017578125,814.0442584479968,1097.243617933516,814.0442584479968,1097.243617933516
Howland Forest,stocks_soil14c,Stocks + Soil 14C,9,2.0,4.0,10,fast,3784.735107421875,2980.268310546875,2271.5034311649642,2984.7658342974228,2271.5034311649642,2984.7658342974228
Howland Forest,stocks_soil14c,Stocks + Soil 14C,9,2.0,4.0,50,fast,2267.4853515625,1667.1412353515625,8302.84210891326,8835.048616235805,8302.84210891326,8835.048616235805
Howland Forest,stocks_soil14c,Stocks + Soil 14C,9,2.0,4.0,100,fast,1987.2783203125,1570.86328125,12974.608129475968,13343.772140032277,12974.608129475968,13343.772140032277
Howland Forest,stocks_soil14c,Stocks + Soil 14C,9,2.0,4.0,10,intermediate,1879.919921875,1815.443115234375,276.2136020778453,400.1943510938694,276.2136020778453,400.1943510938694
Howland Forest,stocks_soil14c,Stocks + Soil 14C,9,2.0,4.0,50,intermediate,1269.14453125,958.6986083984375,1376.738614893578,1678.4464698812476,1376.738614893578,1678.4464698812476
Howland Forest,stocks_soil14c,Stocks + Soil 14C,9,2.0,4.0,100,intermediate,800.0693969726562,516.8843994140625,2225.9643567491494,2489.3328801935877,2225.9643567491494,2489.3328801935877
Howland Forest,stocks_soil14c,Stocks + Soil 14C,9,2.0,4.0,10,slow,4856.06103515625,4854.4775390625,70.77805519231225,103.82263612632819,70.77805519231225,103.82263612632819
Howland Forest,stocks_soil14c,Stocks + Soil 14C,9,2.0,4.0,50,slow,4793.14501953125,4718.85791015625,413.01065032562974,563.884994916949,413.01065032562974,563.884994916949
Howland Forest,stocks_soil14c,Stocks + Soil 14C,9,2.0,4.0,100,slow,4607.697265625,4391.3017578125,814.0442584479968,1097.243617933516,814.0442584479968,1097.243617933516
Howland Forest,stocks_soil14c,Stocks + Soil 14C,10,2.0,4.0,10,fast,3784.735107421875,2980.268310546875,2271.5034311649642,2984.7658342974228,2271.5034311649642,2984.7658342974228
Howland Forest,stocks_soil14c,Stocks + Soil 14C,10,2.0,4.0,50,fast,2267.4853515625,1667.1412353515625,8302.84210891326,8835.048616235805,8302.84210891326,8835.048616235805
Howland Forest,stocks_soil14c,Stocks + Soil 14C,10,2.0,4.0,100,fast,1987.2783203125,1570.86328125,12974.608129475968,13343.772140032277,12974.608129475968,13343.772140032277
Howland Forest,stocks_soil14c,Stocks + Soil 14C,10,2.0,4.0,10,intermediate,1879.919921875,1815.443115234375,276.2136020778453,400.1943510938694,276.2136020778453,400.1943510938694
Howland Forest,stocks_soil14c,Stocks + Soil 14C,10,2.0,4.0,50,intermediate,1269.14453125,958.6986083984375,1376.738614893578,1678.4464698812476,1376.738614893578,1678.4464698812476
Howland Forest,stocks_soil14c,Stocks + Soil 14C,10,2.0,4.0,100,intermediate,800.0693969726562,516.8843994140625,2225.9643567491494,2489.3328801935877,2225.9643567491494,2489.3328801935877
Howland Forest,stocks_soil14c,Stocks + Soil 14C,10,2.0,4.0,10,slow,4856.06103515625,4854.4775390625,70.77805519231225,103.82263612632819,70.77805519231225,103.82263612632819
Howland Forest,stocks_soil14c,Stocks + Soil 14C,10,2.0,4.0,50,slow,4793.14501953125,4718.85791015625,413.01065032562974,563.884994916949,413.01065032562974,563.884994916949
Howland Forest,stocks_soil14c,Stocks + Soil 14C,10,2.0,4.0,100,slow,4607.697265625,4391.3017578125,814.0442584479968,1097.243617933516,814.0442584479968,1097.243617933516
Howland Forest,stocks_soil14c,Stocks + Soil 14C,11,2.0,4.0,10,fast,3785.465087890625,2980.93359375,2226.3881225328487,2925.51993526664,2226.3881225328487,2925.51993526664
Howland Forest,stocks_soil14c,Stocks + Soil 14C,11,2.0,4.0,50,fast,2267.834228515625,1667.3714599609375,8138.1268123387135,8659.842571576308,8138.1268123387135,8659.842571576308
Howland Forest,stocks_soil14c,Stocks + Soil 14C,11,2.0,4.0,100,fast,1987.4974365234375,1571.0072021484375,12717.115396111036,13078.988052880115,12717.115396111036,13078.988052880115
Howland Forest,stocks_soil14c,Stocks + Soil 14C,11,2.0,4.0,10,intermediate,1885.133056640625,1811.830810546875,321.5842073288279,465.1388544405444,321.5842073288279,465.1388544405444
Howland Forest,stocks_soil14c,Stocks + Soil 14C,11,2.0,4.0,50,intermediate,1218.1392822265625,895.9483032226562,1573.2253931760893,1895.4816254558507,1573.2253931760893,1895.4816254558507
Howland Forest,stocks_soil14c,Stocks + Soil 14C,11,2.0,4.0,100,intermediate,749.7249145507812,478.84039306640625,2503.8929624517436,2765.534208655465,2503.8929624517436,2765.534208655465
Howland Forest,stocks_soil14c,Stocks + Soil 14C,11,2.0,4.0,10,slow,4872.630859375,4870.56640625,79.06167351669947,115.97016496921698,79.06167351669947,115.97016496921698
Howland Forest,stocks_soil14c,Stocks + Soil 14C,11,2.0,4.0,50,slow,4795.22412109375,4705.888671875,460.92374149679733,628.5985394059185,460.92374149679733,628.5985394059185
Howland Forest,stocks_soil14c,Stocks + Soil 14C,11,2.0,4.0,100,slow,4576.48388671875,4328.73583984375,906.0129607887061,1217.345179278598,906.0129607887061,1217.345179278598
Howland Forest,stocks_resp14c,Stocks + Respired 14C,0,2.0,4.0,10,fast,3285.7900390625,2526.647216796875,1803.3167705748263,2347.1393871640757,1803.3167705748263,2347.1393871640757
Howland Forest,stocks_resp14c,Stocks + Respired 14C,0,2.0,4.0,50,fast,2033.5472412109375,1509.9222412109375,6486.851453656435,6861.900211794909,6486.851453656435,6861.900211794909
Howland Forest,stocks_resp14c,Stocks + Respired 14C,0,2.0,4.0,100,fast,1839.489990234375,1473.79833984375,10200.009296193357,10461.934260072852,10200.009296193357,10461.934260072852
Howland Forest,stocks_resp14c,Stocks + Respired 14C,0,2.0,4.0,10,intermediate,2648.585205078125,2489.349609375,763.5481960452528,1095.5189120490907,763.5481960452528,1095.5189120490907
Howland Forest,stocks_resp14c,Stocks + Respired 14C,0,2.0,4.0,50,intermediate,1456.6483154296875,996.6514892578125,3462.98488708074,4002.4111205583567,3462.98488708074,4002.4111205583567
Howland Forest,stocks_resp14c,Stocks + Respired 14C,0,2.0,4.0,100,intermediate,875.1925659179688,562.3134765625,5280.717881166686,5649.9844213260985,5280.717881166686,5649.9844213260985
Howland Forest,stocks_resp14c,Stocks + Respired 14C,0,2.0,4.0,10,slow,5070.99658203125,5067.12548828125,99.09278748544158,145.33972454114715,99.09278748544158,145.33972454114715
Howland Forest,stocks_resp14c,Stocks + Respired 14C,0,2.0,4.0,50,slow,4938.7255859375,4801.01611328125,575.7170862933227,782.3381718597823,575.7170862933227,782.3381718597823
Howland Forest,stocks_resp14c,Stocks + Respired 14C,0,2.0,4.0,100,slow,4623.8896484375,4297.82421875,1122.4635817011645,1495.632819612188,1122.4635817011645,1495.632819612188
Howland Forest,stocks_resp14c,Stocks + Respired 14C,1,2.0,4.0,10,fast,3261.33349609375,2504.584228515625,1789.7860506405025,2328.3336902163883,1789.7860506405025,2328.3336902163883
Howland Forest,stocks_resp14c,Stocks + Respired 14C,1,2.0,4.0,50,fast,2022.3369140625,1502.33154296875,6433.2065228678875,6803.214919195582,6433.2065228678875,6803.214919195582
Howland Forest,stocks_resp14c,Stocks + Respired 14C,1,2.0,4.0,100,fast,1832.32421875,1469.0897216796875,10119.153471383304,10377.610032615508,10119.153471383304,10377.610032615508
Howland Forest,stocks_resp14c,Stocks + Respired 14C,1,2.0,4.0,10,intermediate,2607.3759765625,2445.89990234375,779.244282434207,1117.2642833245823,779.244282434207,1117.2642833245823
Howland Forest,stocks_resp14c,Stocks + Respired 14C,1,2.0,4.0,50,intermediate,1417.173095703125,966.0803833007812,3513.2190010556174,4048.405664686176,3513.2190010556174,4048.405664686176
Howland Forest,stocks_resp14c,Stocks + Respired 14C,1,2.0,4.0,100,intermediate,852.6420288085938,548.826416015625,5344.682016334412,5708.4437939457375,5344.682016334412,5708.4437939457375
Howland Forest,stocks_resp14c,Stocks + Respired 14C,1,2.0,4.0,10,slow,5803.59375,5799.68505859375,97.18388776124259,142.54330884732605,97.18388776124259,142.54330884732605
Howland Forest,stocks_resp14c,Stocks + Respired 14C,1,2.0,4.0,50,slow,5670.56884765625,5532.44873046875,565.1882270757903,768.9596621009886,565.1882270757903,768.9596621009886
Howland Forest,stocks_resp14c,Stocks + Respired 14C,1,2.0,4.0,100,slow,5354.80908203125,5026.57275390625,1105.3166166650115,1478.3383103722708,1105.3166166650115,1478.3383103722708
Howland Forest,stocks_resp14c,Stocks + Respired 14C,2,2.0,4.0,10,fast,3261.33349609375,2504.584228515625,1789.7860506405025,2328.3336902163883,1789.7860506405025,2328.3336902163883
Howland Forest,stocks_resp14c,Stocks + Respired 14C,2,2.0,4.0,50,fast,2022.3369140625,1502.33154296875,6433.2065228678875,6803.214919195582,6433.2065228678875,6803.214919195582
Howland Forest,stocks_resp14c,Stocks + Respired 14C,2,2.0,4.0,100,fast,1832.32421875,1469.0897216796875,10119.153471383304,10377.610032615508,10119.153471383304,10377.610032615508
Howland Forest,stocks_resp14c,Stocks + Respired 14C,2,2.0,4.0,10,intermediate,2607.3759765625,2445.89990234375,779.244282434207,1117.2642833245823,779.244282434207,1117.2642833245823
Howland Forest,stocks_resp14c,Stocks + Respired 14C,2,2.0,4.0,50,intermediate,1417.173095703125,966.0803833007812,3513.2190010556174,4048.405664686176,3513.2190010556174,4048.405664686176
Howland Forest,stocks_resp14c,Stocks + Respired 14C,2,2.0,4.0,100,intermediate,852.6420288085938,548.826416015625,5344.682016334412,5708.4437939457375,5344.682016334412,5708.4437939457375
Howland Forest,stocks_resp14c,Stocks + Respired 14C,2,2.0,4.0,10,slow,5803.59375,5799.68505859375,97.18388776124259,142.54330884732605,97.18388776124259,142.54330884732605
Howland Forest,stocks_resp14c,Stocks + Respired 14C,2,2.0,4.0,50,slow,5670.56884765625,5532.44873046875,565.1882270757903,768.9596621009886,565.1882270757903,768.9596621009886
Howland Forest,stocks_resp14c,Stocks + Respired 14C,2,2.0,4.0,100,slow,5354.80908203125,5026.57275390625,1105.3166166650115,1478.3383103722708,1105.3166166650115,1478.3383103722708
Howland Forest,stocks_resp14c,Stocks + Respired 14C,3,2.0,4.0,10,fast,3275.66748046875,2517.509765625,1790.922112554023,2330.5098824293855,1790.922112554023,2330.5098824293855
Howland Forest,stocks_resp14c,Stocks + Respired 14C,3,2.0,4.0,50,fast,2028.90673828125,1506.7723388671875,6440.203339965423,6811.733316421156,6440.203339965423,6811.733316421156
Howland Forest,stocks_resp14c,Stocks + Respired 14C,3,2.0,4.0,100,fast,1836.5206298828125,1471.847412109375,10128.098759356682,10387.578089372762,10128.098759356682,10387.578089372762
Howland Forest,stocks_resp14c,Stocks + Respired 14C,3,2.0,4.0,10,intermediate,2583.342041015625,2422.487060546875,779.3013903266092,1117.2040847510498,779.3013903266092,1117.2040847510498
Howland Forest,stocks_resp14c,Stocks + Respired 14C,3,2.0,4.0,50,intermediate,1400.532470703125,953.7977294921875,3509.3284933653813,4041.336317060508,3509.3284933653813,4041.336317060508
Howland Forest,stocks_resp14c,Stocks + Respired 14C,3,2.0,4.0,100,intermediate,842.7840576171875,542.7216186523438,5335.757157214661,5696.657083789367,5335.757157214661,5696.657083789367
Howland Forest,stocks_resp14c,Stocks + Respired 14C,3,2.0,4.0,10,slow,5573.60791015625,5569.68994140625,96.89194047454848,142.11399225730418,96.89194047454848,142.11399225730418
Howland Forest,stocks_resp14c,Stocks + Respired 14C,3,2.0,4.0,50,slow,5440.611328125,5302.83984375,563.3186614767133,766.1485382872495,563.3186614767133,766.1485382872495
Howland Forest,stocks_resp14c,Stocks + Respired 14C,3,2.0,4.0,100,slow,5126.29833984375,4800.32470703125,1100.7323633647393,1470.763508872944,1100.7323633647393,1470.763508872944
Howland Forest,stocks_resp14c,Stocks + Respired 14C,4,2.0,4.0,10,fast,3405.904052734375,2635.224853515625,1860.6152117946576,2427.643187165638,1860.6152117946576,2427.643187165638
Howland Forest,stocks_resp14c,Stocks + Respired 14C,4,2.0,4.0,50,fast,2088.927490234375,1547.33740234375,6718.562715224321,7116.989944058457,6718.562715224321,7116.989944058457
Howland Forest,stocks_resp14c,Stocks + Respired 14C,4,2.0,4.0,100,fast,1874.7843017578125,1496.99072265625,10547.01385138316,10824.944577550896,10547.01385138316,10824.944577550896
Howland Forest,stocks_resp14c,Stocks + Respired 14C,4,2.0,4.0,10,intermediate,2367.221923828125,2222.473388671875,721.9463150606739,1035.4440250104233,721.9463150606739,1035.4440250104233
Howland Forest,stocks_resp14c,Stocks + Respired 14C,4,2.0,4.0,50,intermediate,1289.462890625,878.2252807617188,3261.0997193614003,3760.025184868021,3261.0997193614003,3760.025184868021
Howland Forest,stocks_resp14c,Stocks + Respired 14C,4,2.0,4.0,100,intermediate,774.6346435546875,498.55352783203125,4960.916860447491,5299.220194601397,4960.916860447491,5299.220194601397
Howland Forest,stocks_resp14c,Stocks + Respired 14C,4,2.0,4.0,10,slow,4846.3876953125,4843.09716796875,81.24273992117458,119.1614132908745,81.24273992117458,119.1614132908745
Howland Forest,stocks_resp14c,Stocks + Respired 14C,4,2.0,4.0,50,slow,4735.8671875,4620.71484375,472.50381744511867,642.8776196529841,472.50381744511867,642.8776196529841
Howland Forest,stocks_resp14c,Stocks + Respired 14C,4,2.0,4.0,100,slow,4472.23388671875,4197.79736328125,924.1023698837807,1235.9784965668402,924.1023698837807,1235.9784965668402
Howland Forest,stocks_resp14c,Stocks + Respired 14C,5,2.0,4.0,10,fast,3418.548095703125,2646.66162109375,1873.5533974970526,2445.131248442745,1873.5533974970526,2445.131248442745
Howland Forest,stocks_resp14c,Stocks + Respired 14C,5,2.0,4.0,50,fast,2094.786376953125,1551.2802734375,6768.02130508626,7170.408207696817,6768.02130508626,7170.408207696817
Howland Forest,stocks_resp14c,Stocks + Respired 14C,5,2.0,4.0,100,fast,1878.503173828125,1499.4368896484375,10622.863826169374,10903.500194376116,10622.863826169374,10903.500194376116
Howland Forest,stocks_resp14c,Stocks + Respired 14C,5,2.0,4.0,10,intermediate,2318.8134765625,2176.978271484375,694.3228412989753,995.8211348963334,694.3228412989753,995.8211348963334
Howland Forest,stocks_resp14c,Stocks + Respired 14C,5,2.0,4.0,50,intermediate,1262.6583251953125,859.748046875,3136.003375312237,3615.460355976001,3136.003375312237,3615.460355976001
Howland Forest,stocks_resp14c,Stocks + Respired 14C,5,2.0,4.0,100,intermediate,758.4768676757812,488.19195556640625,4770.083398893587,5094.996844868522,4770.083398893587,5094.996844868522
Howland Forest,stocks_resp14c,Stocks + Respired 14C,5,2.0,4.0,10,slow,5184.06201171875,5180.29345703125,94.60588465274216,138.76015391539636,94.60588465274216,138.76015391539636
Howland Forest,stocks_resp14c,Stocks + Respired 14C,5,2.0,4.0,50,slow,5055.75439453125,4922.251953125,549.8801505214867,747.6013939204261,549.8801505214867,747.6013939204261
Howland Forest,stocks_resp14c,Stocks + Respired 14C,5,2.0,4.0,100,slow,4750.912109375,4435.3154296875,1073.4796173484528,1432.6925125976313,1073.4796173484528,1432.6925125976313
Howland Forest,stocks_resp14c,Stocks + Respired 14C,6,2.0,4.0,10,fast,3343.107666015625,2578.4033203125,1820.1362082649625,2371.8261952701405,1820.1362082649625,2371.8261952701405
Howland Forest,stocks_resp14c,Stocks + Respired 14C,6,2.0,4.0,50,fast,2059.90283203125,1527.746826171875,6559.268388235761,6943.130587804794,6559.268388235761,6943.130587804794
Howland Forest,stocks_resp14c,Stocks + Respired 14C,6,2.0,4.0,100,fast,1856.3109130859375,1484.851806640625,10305.669330914985,10573.610480404383,10305.669330914985,10573.610480404383
Howland Forest,stocks_resp14c,Stocks + Respired 14C,6,2.0,4.0,10,intermediate,2433.12158203125,2279.90869140625,739.9736409291326,1060.5495095739775,739.9736409291326,1060.5495095739775
Howland Forest,stocks_resp14c,Stocks + Respired 14C,6,2.0,4.0,50,intermediate,1311.0828857421875,890.52392578125,3323.4106734229354,3821.415881735897,3323.4106734229354,3821.415881735897
Howland Forest,stocks_resp14c,Stocks + Respired 14C,6,2.0,4.0,100,intermediate,789.1723022460938,508.7642517089844,5045.877700344015,5381.944824139106,5045.877700344015,5381.944824139106
Howland Forest,stocks_resp14c,Stocks + Respired 14C,6,2.0,4.0,10,slow,5432.67822265625,5428.3564453125,106.68921347421467,156.48029966159223,106.68921347421467,156.48029966159223
Howland Forest,stocks_resp14c,Stocks + Respired 14C,6,2.0,4.0,50,slow,5285.6201171875,5134.12255859375,619.6359405789208,841.7374952700158,619.6359405789208,841.7374952700158
Howland Forest,stocks_resp14c,Stocks + Respired 14C,6,2.0,4.0,100,slow,4941.822265625,4589.0458984375,1207.25780464024,1607.6518463904074,1207.25780464024,1607.6518463904074
Howland Forest,stocks_resp14c,Stocks + Respired 14C,7,2.0,4.0,10,fast,3406.595703125,2635.84814453125,1843.738657343684,2405.655016492599,1843.738657343684,2405.655016492599
Howland Forest,stocks_resp14c,Stocks + Respired 14C,7,2.0,4.0,50,fast,2089.252197265625,1547.5521240234375,6657.777289388282,7052.644652326729,6657.777289388282,7052.644652326729
Howland Forest,stocks_resp14c,Stocks + Respired 14C,7,2.0,4.0,100,fast,1874.9881591796875,1497.1229248046875,10451.491431467437,10726.926388620348,10451.491431467437,10726.926388620348
Howland Forest,stocks_resp14c,Stocks + Respired 14C,7,2.0,4.0,10,intermediate,2300.724365234375,2153.832763671875,714.5533543184258,1023.7824451525482,714.5533543184258,1023.7824451525482
Howland Forest,stocks_resp14c,Stocks + Respired 14C,7,2.0,4.0,50,intermediate,1231.0992431640625,833.9111328125,3199.0571897732825,3672.0215549705244,3199.0571897732825,3672.0215549705244
Howland Forest,stocks_resp14c,Stocks + Respired 14C,7,2.0,4.0,100,intermediate,741.4981689453125,478.6532897949219,4849.613437079144,5167.1473012828465,4849.613437079144,5167.1473012828465
Howland Forest,stocks_resp14c,Stocks + Respired 14C,7,2.0,4.0,10,slow,5557.66162109375,5553.15576171875,108.84129136911417,159.63601628810153,108.84129136911417,159.63601628810153
Howland Forest,stocks_resp14c,Stocks + Respired 14C,7,2.0,4.0,50,slow,5406.0546875,5250.35107421875,632.0859229598993,858.5898963525494,632.0859229598993,858.5898963525494
Howland Forest,stocks_resp14c,Stocks + Respired 14C,7,2.0,4.0,100,slow,5053.57763671875,4692.828125,1231.3662323115996,1639.6338253348686,1231.3662323115996,1639.6338253348686
Howland Forest,stocks_resp14c,Stocks + Respired 14C,8,2.0,4.0,10,fast,3406.595703125,2635.84814453125,1843.738657343684,2405.655016492599,1843.738657343684,2405.655016492599
Howland Forest,stocks_resp14c,Stocks + Respired 14C,8,2.0,4.0,50,fast,2089.252197265625,1547.5521240234375,6657.777289388282,7052.644652326729,6657.777289388282,7052.644652326729
Howland Forest,stocks_resp14c,Stocks + Respired 14C,8,2.0,4.0,100,fast,1874.9881591796875,1497.1229248046875,10451.491431467437,10726.926388620348,10451.491431467437,10726.926388620348
Howland Forest,stocks_resp14c,Stocks + Respired 14C,8,2.0,4.0,10,intermediate,2300.724365234375,2153.832763671875,714.5533543184258,1023.7824451525482,714.5533543184258,1023.7824451525482
Howland Forest,stocks_resp14c,Stocks + Respired 14C,8,2.0,4.0,50,intermediate,1231.0992431640625,833.9111328125,3199.0571897732825,3672.0215549705244,3199.0571897732825,3672.0215549705244
Howland Forest,stocks_resp14c,Stocks + Respired 14C,8,2.0,4.0,100,intermediate,741.4981689453125,478.6532897949219,4849.613437079144,5167.1473012828465,4849.613437079144,5167.1473012828465
Howland Forest,stocks_resp14c,Stocks + Respired 14C,8,2.0,4.0,10,slow,5557.66162109375,5553.15576171875,108.84129136911417,159.63601628810153,108.84129136911417,159.63601628810153
Howland Forest,stocks_resp14c,Stocks + Respired 14C,8,2.0,4.0,50,slow,5406.0546875,5250.35107421875,632.0859229598993,858.5898963525494,632.0859229598993,858.5898963525494
Howland Forest,stocks_resp14c,Stocks + Respired 14C,8,2.0,4.0,100,slow,5053.57763671875,4692.828125,1231.3662323115996,1639.6338253348686,1231.3662323115996,1639.6338253348686
Howland Forest,stocks_resp14c,Stocks + Respired 14C,9,2.0,4.0,10,fast,3406.595703125,2635.84814453125,1843.738657343684,2405.655016492599,1843.738657343684,2405.655016492599
Howland Forest,stocks_resp14c,Stocks + Respired 14C,9,2.0,4.0,50,fast,2089.252197265625,1547.5521240234375,6657.777289388282,7052.644652326729,6657.777289388282,7052.644652326729
Howland Forest,stocks_resp14c,Stocks + Respired 14C,9,2.0,4.0,100,fast,1874.9881591796875,1497.1229248046875,10451.491431467437,10726.926388620348,10451.491431467437,10726.926388620348
Howland Forest,stocks_resp14c,Stocks + Respired 14C,9,2.0,4.0,10,intermediate,2300.724365234375,2153.832763671875,714.5533543184258,1023.7824451525482,714.5533543184258,1023.7824451525482
Howland Forest,stocks_resp14c,Stocks + Respired 14C,9,2.0,4.0,50,intermediate,1231.0992431640625,833.9111328125,3199.0571897732825,3672.0215549705244,3199.0571897732825,3672.0215549705244
Howland Forest,stocks_resp14c,Stocks + Respired 14C,9,2.0,4.0,100,intermediate,741.4981689453125,478.6532897949219,4849.613437079144,5167.1473012828465,4849.613437079144,5167.1473012828465
Howland Forest,stocks_resp14c,Stocks + Respired 14C,9,2.0,4.0,10,slow,5557.66162109375,5553.15576171875,108.84129136911417,159.63601628810153,108.84129136911417,159.63601628810153
Howland Forest,stocks_resp14c,Stocks + Respired 14C,9,2.0,4.0,50,slow,5406.0546875,5250.35107421875,632.0859229598993,858.5898963525494,632.0859229598993,858.5898963525494
Howland Forest,stocks_resp14c,Stocks + Respired 14C,9,2.0,4.0,100,slow,5053.57763671875,4692.828125,1231.3662323115996,1639.6338253348686,1231.3662323115996,1639.6338253348686
Howland Forest,stocks_resp14c,Stocks + Respired 14C,10,2.0,4.0,10,fast,3434.073486328125,2660.744873046875,1817.7537771390794,2373.042607179601,1817.7537771390794,2373.042607179601
Howland Forest,stocks_resp14c,Stocks + Respired 14C,10,2.0,4.0,50,fast,2102.005615234375,1556.1473388671875,6569.718268255748,6961.60471818986,6569.718268255748,6961.60471818986
Howland Forest,stocks_resp14c,Stocks + Respired 14C,10,2.0,4.0,100,fast,1883.0859375,1502.4466552734375,10309.524275791433,10582.785102126785,10309.524275791433,10582.785102126785
Howland Forest,stocks_resp14c,Stocks + Respired 14C,10,2.0,4.0,10,intermediate,2201.1181640625,2051.40869140625,754.4916388204283,1079.27388692235,754.4916388204283,1079.27388692235
Howland Forest,stocks_resp14c,Stocks + Respired 14C,10,2.0,4.0,50,intermediate,1147.199951171875,771.7667236328125,3332.653354699367,3800.224045780529,3332.653354699367,3800.224045780529
Howland Forest,stocks_resp14c,Stocks + Respired 14C,10,2.0,4.0,100,intermediate,694.78759765625,450.5400695800781,5028.460079407951,5338.970536245517,5028.460079407951,5338.970536245517
Howland Forest,stocks_resp14c,Stocks + Respired 14C,10,2.0,4.0,10,slow,5410.2744140625,5405.8134765625,101.17664961065981,148.39383217219415,101.17664961065981,148.39383217219415
Howland Forest,stocks_resp14c,Stocks + Respired 14C,10,2.0,4.0,50,slow,5262.9365234375,5113.8994140625,587.5522988374598,798.1629070234758,587.5522988374598,798.1629070234758
Howland Forest,stocks_resp14c,Stocks + Respired 14C,10,2.0,4.0,100,slow,4928.51220703125,4588.640625,1145.0548988534015,1525.853580722053,1145.0548988534015,1525.853580722053
Howland Forest,stocks_resp14c,Stocks + Respired 14C,11,2.0,4.0,10,fast,3310.041748046875,2548.540771484375,1794.7202266133227,2337.1270098943132,1794.7202266133227,2337.1270098943132
Howland Forest,stocks_resp14c,Stocks + Respired 14C,11,2.0,4.0,50,fast,2044.681640625,1517.45654296875,6460.893213278348,6836.369929789282,6460.893213278348,6836.369929789282
Howland Forest,stocks_resp14c,Stocks + Respired 14C,11,2.0,4.0,100,fast,1846.600830078125,1478.4737548828125,10155.73279278458,10417.909138882522,10155.73279278458,10417.909138882522
Howland Forest,stocks_resp14c,Stocks + Respired 14C,11,2.0,4.0,10,intermediate,2510.079833984375,2351.1298828125,768.0573901694315,1100.6426851488977,768.0573901694315,1100.6426851488977
Howland Forest,stocks_resp14c,Stocks + Respired 14C,11,2.0,4.0,50,intermediate,1350.3052978515625,917.0411376953125,3446.010539186731,3960.716566391945,3446.010539186731,3960.716566391945
Howland Forest,stocks_resp14c,Stocks + Respired 14C,11,2.0,4.0,100,intermediate,813.1997680664062,524.3699340820312,5230.897569230449,5578.205707392145,5230.897569230449,5578.205707392145
Howland Forest,stocks_resp14c,Stocks + Respired 14C,11,2.0,4.0,10,slow,5876.75,5872.41650390625,106.35806613912396,155.99700720551556,106.35806613912396,155.99700720551556
Howland Forest,stocks_resp14c,Stocks + Respired 14C,11,2.0,4.0,50,slow,5729.2421875,5577.0888671875,618.1014795582387,840.2744180141897,618.1014795582387,840.2744180141897
Howland Forest,stocks_resp14c,Stocks + Respired 14C,11,2.0,4.0,100,slow,5383.59619140625,5027.29052734375,1206.48751470024,1610.1488442133377,1206.48751470024,1610.1488442133377
Howland Forest,all_observations,All observations,0,2.0,4.0,10,fast,3792.2138671875,2987.102294921875,2221.6528405442764,2919.6363601667467,2221.6528405442764,2919.6363601667467
Howland Forest,all_observations,All observations,0,2.0,4.0,50,fast,2271.058837890625,1669.5325927734375,8122.586578888395,8643.999356643853,8122.586578888395,8643.999356643853
Howland Forest,all_observations,All observations,0,2.0,4.0,100,fast,1989.5126953125,1572.3280029296875,12691.895245993539,13053.51009086804,12691.895245993539,13053.51009086804
Howland Forest,all_observations,All observations,0,2.0,4.0,10,intermediate,1884.427978515625,1810.1998291015625,337.0922327499207,487.4782923099211,337.0922327499207,487.4782923099211
Howland Forest,all_observations,All observations,0,2.0,4.0,50,intermediate,1211.811279296875,888.7221069335938,1645.7016345735792,1980.2507822282855,1645.7016345735792,1980.2507822282855
Howland Forest,all_observations,All observations,0,2.0,4.0,100,intermediate,744.1050415039062,474.84393310546875,2614.8837791323285,2884.4095051548093,2614.8837791323285,2884.4095051548093
Howland Forest,all_observations,All observations,0,2.0,4.0,10,slow,4859.00244140625,4857.2138671875,69.63559358971436,102.14550047898078,69.63559358971436,102.14550047898078
Howland Forest,all_observations,All observations,0,2.0,4.0,50,slow,4789.92138671875,4710.1123046875,406.17511765966844,554.2991806717539,406.17511765966844,554.2991806717539
Howland Forest,all_observations,All observations,0,2.0,4.0,100,slow,4594.36279296875,4372.06005859375,799.7687497246246,1076.9922385586929,799.7687497246246,1076.9922385586929
Howland Forest,all_observations,All observations,1,2.0,4.0,10,fast,3792.2138671875,2987.102294921875,2221.6528405442764,2919.6363601667467,2221.6528405442764,2919.6363601667467
Howland Forest,all_observations,All observations,1,2.0,4.0,50,fast,2271.058837890625,1669.5325927734375,8122.586578888395,8643.999356643853,8122.586578888395,8643.999356643853
Howland Forest,all_observations,All observations,1,2.0,4.0,100,fast,1989.5126953125,1572.3280029296875,12691.895245993539,13053.51009086804,12691.895245993539,13053.51009086804
Howland Forest,all_observations,All observations,1,2.0,4.0,10,intermediate,1884.427978515625,1810.1998291015625,337.0922327499207,487.4782923099211,337.0922327499207,487.4782923099211
Howland Forest,all_observations,All observations,1,2.0,4.0,50,intermediate,1211.811279296875,888.7221069335938,1645.7016345735792,1980.2507822282855,1645.7016345735792,1980.2507822282855
Howland Forest,all_observations,All observations,1,2.0,4.0,100,intermediate,744.1050415039062,474.84393310546875,2614.8837791323285,2884.4095051548093,2614.8837791323285,2884.4095051548093
Howland Forest,all_observations,All observations,1,2.0,4.0,10,slow,4859.00244140625,4857.2138671875,69.63559358971436,102.14550047898078,69.63559358971436,102.14550047898078
Howland Forest,all_observations,All observations,1,2.0,4.0,50,slow,4789.92138671875,4710.1123046875,406.17511765966844,554.2991806717539,406.17511765966844,554.2991806717539
Howland Forest,all_observations,All observations,1,2.0,4.0,100,slow,4594.36279296875,4372.06005859375,799.7687497246246,1076.9922385586929,799.7687497246246,1076.9922385586929
Howland Forest,all_observations,All observations,2,2.0,4.0,10,fast,3792.2138671875,2987.102294921875,2221.6528405442764,2919.6363601667467,2221.6528405442764,2919.6363601667467
Howland Forest,all_observations,All observations,2,2.0,4.0,50,fast,2271.058837890625,1669.5325927734375,8122.586578888395,8643.999356643853,8122.586578888395,8643.999356643853
Howland Forest,all_observations,All observations,2,2.0,4.0,100,fast,1989.5126953125,1572.3280029296875,12691.895245993539,13053.51009086804,12691.895245993539,13053.51009086804
Howland Forest,all_observations,All observations,2,2.0,4.0,10,intermediate,1884.427978515625,1810.1998291015625,337.0922327499207,487.4782923099211,337.0922327499207,487.4782923099211
Howland Forest,all_observations,All observations,2,2.0,4.0,50,intermediate,1211.811279296875,888.7221069335938,1645.7016345735792,1980.2507822282855,1645.7016345735792,1980.2507822282855
Howland Forest,all_observations,All observations,2,2.0,4.0,100,intermediate,744.1050415039062,474.84393310546875,2614.8837791323285,2884.4095051548093,2614.8837791323285,2884.4095051548093
Howland Forest,all_observations,All observations,2,2.0,4.0,10,slow,4859.00244140625,4857.2138671875,69.63559358971436,102.14550047898078,69.63559358971436,102.14550047898078
Howland Forest,all_observations,All observations,2,2.0,4.0,50,slow,4789.92138671875,4710.1123046875,406.17511765966844,554.2991806717539,406.17511765966844,554.2991806717539
Howland Forest,all_observations,All observations,2,2.0,4.0,100,slow,4594.36279296875,4372.06005859375,799.7687497246246,1076.9922385586929,799.7687497246246,1076.9922385586929
Howland Forest,all_observations,All observations,3,2.0,4.0,10,fast,3794.238525390625,2988.954833984375,2231.144686927325,2932.21073242317,2231.144686927325,2932.21073242317
Howland Forest,all_observations,All observations,3,2.0,4.0,50,fast,2272.036376953125,1670.1815185546875,8157.8234032853225,8681.700305110327,8157.8234032853225,8681.700305110327
Howland Forest,all_observations,All observations,3,2.0,4.0,100,fast,1990.1214599609375,1572.7293701171875,12746.679131029012,13109.982063526635,12746.679131029012,13109.982063526635
Howland Forest,all_observations,All observations,3,2.0,4.0,10,intermediate,1882.42578125,1810.020263671875,329.74097441787677,477.0116626233628,329.74097441787677,477.0116626233628
Howland Forest,all_observations,All observations,3,2.0,4.0,50,intermediate,1220.9017333984375,899.8768310546875,1615.7514306815992,1948.6464103972999,1615.7514306815992,1948.6464103972999
Howland Forest,all_observations,All observations,3,2.0,4.0,100,intermediate,752.65380859375,481.0050048828125,2574.764184996957,2846.540429183737,2574.764184996957,2846.540429183737
Howland Forest,all_observations,All observations,3,2.0,4.0,10,slow,4874.2509765625,4872.61181640625,65.87799695615243,96.63453645894259,65.87799695615243,96.63453645894259
Howland Forest,all_observations,All observations,3,2.0,4.0,50,slow,4809.9375,4735.47119140625,384.37980273691426,524.7704041428767,384.37980273691426,524.7704041428767
Howland Forest,all_observations,All observations,3,2.0,4.0,100,slow,4626.2744140625,4416.24560546875,757.6085332254938,1021.4867471891711,757.6085332254938,1021.4867471891711
Howland Forest,all_observations,All observations,4,2.0,4.0,10,fast,3794.238525390625,2988.954833984375,2231.144686927325,2932.21073242317,2231.144686927325,2932.21073242317
Howland Forest,all_observations,All observations,4,2.0,4.0,50,fast,2272.036376953125,1670.1815185546875,8157.8234032853225,8681.700305110327,8157.8234032853225,8681.700305110327
Howland Forest,all_observations,All observations,4,2.0,4.0,100,fast,1990.1214599609375,1572.7293701171875,12746.679131029012,13109.982063526635,12746.679131029012,13109.982063526635
Howland Forest,all_observations,All observations,4,2.0,4.0,10,intermediate,1882.42578125,1810.020263671875,329.74097441787677,477.0116626233628,329.74097441787677,477.0116626233628
Howland Forest,all_observations,All observations,4,2.0,4.0,50,intermediate,1220.9017333984375,899.8768310546875,1615.7514306815992,1948.6464103972999,1615.7514306815992,1948.6464103972999
Howland Forest,all_observations,All observations,4,2.0,4.0,100,intermediate,752.65380859375,481.0050048828125,2574.764184996957,2846.540429183737,2574.764184996957,2846.540429183737
Howland Forest,all_observations,All observations,4,2.0,4.0,10,slow,4874.2509765625,4872.61181640625,65.87799695615243,96.63453645894259,65.87799695615243,96.63453645894259
Howland Forest,all_observations,All observations,4,2.0,4.0,50,slow,4809.9375,4735.47119140625,384.37980273691426,524.7704041428767,384.37980273691426,524.7704041428767
Howland Forest,all_observations,All observations,4,2.0,4.0,100,slow,4626.2744140625,4416.24560546875,757.6085332254938,1021.4867471891711,757.6085332254938,1021.4867471891711
Howland Forest,all_observations,All observations,5,2.0,4.0,10,fast,3808.645751953125,3002.1533203125,2264.886313998889,2977.3017580197593,2264.886313998889,2977.3017580197593
Howland Forest,all_observations,All observations,5,2.0,4.0,50,fast,2278.9521484375,1674.8055419921875,8285.043295041882,8818.644238052153,8285.043295041882,8818.644238052153
Howland Forest,all_observations,All observations,5,2.0,4.0,100,fast,1994.4407958984375,1575.561279296875,12943.448892277582,13313.417383097338,12943.448892277582,13313.417383097338
Howland Forest,all_observations,All observations,5,2.0,4.0,10,intermediate,1892.401611328125,1826.4293212890625,294.6885424260656,426.8737925990091,294.6885424260656,426.8737925990091
Howland Forest,all_observations,All observations,5,2.0,4.0,50,intermediate,1269.99658203125,955.5743408203125,1465.25527031288,1783.456836064422,1465.25527031288,1783.456836064422
Howland Forest,all_observations,All observations,5,2.0,4.0,100,intermediate,797.3827514648438,513.9916381835938,2363.579889867621,2638.2753523844967,2363.579889867621,2638.2753523844967
Howland Forest,all_observations,All observations,5,2.0,4.0,10,slow,4887.86962890625,4886.478515625,62.15842626095773,91.1799450173501,62.15842626095773,91.1799450173501
Howland Forest,all_observations,All observations,5,2.0,4.0,50,slow,4831.716796875,4765.400390625,362.8734954001593,495.72011370957773,362.8734954001593,495.72011370957773
Howland Forest,all_observations,All observations,5,2.0,4.0,100,slow,4665.93017578125,4472.08056640625,716.324470258907,967.5144761538326,716.324470258907,967.5144761538326
Howland Forest,all_observations,All observations,6,2.0,4.0,10,fast,3805.7783203125,2999.536865234375,2275.9084767164704,2991.644081501374,2275.9084767164704,2991.644081501374
Howland Forest,all_observations,All observations,6,2.0,4.0,50,fast,2277.580322265625,1673.8905029296875,8324.591212450097,8860.439798971256,8324.591212450097,8860.439798971256
Howland Forest,all_observations,All observations,6,2.0,4.0,100,fast,1993.5799560546875,1574.9952392578125,13005.638505577952,13377.178172272608,13005.638505577952,13377.178172272608
Howland Forest,all_observations,All observations,6,2.0,4.0,10,intermediate,1901.685546875,1837.8792724609375,289.3122195452664,419.2885698732254,289.3122195452664,419.2885698732254
Howland Forest,all_observations,All observations,6,2.0,4.0,50,intermediate,1292.7581787109375,980.6318969726562,1446.3578051611591,1766.6474375073458,1446.3578051611591,1766.6474375073458
Howland Forest,all_observations,All observations,6,2.0,4.0,100,intermediate,818.280517578125,529.8699951171875,2344.497826323705,2627.2871369912355,2344.497826323705,2627.2871369912355
Howland Forest,all_observations,All observations,6,2.0,4.0,10,slow,4882.8330078125,4881.6376953125,54.15323748693818,79.43786014018528,54.15323748693818,79.43786014018528
Howland Forest,all_observations,All observations,6,2.0,4.0,50,slow,4835.23291015625,4778.6201171875,316.3110378165142,432.40313689593216,316.3110378165142,432.40313689593216
Howland Forest,all_observations,All observations,6,2.0,4.0,100,slow,4692.5771484375,4523.97021484375,625.5068186058284,846.7398215389638,625.5068186058284,846.7398215389638
Howland Forest,all_observations,All observations,7,2.0,4.0,10,fast,3805.7783203125,2999.536865234375,2275.9084767164704,2991.644081501374,2275.9084767164704,2991.644081501374
Howland Forest,all_observations,All observations,7,2.0,4.0,50,fast,2277.580322265625,1673.8905029296875,8324.591212450097,8860.439798971256,8324.591212450097,8860.439798971256
Howland Forest,all_observations,All observations,7,2.0,4.0,100,fast,1993.5799560546875,1574.9952392578125,13005.638505577952,13377.178172272608,13005.638505577952,13377.178172272608
Howland Forest,all_observations,All observations,7,2.0,4.0,10,intermediate,1901.685546875,1837.8792724609375,289.3122195452664,419.2885698732254,289.3122195452664,419.2885698732254
Howland Forest,all_observations,All observations,7,2.0,4.0,50,intermediate,1292.7581787109375,980.6318969726562,1446.3578051611591,1766.6474375073458,1446.3578051611591,1766.6474375073458
Howland Forest,all_observations,All observations,7,2.0,4.0,100,intermediate,818.280517578125,529.8699951171875,2344.497826323705,2627.2871369912355,2344.497826323705,2627.2871369912355
Howland Forest,all_observations,All observations,7,2.0,4.0,10,slow,4882.8330078125,4881.6376953125,54.15323748693818,79.43786014018528,54.15323748693818,79.43786014018528
Howland Forest,all_observations,All observations,7,2.0,4.0,50,slow,4835.23291015625,4778.6201171875,316.3110378165142,432.40313689593216,316.3110378165142,432.40313689593216
Howland Forest,all_observations,All observations,7,2.0,4.0,100,slow,4692.5771484375,4523.97021484375,625.5068186058284,846.7398215389638,625.5068186058284,846.7398215389638
Howland Forest,all_observations,All observations,8,2.0,4.0,10,fast,3805.361572265625,2999.145751953125,2288.314722167085,3007.9281575137443,2288.314722167085,3007.9281575137443
Howland Forest,all_observations,All observations,8,2.0,4.0,50,fast,2277.379638671875,1673.755615234375,8369.86445733281,8908.567136507678,8369.86445733281,8908.567136507678
Howland Forest,all_observations,All observations,8,2.0,4.0,100,fast,1993.455322265625,1574.9132080078125,13076.426644396492,13449.94168857143,13076.426644396492,13449.94168857143
Howland Forest,all_observations,All observations,8,2.0,4.0,10,intermediate,1896.3248291015625,1835.014892578125,271.23794674245744,393.2717163388894,271.23794674245744,393.2717163388894
Howland Forest,all_observations,All observations,8,2.0,4.0,50,intermediate,1304.8892822265625,997.5565795898438,1362.9589184562406,1670.3410609751872,1362.9589184562406,1670.3410609751872
Howland Forest,all_observations,All observations,8,2.0,4.0,100,intermediate,832.7225952148438,541.9007568359375,2219.7728046147677,2497.1242841680814,2219.7728046147677,2497.1242841680814
Howland Forest,all_observations,All observations,8,2.0,4.0,10,slow,4875.88525390625,4874.6806640625,57.48927257541364,84.33145918700521,57.48927257541364,84.33145918700521
Howland Forest,all_observations,All observations,8,2.0,4.0,50,slow,4826.86865234375,4768.45947265625,335.7672523758315,458.94824023696606,335.7672523758315,458.94824023696606
Howland Forest,all_observations,All observations,8,2.0,4.0,100,slow,4678.92236328125,4502.9697265625,663.740596885456,897.9988223873455,663.740596885456,897.9988223873455
Howland Forest,all_observations,All observations,9,2.0,4.0,10,fast,3805.361572265625,2999.145751953125,2288.314722167085,3007.9281575137443,2288.314722167085,3007.9281575137443
Howland Forest,all_observations,All observations,9,2.0,4.0,50,fast,2277.379638671875,1673.755615234375,8369.86445733281,8908.567136507678,8369.86445733281,8908.567136507678
Howland Forest,all_observations,All observations,9,2.0,4.0,100,fast,1993.455322265625,1574.9132080078125,13076.426644396492,13449.94168857143,13076.426644396492,13449.94168857143
Howland Forest,all_observations,All observations,9,2.0,4.0,10,intermediate,1896.3248291015625,1835.014892578125,271.23794674245744,393.2717163388894,271.23794674245744,393.2717163388894
Howland Forest,all_observations,All observations,9,2.0,4.0,50,intermediate,1304.8892822265625,997.5565795898438,1362.9589184562406,1670.3410609751872,1362.9589184562406,1670.3410609751872
Howland Forest,all_observations,All observations,9,2.0,4.0,100,intermediate,832.7225952148438,541.9007568359375,2219.7728046147677,2497.1242841680814,2219.7728046147677,2497.1242841680814
Howland Forest,all_observations,All observations,9,2.0,4.0,10,slow,4875.88525390625,4874.6806640625,57.48927257541364,84.33145918700521,57.48927257541364,84.33145918700521
Howland Forest,all_observations,All observations,9,2.0,4.0,50,slow,4826.86865234375,4768.45947265625,335.7672523758315,458.94824023696606,335.7672523758315,458.94824023696606
Howland Forest,all_observations,All observations,9,2.0,4.0,100,slow,4678.92236328125,4502.9697265625,663.740596885456,897.9988223873455,663.740596885456,897.9988223873455
Howland Forest,all_observations,All observations,10,2.0,4.0,10,fast,3805.361572265625,2999.145751953125,2288.314722167085,3007.9281575137443,2288.314722167085,3007.9281575137443
Howland Forest,all_observations,All observations,10,2.0,4.0,50,fast,2277.379638671875,1673.755615234375,8369.86445733281,8908.567136507678,8369.86445733281,8908.567136507678
Howland Forest,all_observations,All observations,10,2.0,4.0,100,fast,1993.455322265625,1574.9132080078125,13076.426644396492,13449.94168857143,13076.426644396492,13449.94168857143
Howland Forest,all_observations,All observations,10,2.0,4.0,10,intermediate,1896.3248291015625,1835.014892578125,271.23794674245744,393.2717163388894,271.23794674245744,393.2717163388894
Howland Forest,all_observations,All observations,10,2.0,4.0,50,intermediate,1304.8892822265625,997.5565795898438,1362.9589184562406,1670.3410609751872,1362.9589184562406,1670.3410609751872
Howland Forest,all_observations,All observations,10,2.0,4.0,100,intermediate,832.7225952148438,541.9007568359375,2219.7728046147677,2497.1242841680814,2219.7728046147677,2497.1242841680814
Howland Forest,all_observations,All observations,10,2.0,4.0,10,slow,4875.88525390625,4874.6806640625,57.48927257541364,84.33145918700521,57.48927257541364,84.33145918700521
Howland Forest,all_observations,All observations,10,2.0,4.0,50,slow,4826.86865234375,4768.45947265625,335.7672523758315,458.94824023696606,335.7672523758315,458.94824023696606
Howland Forest,all_observations,All observations,10,2.0,4.0,100,slow,4678.92236328125,4502.9697265625,663.740596885456,897.9988223873455,663.740596885456,897.9988223873455
Howland Forest,all_observations,All observations,11,2.0,4.0,10,fast,3805.361572265625,2999.145751953125,2288.314722167085,3007.9281575137443,2288.314722167085,3007.9281575137443
Howland Forest,all_observations,All observations,11,2.0,4.0,50,fast,2277.379638671875,1673.755615234375,8369.86445733281,8908.567136507678,8369.86445733281,8908.567136507678
Howland Forest,all_observations,All observations,11,2.0,4.0,100,fast,1993.455322265625,1574.9132080078125,13076.426644396492,13449.94168857143,13076.426644396492,13449.94168857143
Howland Forest,all_observations,All observations,11,2.0,4.0,10,intermediate,1896.3248291015625,1835.014892578125,271.23794674245744,393.2717163388894,271.23794674245744,393.2717163388894
Howland Forest,all_observations,All observations,11,2.0,4.0,50,intermediate,1304.8892822265625,997.5565795898438,1362.9589184562406,1670.3410609751872,1362.9589184562406,1670.3410609751872
Howland Forest,all_observations,All observations,11,2.0,4.0,100,intermediate,832.7225952148438,541.9007568359375,2219.7728046147677,2497.1242841680814,2219.7728046147677,2497.1242841680814
Howland Forest,all_observations,All observations,11,2.0,4.0,10,slow,4875.88525390625,4874.6806640625,57.48927257541364,84.33145918700521,57.48927257541364,84.33145918700521
Howland Forest,all_observations,All observations,11,2.0,4.0,50,slow,4826.86865234375,4768.45947265625,335.7672523758315,458.94824023696606,335.7672523758315,458.94824023696606
Howland Forest,all_observations,All observations,11,2.0,4.0,100,slow,4678.92236328125,4502.9697265625,663.740596885456,897.9988223873455,663.740596885456,897.9988223873455
Eight-mile Lake,prior_only,Prior,0,2.0,4.0,10,fast,2647.353759765625,1858.4742431640625,1319.4579460618043,2003.2217852590375,1319.4579460618043,2003.2217852590375
Eight-mile Lake,prior_only,Prior,0,2.0,4.0,50,fast,2675.981201171875,1357.075927734375,6027.722275030074,7171.281183000912,6027.722275030074,7171.281183000912
Eight-mile Lake,prior_only,Prior,0,2.0,4.0,100,fast,2651.818603515625,1379.281982421875,12052.438326760905,13156.36883759876,12052.438326760905,13156.36883759876
Eight-mile Lake,prior_only,Prior,0,2.0,4.0,10,intermediate,9183.646484375,9114.505859375,194.56729020133469,362.2510007608382,194.56729020133469,362.2510007608382
Eight-mile Lake,prior_only,Prior,0,2.0,4.0,50,intermediate,9187.34765625,8515.87890625,886.7003234180613,1702.4518124614017,886.7003234180613,1702.4518124614017
Eight-mile Lake,prior_only,Prior,0,2.0,4.0,100,intermediate,9189.634765625,7817.857421875,1774.6218957237766,3259.159321517221,1774.6218957237766,3259.159321517221
Eight-mile Lake,prior_only,Prior,0,2.0,4.0,10,slow,2712.013916015625,2712.10791015625,7.261739216488826,13.588536144457947,7.261739216488826,13.588536144457947
Eight-mile Lake,prior_only,Prior,0,2.0,4.0,50,slow,2712.5244140625,2711.087158203125,33.02006689573829,65.63891670061861,33.02006689573829,65.63891670061861
Eight-mile Lake,prior_only,Prior,0,2.0,4.0,100,slow,2713.164306640625,2704.93603515625,66.0806973646055,131.01647634644226,66.0806973646055,131.01647634644226
Eight-mile Lake,prior_only,Prior,1,2.0,4.0,10,fast,3585.70947265625,2696.3046875,1335.6601513666626,2112.0653203802613,1335.6601513666626,2112.0653203802613
Eight-mile Lake,prior_only,Prior,1,2.0,4.0,50,fast,3603.7119140625,1864.0184326171875,6086.552975714409,7605.495508256595,6086.552975714409,7605.495508256595
Eight-mile Lake,prior_only,Prior,1,2.0,4.0,100,fast,3575.988037109375,1853.3941650390625,12157.067619090736,13661.503713488248,12157.067619090736,13661.503713488248
Eight-mile Lake,prior_only,Prior,1,2.0,4.0,10,intermediate,5433.58544921875,5380.63037109375,183.23966139952614,340.906173743494,183.23966139952614,340.906173743494
Eight-mile Lake,prior_only,Prior,1,2.0,4.0,50,intermediate,5438.1142578125,4872.5029296875,835.3085239616946,1583.1479384198228,835.3085239616946,1583.1479384198228
Eight-mile Lake,prior_only,Prior,1,2.0,4.0,100,intermediate,5440.16943359375,4292.6181640625,1672.0449235577626,2971.299082553603,1672.0449235577626,2971.299082553603
Eight-mile Lake,prior_only,Prior,1,2.0,4.0,10,slow,4590.306640625,4590.43359375,9.242566846444998,17.295096499965606,9.242566846444998,17.295096499965606
Eight-mile Lake,prior_only,Prior,1,2.0,4.0,50,slow,4590.9365234375,4588.22119140625,42.02609106819382,83.54040536423258,42.02609106819382,83.54040536423258
Eight-mile Lake,prior_only,Prior,1,2.0,4.0,100,slow,4591.72705078125,4576.43017578125,84.10110708488557,166.7298349682339,84.10110708488557,166.7298349682339
Eight-mile Lake,prior_only,Prior,2,2.0,4.0,10,fast,2564.6806640625,1787.0333251953125,1362.0424249890443,2058.22930304318,1362.0424249890443,2058.22930304318
Eight-mile Lake,prior_only,Prior,2,2.0,4.0,50,fast,2594.192138671875,1313.78076171875,6224.333446129116,7371.041506345426,6224.333446129116,7371.041506345426
Eight-mile Lake,prior_only,Prior,2,2.0,4.0,100,fast,2570.250244140625,1337.456787109375,12446.972496990546,13551.632408919062,12446.972496990546,13551.632408919062
Eight-mile Lake,prior_only,Prior,2,2.0,4.0,10,intermediate,2733.089599609375,2678.902587890625,145.365112033321,269.4435759626925,145.365112033321,269.4435759626925
Eight-mile Lake,prior_only,Prior,2,2.0,4.0,50,intermediate,2735.699951171875,2269.613525390625,662.6499097661564,1212.2054351562876,662.6499097661564,1212.2054351562876
Eight-mile Lake,prior_only,Prior,2,2.0,4.0,100,intermediate,2737.02685546875,1906.580078125,1326.5041732922352,2205.311753381449,1326.5041732922352,2205.311753381449
Eight-mile Lake,prior_only,Prior,2,2.0,4.0,10,slow,4355.154296875,4355.2626953125,13.05064120759653,24.42103383786483,13.05064120759653,24.42103383786483
Eight-mile Lake,prior_only,Prior,2,2.0,4.0,50,slow,4356.07470703125,4348.02685546875,59.34363333928144,117.91751672617899,59.34363333928144,117.91751672617899
Eight-mile Lake,prior_only,Prior,2,2.0,4.0,100,slow,4357.22705078125,4321.7333984375,118.76188256832816,235.05473103201086,118.76188256832816,235.05473103201086
Eight-mile Lake,prior_only,Prior,3,2.0,4.0,10,fast,1618.179443359375,1014.0321655273438,1369.8128137746698,1918.8769307714826,1369.8128137746698,1918.8769307714826
Eight-mile Lake,prior_only,Prior,3,2.0,4.0,50,fast,1654.9959716796875,825.5029296875,6299.714046794216,7054.29032522338,6299.714046794216,7054.29032522338
Eight-mile Lake,prior_only,Prior,3,2.0,4.0,100,fast,1632.48486328125,856.3280029296875,12616.040788772802,13323.108161749919,12616.040788772802,13323.108161749919
Eight-mile Lake,prior_only,Prior,3,2.0,4.0,10,intermediate,10376.255859375,10312.1943359375,134.0329300226429,249.6478729756344,134.0329300226429,249.6478729756344
Eight-mile Lake,prior_only,Prior,3,2.0,4.0,50,intermediate,10378.169921875,9863.8251953125,610.7303877466607,1183.857303203853,610.7303877466607,1183.857303203853
Eight-mile Lake,prior_only,Prior,3,2.0,4.0,100,intermediate,10379.89453125,9340.79296875,1222.1955642198222,2300.647540892327,1222.1955642198222,2300.647540892327
Eight-mile Lake,prior_only,Prior,3,2.0,4.0,10,slow,1557.62744140625,1557.6788330078125,3.777788484820463,7.069183231840212,3.777788484820463,7.069183231840212
Eight-mile Lake,prior_only,Prior,3,2.0,4.0,50,slow,1557.8931884765625,1557.4793701171875,17.177944515432337,34.14947393886686,17.177944515432337,34.14947393886686
Eight-mile Lake,prior_only,Prior,3,2.0,4.0,100,slow,1558.2257080078125,1555.4866943359375,34.37660519115718,68.18381942484395,34.37660519115718,68.18381942484395
Eight-mile Lake,prior_only,Prior,4,2.0,4.0,10,fast,1585.461669921875,989.2760009765625,1104.6957679775637,1541.8548541157863,1104.6957679775637,1541.8548541157863
Eight-mile Lake,prior_only,Prior,4,2.0,4.0,50,fast,1622.3692626953125,808.6923217773438,5082.184886006513,5679.407929723987,5082.184886006513,5679.407929723987
Eight-mile Lake,prior_only,Prior,4,2.0,4.0,100,fast,1599.895263671875,839.5806884765625,10178.321001961194,10737.203585342519,10178.321001961194,10737.203585342519
Eight-mile Lake,prior_only,Prior,4,2.0,4.0,10,intermediate,18093.921875,17905.0,393.9546291371023,732.6121813976403,393.9546291371023,732.6121813976403
Eight-mile Lake,prior_only,Prior,4,2.0,4.0,50,intermediate,18099.451171875,16639.62109375,1795.1272407648648,3427.737311466367,1795.1272407648648,3427.737311466367
Eight-mile Lake,prior_only,Prior,4,2.0,4.0,100,intermediate,18104.162109375,15267.3828125,3592.61905350674,6552.24417720193,3592.61905350674,6552.24417720193
Eight-mile Lake,prior_only,Prior,4,2.0,4.0,10,slow,3124.436767578125,3124.558837890625,10.441077722932345,19.537957076396005,10.441077722932345,19.537957076396005
Eight-mile Lake,prior_only,Prior,4,2.0,4.0,50,slow,3125.1806640625,3122.504150390625,47.478108064919695,94.36873516169402,47.478108064919695,94.36873516169402
Eight-mile Lake,prior_only,Prior,4,2.0,4.0,100,slow,3126.11474609375,3112.93701171875,95.0175345040988,188.31085419493368,95.0175345040988,188.31085419493368
Eight-mile Lake,prior_only,Prior,5,2.0,4.0,10,fast,1533.7041015625,950.459716796875,1346.3108387846273,1867.8994190814333,1346.3108387846273,1867.8994190814333
Eight-mile Lake,prior_only,Prior,5,2.0,4.0,50,fast,1570.717529296875,782.0814819335938,6197.243853072105,6903.2440916406495,6197.243853072105,6903.2440916406495
Eight-mile Lake,prior_only,Prior,5,2.0,4.0,100,fast,1548.297607421875,813.063232421875,12412.534215579886,13071.776420213497,12412.534215579886,13071.776420213497
Eight-mile Lake,prior_only,Prior,5,2.0,4.0,10,intermediate,2910.66748046875,2836.32177734375,152.9280825289282,282.7777024593995,152.9280825289282,282.7777024593995
Eight-mile Lake,prior_only,Prior,5,2.0,4.0,50,intermediate,2912.929931640625,2401.49365234375,696.9116544618117,1265.4362854043725,696.9116544618117,1265.4362854043725
Eight-mile Lake,prior_only,Prior,5,2.0,4.0,100,intermediate,2914.628662109375,2036.90673828125,1395.0435141858045,2308.4804553122012,1395.0435141858045,2308.4804553122012
Eight-mile Lake,prior_only,Prior,5,2.0,4.0,10,slow,6629.26904296875,6629.359375,6.851268212595835,12.82030209704485,6.851268212595835,12.82030209704485
Eight-mile Lake,prior_only,Prior,5,2.0,4.0,50,slow,6629.72802734375,6625.1796875,31.1517792052746,61.9192491460535,31.1517792052746,61.9192491460535
Eight-mile Lake,prior_only,Prior,5,2.0,4.0,100,slow,6630.3037109375,6611.1064453125,62.33715367912856,123.58437458302375,62.33715367912856,123.58437458302375
Eight-mile Lake,prior_only,Prior,6,2.0,4.0,10,fast,2520.22509765625,1748.8201904296875,1224.3290063748134,1845.3063628658836,1224.3290063748134,1845.3063628658836
Eight-mile Lake,prior_only,Prior,6,2.0,4.0,50,fast,2550.203857421875,1290.5665283203125,5596.067020625958,6610.452205237369,5596.067020625958,6610.452205237369
Eight-mile Lake,prior_only,Prior,6,2.0,4.0,100,fast,2526.365234375,1314.9615478515625,11191.30340917821,12167.398509865434,11191.30340917821,12167.398509865434
Eight-mile Lake,prior_only,Prior,6,2.0,4.0,10,intermediate,8609.697265625,8505.90234375,287.15257359832094,533.7542799568312,287.15257359832094,533.7542799568312
Eight-mile Lake,prior_only,Prior,6,2.0,4.0,50,intermediate,8614.6640625,7665.56982421875,1308.7410873344638,2468.3631938930184,1308.7410873344638,2468.3631938930184
Eight-mile Lake,prior_only,Prior,6,2.0,4.0,100,intermediate,8617.6494140625,6780.751953125,2619.480809252293,4632.0163440039505,2619.480809252293,4632.0163440039505
Eight-mile Lake,prior_only,Prior,6,2.0,4.0,10,slow,7809.2490234375,7809.35791015625,8.464545060454268,15.83911600553266,8.464545060454268,15.83911600553266
Eight-mile Lake,prior_only,Prior,6,2.0,4.0,50,slow,7809.822265625,7806.96044921875,38.48720979573537,76.50801597408307,38.48720979573537,76.50801597408307
Eight-mile Lake,prior_only,Prior,6,2.0,4.0,100,slow,7810.5390625,7795.6962890625,77.01613069449047,152.74360648064635,77.01613069449047,152.74360648064635
Eight-mile Lake,prior_only,Prior,7,2.0,4.0,10,fast,1560.649169921875,970.6141967773438,1216.6292470538338,1693.2828953557087,1216.6292470538338,1693.2828953557087
Eight-mile Lake,prior_only,Prior,7,2.0,4.0,50,fast,1597.6109619140625,795.9376831054688,5598.630970941378,6246.91174353034,5598.630970941378,6246.91174353034
Eight-mile Lake,prior_only,Prior,7,2.0,4.0,100,fast,1575.1636962890625,826.8709716796875,11213.080469064156,11819.116860523787,11213.080469064156,11819.116860523787
Eight-mile Lake,prior_only,Prior,7,2.0,4.0,10,intermediate,9793.7841796875,9657.287109375,271.8962496951719,504.9672917132011,271.8962496951719,504.9672917132011
Eight-mile Lake,prior_only,Prior,7,2.0,4.0,50,intermediate,9797.6689453125,8774.6298828125,1238.963255597589,2337.6338861611703,1238.963255597589,2337.6338861611703
Eight-mile Lake,prior_only,Prior,7,2.0,4.0,100,intermediate,9800.8349609375,7872.48291015625,2479.660355661388,4414.124364893127,2479.660355661388,4414.124364893127
Eight-mile Lake,prior_only,Prior,7,2.0,4.0,10,slow,8398.1630859375,8398.4208984375,19.01694333257729,35.58539630030013,19.01694333257729,35.58539630030013
Eight-mile Lake,prior_only,Prior,7,2.0,4.0,50,slow,8399.4716796875,8392.8544921875,86.47111552702134,171.87682638549498,86.47111552702134,171.87682638549498
Eight-mile Lake,prior_only,Prior,7,2.0,4.0,100,slow,8401.111328125,8369.7529296875,173.04488607719423,342.99633568519073,173.04488607719423,342.99633568519073
Eight-mile Lake,prior_only,Prior,8,2.0,4.0,10,fast,2733.927490234375,1933.7877197265625,1286.4258564829636,1962.201132728627,1286.4258564829636,1962.201132728627
Eight-mile Lake,prior_only,Prior,8,2.0,4.0,50,fast,2761.610595703125,1402.6048583984375,5874.927340096826,7023.073882885527,5874.927340096826,7023.073882885527
Eight-mile Lake,prior_only,Prior,8,2.0,4.0,100,fast,2737.222900390625,1423.0574951171875,11745.57619092913,12856.376103291448,11745.57619092913,12856.376103291448
Eight-mile Lake,prior_only,Prior,8,2.0,4.0,10,intermediate,6037.4501953125,5959.3232421875,229.51520788878605,426.49124593313087,229.51520788878605,426.49124593313087
Eight-mile Lake,prior_only,Prior,8,2.0,4.0,50,intermediate,6041.748046875,5310.4189453125,1046.1387079050087,1963.5751507569112,1046.1387079050087,1963.5751507569112
Eight-mile Lake,prior_only,Prior,8,2.0,4.0,100,intermediate,6044.125,4638.92333984375,2093.9868232045583,3660.809809204283,2093.9868232045583,3660.809809204283
Eight-mile Lake,prior_only,Prior,8,2.0,4.0,10,slow,1038.6881103515625,1038.743408203125,6.058164130626622,11.336558652063001,6.058164130626622,11.336558652063001
Eight-mile Lake,prior_only,Prior,8,2.0,4.0,50,slow,1039.128173828125,1036.674072265625,27.550453919760592,54.73822482313061,27.550453919760592,54.73822482313061
Eight-mile Lake,prior_only,Prior,8,2.0,4.0,100,slow,1039.68017578125,1028.011962890625,55.142930024839984,109.04539617402753,55.142930024839984,109.04539617402753
Eight-mile Lake,prior_only,Prior,9,2.0,4.0,10,fast,1998.651611328125,1313.0255126953125,1331.1902474299104,1934.0174126514169,1331.1902474299104,1934.0174126514169
Eight-mile Lake,prior_only,Prior,9,2.0,4.0,50,fast,2033.4029541015625,1020.8588256835938,6102.211967156029,6993.016466439366,6102.211967156029,6993.016466439366
Eight-mile Lake,prior_only,Prior,9,2.0,4.0,100,fast,2010.474853515625,1050.3865966796875,12213.042566110193,13058.45918250204,12213.042566110193,13058.45918250204
Eight-mile Lake,prior_only,Prior,9,2.0,4.0,10,intermediate,6105.76513671875,6031.29541015625,173.33944692513512,322.1631980081854,173.33944692513512,322.1631980081854
Eight-mile Lake,prior_only,Prior,9,2.0,4.0,50,intermediate,6108.47314453125,5487.2783203125,789.9262611700937,1494.2124517456166,789.9262611700937,1494.2124517456166
Eight-mile Lake,prior_only,Prior,9,2.0,4.0,100,intermediate,6110.560546875,4917.28564453125,1580.9924306046792,2821.4224546029964,1580.9924306046792,2821.4224546029964
Eight-mile Lake,prior_only,Prior,9,2.0,4.0,10,slow,4873.00048828125,4873.1298828125,9.37410457658273,17.541226848051426,9.37410457658273,17.541226848051426
Eight-mile Lake,prior_only,Prior,9,2.0,4.0,50,slow,4873.6416015625,4870.66259765625,42.62407533721741,84.72743411372842,42.62407533721741,84.72743411372842
Eight-mile Lake,prior_only,Prior,9,2.0,4.0,100,slow,4874.4462890625,4859.40576171875,85.29746873145791,169.10743804622925,85.29746873145791,169.10743804622925
Eight-mile Lake,prior_only,Prior,10,2.0,4.0,10,fast,3208.18603515625,2354.11328125,1252.029967413097,1952.145640860886,1252.029967413097,1952.145640860886
Eight-mile Lake,prior_only,Prior,10,2.0,4.0,50,fast,3230.51513671875,1656.1759033203125,5709.86777086598,7000.710819664537,5709.86777086598,7000.710819664537
Eight-mile Lake,prior_only,Prior,10,2.0,4.0,100,fast,3204.4833984375,1662.6558837890625,11409.068740575505,12673.697499608694,11409.068740575505,12673.697499608694
Eight-mile Lake,prior_only,Prior,10,2.0,4.0,10,intermediate,11160.1201171875,11078.1748046875,263.46365145447305,490.56798288149866,263.46365145447305,490.56798288149866
Eight-mile Lake,prior_only,Prior,10,2.0,4.0,50,intermediate,11165.9951171875,10305.453125,1200.789797648135,2302.9853562586545,1200.789797648135,2302.9853562586545
Eight-mile Lake,prior_only,Prior,10,2.0,4.0,100,intermediate,11169.251953125,9381.314453125,2403.3527253998727,4393.2804053598675,2403.3527253998727,4393.2804053598675
Eight-mile Lake,prior_only,Prior,10,2.0,4.0,10,slow,5890.01953125,5890.1474609375,9.813825278134791,18.364002600098402,9.813825278134791,18.364002600098402
Eight-mile Lake,prior_only,Prior,10,2.0,4.0,50,slow,5890.71435546875,5888.97705078125,44.623188724226395,88.70909107025088,44.623188724226395,88.70909107025088
Eight-mile Lake,prior_only,Prior,10,2.0,4.0,100,slow,5891.58837890625,5879.83740234375,89.29725627390253,177.10392452956162,89.29725627390253,177.10392452956162
Eight-mile Lake,prior_only,Prior,11,2.0,4.0,10,fast,4257.04833984375,3316.910400390625,1432.5907305220328,2310.652975247814,1432.5907305220328,2310.652975247814
Eight-mile Lake,prior_only,Prior,11,2.0,4.0,50,fast,4267.61962890625,2249.090087890625,6522.388191446991,8407.874870843789,6522.388191446991,8407.874870843789
Eight-mile Lake,prior_only,Prior,11,2.0,4.0,100,fast,4236.23291015625,2193.6953125,13020.49526507786,14928.779602117576,13020.49526507786,14928.779602117576
Eight-mile Lake,prior_only,Prior,11,2.0,4.0,10,intermediate,3583.892578125,3559.534423828125,95.33457711073257,177.55109202209633,95.33457711073257,177.55109202209633
Eight-mile Lake,prior_only,Prior,11,2.0,4.0,50,intermediate,3586.74169921875,3301.253173828125,434.58224051522325,833.4438694157132,434.58224051522325,833.4438694157132
Eight-mile Lake,prior_only,Prior,11,2.0,4.0,100,intermediate,3588.068603515625,2973.423583984375,869.8990351030295,1584.0710651363597,869.8990351030295,1584.0710651363597
Eight-mile Lake,prior_only,Prior,11,2.0,4.0,10,slow,1049.927001953125,1049.9853515625,4.575119006509195,8.561288116833762,4.575119006509195,8.561288116833762
Eight-mile Lake,prior_only,Prior,11,2.0,4.0,50,slow,1050.2576904296875,1049.29150390625,20.804960045630523,41.35387786661846,20.804960045630523,41.35387786661846
Eight-mile Lake,prior_only,Prior,11,2.0,4.0,100,slow,1050.67333984375,1044.8424072265625,41.63881144504235,82.49877076957465,41.63881144504235,82.49877076957465
Eight-mile Lake,stocks_only,Stocks,0,2.0,4.0,10,fast,3837.74365234375,2927.7001953125,1188.8149736854566,1895.172391784669,1188.8149736854566,1895.172391784669
Eight-mile Lake,stocks_only,Stocks,0,2.0,4.0,50,fast,3852.89697265625,2006.15966796875,5415.2356184950895,6848.871060939396,5415.2356184950895,6848.871060939396
Eight-mile Lake,stocks_only,Stocks,0,2.0,4.0,100,fast,3823.893798828125,1980.90673828125,10813.77766857938,12244.841110766563,10813.77766857938,12244.841110766563
Eight-mile Lake,stocks_only,Stocks,0,2.0,4.0,10,intermediate,12185.572265625,12096.2900390625,324.78894249096516,604.770728356546,324.78894249096516,604.770728356546
Eight-mile Lake,stocks_only,Stocks,0,2.0,4.0,50,intermediate,12194.2626953125,11190.9267578125,1480.4717275537978,2834.7436443273673,1480.4717275537978,2834.7436443273673
Eight-mile Lake,stocks_only,Stocks,0,2.0,4.0,100,intermediate,12198.4306640625,10079.0185546875,2963.3459272394734,5383.897933103225,2963.3459272394734,5383.897933103225
Eight-mile Lake,stocks_only,Stocks,0,2.0,4.0,10,slow,6113.685546875,6113.87451171875,14.618191324073432,27.354250369210874,14.618191324073432,27.354250369210874
Eight-mile Lake,stocks_only,Stocks,0,2.0,4.0,50,slow,6114.71826171875,6111.50732421875,66.47017159776638,132.13217537262466,66.47017159776638,132.13217537262466
Eight-mile Lake,stocks_only,Stocks,0,2.0,4.0,100,slow,6116.01123046875,6096.85107421875,133.02037071532348,263.7306452629483,133.02037071532348,263.7306452629483
Eight-mile Lake,stocks_only,Stocks,1,2.0,4.0,10,fast,3651.025634765625,2756.066162109375,1182.170816944396,1873.4554215963385,1182.170816944396,1873.4554215963385
Eight-mile Lake,stocks_only,Stocks,1,2.0,4.0,50,fast,3668.284912109375,1900.5845947265625,5386.5126517255485,6752.161070573112,5386.5126517255485,6752.161070573112
Eight-mile Lake,stocks_only,Stocks,1,2.0,4.0,100,fast,3640.248291015625,1886.4222412109375,10758.182171136486,12113.47522785979,10758.182171136486,12113.47522785979
Eight-mile Lake,stocks_only,Stocks,1,2.0,4.0,10,intermediate,12061.302734375,11967.193359375,329.75892065394004,613.9178625189895,329.75892065394004,613.9178625189895
Eight-mile Lake,stocks_only,Stocks,1,2.0,4.0,50,intermediate,12069.6640625,11036.65234375,1503.1029051769358,2873.2048971733534,1503.1029051769358,2873.2048971733534
Eight-mile Lake,stocks_only,Stocks,1,2.0,4.0,100,intermediate,12073.7548828125,9916.896484375,3008.620854436813,5448.720160913634,3008.620854436813,5448.720160913634
Eight-mile Lake,stocks_only,Stocks,1,2.0,4.0,10,slow,5430.53564453125,5430.74169921875,15.337741646673912,28.70080908752646,15.337741646673912,28.70080908752646
Eight-mile Lake,stocks_only,Stocks,1,2.0,4.0,50,slow,5431.61572265625,5428.01513671875,69.74306167047045,138.6334228105664,69.74306167047045,138.6334228105664
Eight-mile Lake,stocks_only,Stocks,1,2.0,4.0,100,slow,5432.9697265625,5411.99853515625,139.5727320940604,276.66144621754825,139.5727320940604,276.66144621754825
Eight-mile Lake,stocks_only,Stocks,2,2.0,4.0,10,fast,3651.025634765625,2756.066162109375,1182.170816944396,1873.4554215963385,1182.170816944396,1873.4554215963385
Eight-mile Lake,stocks_only,Stocks,2,2.0,4.0,50,fast,3668.284912109375,1900.5845947265625,5386.5126517255485,6752.161070573112,5386.5126517255485,6752.161070573112
Eight-mile Lake,stocks_only,Stocks,2,2.0,4.0,100,fast,3640.248291015625,1886.4222412109375,10758.182171136486,12113.47522785979,10758.182171136486,12113.47522785979
Eight-mile Lake,stocks_only,Stocks,2,2.0,4.0,10,intermediate,12061.302734375,11967.193359375,329.75892065394004,613.9178625189895,329.75892065394004,613.9178625189895
Eight-mile Lake,stocks_only,Stocks,2,2.0,4.0,50,intermediate,12069.6640625,11036.65234375,1503.1029051769358,2873.2048971733534,1503.1029051769358,2873.2048971733534
Eight-mile Lake,stocks_only,Stocks,2,2.0,4.0,100,intermediate,12073.7548828125,9916.896484375,3008.620854436813,5448.720160913634,3008.620854436813,5448.720160913634
Eight-mile Lake,stocks_only,Stocks,2,2.0,4.0,10,slow,5430.53564453125,5430.74169921875,15.337741646673912,28.70080908752646,15.337741646673912,28.70080908752646
Eight-mile Lake,stocks_only,Stocks,2,2.0,4.0,50,slow,5431.61572265625,5428.01513671875,69.74306167047045,138.6334228105664,69.74306167047045,138.6334228105664
Eight-mile Lake,stocks_only,Stocks,2,2.0,4.0,100,slow,5432.9697265625,5411.99853515625,139.5727320940604,276.66144621754825,139.5727320940604,276.66144621754825
Eight-mile Lake,stocks_only,Stocks,3,2.0,4.0,10,fast,3763.77783203125,2859.57666015625,1222.78352539664,1944.8722381269054,1222.78352539664,1944.8722381269054
Eight-mile Lake,stocks_only,Stocks,3,2.0,4.0,50,fast,3779.767333984375,1964.1558837890625,5570.574112287596,7020.750167197697,5570.574112287596,7020.750167197697
Eight-mile Lake,stocks_only,Stocks,3,2.0,4.0,100,fast,3751.15380859375,1943.4635009765625,11124.681269173623,12568.880593720483,11124.681269173623,12568.880593720483
Eight-mile Lake,stocks_only,Stocks,3,2.0,4.0,10,intermediate,12328.85546875,12247.19140625,288.96555685584383,538.1973687790355,288.96555685584383,538.1973687790355
Eight-mile Lake,stocks_only,Stocks,3,2.0,4.0,50,intermediate,12336.6259765625,11418.5078125,1317.111731605849,2530.6075013077357,1317.111731605849,2530.6075013077357
Eight-mile Lake,stocks_only,Stocks,3,2.0,4.0,100,intermediate,12340.494140625,10384.796875,2636.273572478368,4829.270818469839,2636.273572478368,4829.270818469839
Eight-mile Lake,stocks_only,Stocks,3,2.0,4.0,10,slow,5990.40185546875,5990.60888671875,16.35582639438609,30.6058525513391,16.35582639438609,30.6058525513391
Eight-mile Lake,stocks_only,Stocks,3,2.0,4.0,50,slow,5991.57373046875,5988.40869140625,74.37233321770424,147.84090071022985,74.37233321770424,147.84090071022985
Eight-mile Lake,stocks_only,Stocks,3,2.0,4.0,100,slow,5993.0419921875,5973.7578125,148.83670906864631,295.08391581306836,148.83670906864631,295.08391581306836
Eight-mile Lake,stocks_only,Stocks,4,2.0,4.0,10,fast,3763.77783203125,2859.57666015625,1222.78352539664,1944.8722381269054,1222.78352539664,1944.8722381269054
Eight-mile Lake,stocks_only,Stocks,4,2.0,4.0,50,fast,3779.767333984375,1964.1558837890625,5570.574112287596,7020.750167197697,5570.574112287596,7020.750167197697
Eight-mile Lake,stocks_only,Stocks,4,2.0,4.0,100,fast,3751.15380859375,1943.4635009765625,11124.681269173623,12568.880593720483,11124.681269173623,12568.880593720483
Eight-mile Lake,stocks_only,Stocks,4,2.0,4.0,10,intermediate,12328.85546875,12247.19140625,288.96555685584383,538.1973687790355,288.96555685584383,538.1973687790355
Eight-mile Lake,stocks_only,Stocks,4,2.0,4.0,50,intermediate,12336.6259765625,11418.5078125,1317.111731605849,2530.6075013077357,1317.111731605849,2530.6075013077357
Eight-mile Lake,stocks_only,Stocks,4,2.0,4.0,100,intermediate,12340.494140625,10384.796875,2636.273572478368,4829.270818469839,2636.273572478368,4829.270818469839
Eight-mile Lake,stocks_only,Stocks,4,2.0,4.0,10,slow,5990.40185546875,5990.60888671875,16.35582639438609,30.6058525513391,16.35582639438609,30.6058525513391
Eight-mile Lake,stocks_only,Stocks,4,2.0,4.0,50,slow,5991.57373046875,5988.40869140625,74.37233321770424,147.84090071022985,74.37233321770424,147.84090071022985
Eight-mile Lake,stocks_only,Stocks,4,2.0,4.0,100,slow,5993.0419921875,5973.7578125,148.83670906864631,295.08391581306836,148.83670906864631,295.08391581306836
Eight-mile Lake,stocks_only,Stocks,5,2.0,4.0,10,fast,3763.77783203125,2859.57666015625,1222.78352539664,1944.8722381269054,1222.78352539664,1944.8722381269054
Eight-mile Lake,stocks_only,Stocks,5,2.0,4.0,50,fast,3779.767333984375,1964.1558837890625,5570.574112287596,7020.750167197697,5570.574112287596,7020.750167197697
Eight-mile Lake,stocks_only,Stocks,5,2.0,4.0,100,fast,3751.15380859375,1943.4635009765625,11124.681269173623,12568.880593720483,11124.681269173623,12568.880593720483
Eight-mile Lake,stocks_only,Stocks,5,2.0,4.0,10,intermediate,12328.85546875,12247.19140625,288.96555685584383,538.1973687790355,288.96555685584383,538.1973687790355
Eight-mile Lake,stocks_only,Stocks,5,2.0,4.0,50,intermediate,12336.6259765625,11418.5078125,1317.111731605849,2530.6075013077357,1317.111731605849,2530.6075013077357
Eight-mile Lake,stocks_only,Stocks,5,2.0,4.0,100,intermediate,12340.494140625,10384.796875,2636.273572478368,4829.270818469839,2636.273572478368,4829.270818469839
Eight-mile Lake,stocks_only,Stocks,5,2.0,4.0,10,slow,5990.40185546875,5990.60888671875,16.35582639438609,30.6058525513391,16.35582639438609,30.6058525513391
Eight-mile Lake,stocks_only,Stocks,5,2.0,4.0,50,slow,5991.57373046875,5988.40869140625,74.37233321770424,147.84090071022985,74.37233321770424,147.84090071022985
Eight-mile Lake,stocks_only,Stocks,5,2.0,4.0,100,slow,5993.0419921875,5973.7578125,148.83670906864631,295.08391581306836,148.83670906864631,295.08391581306836
Eight-mile Lake,stocks_only,Stocks,6,2.0,4.0,10,fast,3752.576171875,2849.274658203125,1258.1561547276024,2000.4264538423683,1258.1561547276024,2000.4264538423683
Eight-mile Lake,stocks_only,Stocks,6,2.0,4.0,50,fast,3768.68896484375,1957.812255859375,5731.815010823479,7220.115770126433,5731.815010823479,7220.115770126433
Eight-mile Lake,stocks_only,Stocks,6,2.0,4.0,100,fast,3740.1396484375,1937.79541015625,11446.801311127241,12928.442661246598,11446.801311127241,12928.442661246598
Eight-mile Lake,stocks_only,Stocks,6,2.0,4.0,10,intermediate,12101.09765625,12028.55078125,253.31274873173876,471.8983134374613,253.31274873173876,471.8983134374613
Eight-mile Lake,stocks_only,Stocks,6,2.0,4.0,50,intermediate,12108.03125,11287.677734375,1154.5664711119396,2224.835517598219,1154.5664711119396,2224.835517598219
Eight-mile Lake,stocks_only,Stocks,6,2.0,4.0,100,intermediate,12111.583984375,10348.375,2310.880234834437,4262.618494076502,2310.880234834437,4262.618494076502
Eight-mile Lake,stocks_only,Stocks,6,2.0,4.0,10,slow,6067.875,6068.0966796875,16.84434995980036,31.520029172762783,16.84434995980036,31.520029172762783
Eight-mile Lake,stocks_only,Stocks,6,2.0,4.0,50,slow,6069.08251953125,6066.2802734375,76.59384513497801,152.26043904154818,76.59384513497801,152.26043904154818
Eight-mile Lake,stocks_only,Stocks,6,2.0,4.0,100,slow,6070.59375,6052.7880859375,153.2827946517715,303.9277258530285,153.2827946517715,303.9277258530285
Eight-mile Lake,stocks_only,Stocks,7,2.0,4.0,10,fast,3237.02001953125,2380.03125,1247.4490173557351,1947.2766373322602,1247.4490173557351,1947.2766373322602
Eight-mile Lake,stocks_only,Stocks,7,2.0,4.0,50,fast,3259.010986328125,1671.84130859375,5688.591291042216,6984.985384438266,5688.591291042216,6984.985384438266
Eight-mile Lake,stocks_only,Stocks,7,2.0,4.0,100,fast,3232.86279296875,1677.2113037109375,11366.19121426675,12637.271458388594,11366.19121426675,12637.271458388594
Eight-mile Lake,stocks_only,Stocks,7,2.0,4.0,10,intermediate,11112.1806640625,11029.34375,258.12671310437315,480.61187413372534,258.12671310437315,480.61187413372534
Eight-mile Lake,stocks_only,Stocks,7,2.0,4.0,50,intermediate,11118.232421875,10246.4501953125,1176.478932699996,2255.0654528009404,1176.478932699996,2255.0654528009404
Eight-mile Lake,stocks_only,Stocks,7,2.0,4.0,100,intermediate,11121.5927734375,9311.591796875,2354.7149043040013,4298.28906876996,2354.7149043040013,4298.28906876996
Eight-mile Lake,stocks_only,Stocks,7,2.0,4.0,10,slow,7377.55419921875,7377.80908203125,19.70361453280117,36.87040775008178,19.70361453280117,36.87040775008178
Eight-mile Lake,stocks_only,Stocks,7,2.0,4.0,50,slow,7378.9638671875,7374.68701171875,89.59502006076343,178.09749155616367,89.59502006076343,178.09749155616367
Eight-mile Lake,stocks_only,Stocks,7,2.0,4.0,100,slow,7380.73486328125,7356.197265625,179.30044768125885,355.4635391403531,179.30044768125885,355.4635391403531
Eight-mile Lake,stocks_only,Stocks,8,2.0,4.0,10,fast,3741.5556640625,2839.143310546875,1210.7734893158604,1924.4188510116803,1210.7734893158604,1924.4188510116803
Eight-mile Lake,stocks_only,Stocks,8,2.0,4.0,50,fast,3757.790771484375,1951.584716796875,5516.04149322035,6944.674628417626,5516.04149322035,6944.674628417626
Eight-mile Lake,stocks_only,Stocks,8,2.0,4.0,100,fast,3729.29541015625,1932.21728515625,11015.991794221047,12437.757206386133,11015.991794221047,12437.757206386133
Eight-mile Lake,stocks_only,Stocks,8,2.0,4.0,10,intermediate,12177.7373046875,12092.611328125,292.10873975225945,543.9809597181016,292.10873975225945,543.9809597181016
Eight-mile Lake,stocks_only,Stocks,8,2.0,4.0,50,intermediate,12185.71875,11234.6318359375,1331.4593254087692,2553.988074605786,1331.4593254087692,2553.988074605786
Eight-mile Lake,stocks_only,Stocks,8,2.0,4.0,100,intermediate,12189.6181640625,10175.8154296875,2665.015649597449,4863.732295985323,2665.015649597449,4863.732295985323
Eight-mile Lake,stocks_only,Stocks,8,2.0,4.0,10,slow,10087.2138671875,10087.5419921875,24.85926562240311,46.51786702669877,24.85926562240311,46.51786702669877
Eight-mile Lake,stocks_only,Stocks,8,2.0,4.0,50,slow,10088.9638671875,10084.0390625,113.03748554091105,224.7060992892468,113.03748554091105,224.7060992892468
Eight-mile Lake,stocks_only,Stocks,8,2.0,4.0,100,slow,10091.1552734375,10060.689453125,226.21171566876717,448.5169013542576,226.21171566876717,448.5169013542576
Eight-mile Lake,stocks_only,Stocks,9,2.0,4.0,10,fast,4167.23291015625,3233.140869140625,1196.5945048864965,1925.5051119596578,1196.5945048864965,1925.5051119596578
Eight-mile Lake,stocks_only,Stocks,9,2.0,4.0,50,fast,4178.77197265625,2196.35546875,5448.445341828787,6995.59928708243,5448.445341828787,6995.59928708243
Eight-mile Lake,stocks_only,Stocks,9,2.0,4.0,100,fast,4147.9091796875,2148.027587890625,10877.305757296836,12438.406003941061,10877.305757296836,12438.406003941061
Eight-mile Lake,stocks_only,Stocks,9,2.0,4.0,10,intermediate,10667.62109375,10585.3330078125,305.65502296195,569.0683697545333,305.65502296195,569.0683697545333
Eight-mile Lake,stocks_only,Stocks,9,2.0,4.0,50,intermediate,10676.798828125,9729.0810546875,1393.3803927524204,2661.1510698485145,1393.3803927524204,2661.1510698485145
Eight-mile Lake,stocks_only,Stocks,9,2.0,4.0,100,intermediate,10680.8486328125,8674.2177734375,2789.181350325716,5031.396681702631,2789.181350325716,5031.396681702631
Eight-mile Lake,stocks_only,Stocks,9,2.0,4.0,10,slow,10841.5556640625,10841.9033203125,27.216633152321215,50.92908164711522,27.216633152321215,50.92908164711522
Eight-mile Lake,stocks_only,Stocks,9,2.0,4.0,50,slow,10843.4716796875,10836.9716796875,123.75685738199846,246.00507411022352,123.75685738199846,246.00507411022352
Eight-mile Lake,stocks_only,Stocks,9,2.0,4.0,100,slow,10845.8701171875,10807.1376953125,247.66392874481465,490.96535973556445,247.66392874481465,490.96535973556445
Eight-mile Lake,stocks_only,Stocks,10,2.0,4.0,10,fast,3978.20068359375,3057.537841796875,1142.2451104563931,1828.5010661184738,1142.2451104563931,1828.5010661184738
Eight-mile Lake,stocks_only,Stocks,10,2.0,4.0,50,fast,3991.79638671875,2086.631591796875,5202.124065349551,6622.4326024473285,5202.124065349551,6622.4326024473285
Eight-mile Lake,stocks_only,Stocks,10,2.0,4.0,100,fast,3962.028564453125,2052.078125,10387.027077095769,11811.206563831194,10387.027077095769,11811.206563831194
Eight-mile Lake,stocks_only,Stocks,10,2.0,4.0,10,intermediate,11048.1328125,10949.6357421875,357.0332559084301,664.4408831566761,357.0332559084301,664.4408831566761
Eight-mile Lake,stocks_only,Stocks,10,2.0,4.0,50,intermediate,11058.201171875,9956.9609375,1627.6449103426648,3092.750708685745,1627.6449103426648,3092.750708685745
Eight-mile Lake,stocks_only,Stocks,10,2.0,4.0,100,intermediate,11062.6083984375,8782.67578125,3258.1733999829694,5813.248703213049,3258.1733999829694,5813.248703213049
Eight-mile Lake,stocks_only,Stocks,10,2.0,4.0,10,slow,10275.0029296875,10275.37890625,28.90287064240305,54.0845768237676,28.90287064240305,54.0845768237676
Eight-mile Lake,stocks_only,Stocks,10,2.0,4.0,50,slow,10277.0263671875,10268.802734375,131.42565830791463,261.2348535437791,131.42565830791463,261.2348535437791
Eight-mile Lake,stocks_only,Stocks,10,2.0,4.0,100,slow,10279.56640625,10233.18359375,263.01421558014465,521.2436701735951,263.01421558014465,521.2436701735951
Eight-mile Lake,stocks_only,Stocks,11,2.0,4.0,10,fast,4180.09423828125,3245.120849609375,1174.7052858044874,1890.923847015334,1174.7052858044874,1890.923847015334
Eight-mile Lake,stocks_only,Stocks,11,2.0,4.0,50,fast,4191.48974609375,2203.88427734375,5348.699254128806,6871.470758793905,5348.699254128806,6871.470758793905
Eight-mile Lake,stocks_only,Stocks,11,2.0,4.0,100,fast,4160.55517578125,2154.566162109375,10678.075891813187,12215.243160291935,10678.075891813187,12215.243160291935
Eight-mile Lake,stocks_only,Stocks,11,2.0,4.0,10,intermediate,10143.4111328125,10056.1611328125,323.3365612762954,601.8000504945842,323.3365612762954,601.8000504945842
Eight-mile Lake,stocks_only,Stocks,11,2.0,4.0,50,intermediate,10153.111328125,9157.568359375,1474.0714720252433,2803.5488847758106,1474.0714720252433,2803.5488847758106
Eight-mile Lake,stocks_only,Stocks,11,2.0,4.0,100,intermediate,10157.2578125,8077.0791015625,2950.8064334630058,5271.73690096892,2950.8064334630058,5271.73690096892
Eight-mile Lake,stocks_only,Stocks,11,2.0,4.0,10,slow,12906.0234375,12906.4296875,31.200287932803292,58.38346527208637,31.200287932803292,58.38346527208637
Eight-mile Lake,stocks_only,Stocks,11,2.0,4.0,50,slow,12908.2529296875,12899.52734375,141.87066422614788,282.00408674378576,141.87066422614788,282.00408674378576
Eight-mile Lake,stocks_only,Stocks,11,2.0,4.0,100,slow,12911.048828125,12861.376953125,283.9128377472697,562.7703089143945,283.9128377472697,562.7703089143945
Eight-mile Lake,soil14c_only,Soil 14C,0,2.0,4.0,10,fast,21208.615234375,19997.423828125,1217.6675612295412,2167.1383522351043,1217.6675612295412,2167.1383522351043
Eight-mile Lake,soil14c_only,Soil 14C,0,2.0,4.0,50,fast,21148.73046875,16211.0869140625,5544.4673772731085,9415.119226172883,5544.4673772731085,9415.119226172883
Eight-mile Lake,soil14c_only,Soil 14C,0,2.0,4.0,100,fast,21032.779296875,13585.2861328125,11064.222156351241,16902.345232175387,11064.222156351241,16902.345232175387
Eight-mile Lake,soil14c_only,Soil 14C,0,2.0,4.0,10,intermediate,8406.2939453125,8383.982421875,311.311985012631,580.625852782202,311.311985012631,580.625852782202
Eight-mile Lake,soil14c_only,Soil 14C,0,2.0,4.0,50,intermediate,8428.9873046875,8069.77783203125,1420.5278906390524,2772.9294012813625,1420.5278906390524,2772.9294012813625
Eight-mile Lake,soil14c_only,Soil 14C,0,2.0,4.0,100,intermediate,8446.48046875,7405.81982421875,2846.4911618889114,5359.447428167814,2846.4911618889114,5359.447428167814
Eight-mile Lake,soil14c_only,Soil 14C,0,2.0,4.0,10,slow,12196.5341796875,12196.7568359375,16.59780913396184,31.058396630334755,16.59780913396184,31.058396630334755
Eight-mile Lake,soil14c_only,Soil 14C,0,2.0,4.0,50,slow,12197.6533203125,12198.13671875,75.46880629051215,150.04043351259247,75.46880629051215,150.04043351259247
Eight-mile Lake,soil14c_only,Soil 14C,0,2.0,4.0,100,slow,12199.072265625,12188.8564453125,151.02119550886147,299.64464425535783,151.02119550886147,299.64464425535783
Eight-mile Lake,soil14c_only,Soil 14C,1,2.0,4.0,10,fast,21105.712890625,19894.908203125,1227.8868238695034,2185.0271606012047,1227.8868238695034,2185.0271606012047
Eight-mile Lake,soil14c_only,Soil 14C,1,2.0,4.0,50,fast,21045.96875,16115.3359375,5590.960430132072,9488.63903288477,5590.960430132072,9488.63903288477
Eight-mile Lake,soil14c_only,Soil 14C,1,2.0,4.0,100,fast,20930.2734375,13501.587890625,11156.919338578082,17029.30270040802,11156.919338578082,17029.30270040802
Eight-mile Lake,soil14c_only,Soil 14C,1,2.0,4.0,10,intermediate,8157.0146484375,8135.2958984375,302.45798441309114,564.109681528226,302.45798441309114,564.109681528226
Eight-mile Lake,soil14c_only,Soil 14C,1,2.0,4.0,50,intermediate,8179.0673828125,7829.4345703125,1380.1305037702825,2693.926250297749,1380.1305037702825,2693.926250297749
Eight-mile Lake,soil14c_only,Soil 14C,1,2.0,4.0,100,intermediate,8195.96875,7183.8388671875,2765.5395977396706,5206.292789749938,2765.5395977396706,5206.292789749938
Eight-mile Lake,soil14c_only,Soil 14C,1,2.0,4.0,10,slow,11923.2646484375,11923.4755859375,15.45688471539073,28.923451699812848,15.45688471539073,28.923451699812848
Eight-mile Lake,soil14c_only,Soil 14C,1,2.0,4.0,50,slow,11924.3115234375,11924.8974609375,70.28098418572418,139.72651542921403,70.28098418572418,139.72651542921403
Eight-mile Lake,soil14c_only,Soil 14C,1,2.0,4.0,100,slow,11925.625,11916.2939453125,140.63942698268528,279.050352923672,140.63942698268528,279.050352923672
Eight-mile Lake,soil14c_only,Soil 14C,2,2.0,4.0,10,fast,21130.865234375,19919.97265625,1247.2176063158354,2219.501246340992,1247.2176063158354,2219.501246340992
Eight-mile Lake,soil14c_only,Soil 14C,2,2.0,4.0,50,fast,21071.072265625,16138.751953125,5678.986663226884,9639.387182384522,5678.986663226884,9639.387182384522
Eight-mile Lake,soil14c_only,Soil 14C,2,2.0,4.0,100,fast,20955.306640625,13522.119140625,11332.595352672353,17301.132321133882,11332.595352672353,17301.132321133882
Eight-mile Lake,soil14c_only,Soil 14C,2,2.0,4.0,10,intermediate,8119.39599609375,8098.9677734375,281.92502382033103,525.8413223028226,281.92502382033103,525.8413223028226
Eight-mile Lake,soil14c_only,Soil 14C,2,2.0,4.0,50,intermediate,8140.24072265625,7809.6875,1286.3394359775161,2512.922249830105,1286.3394359775161,2512.922249830105
Eight-mile Lake,soil14c_only,Soil 14C,2,2.0,4.0,100,intermediate,8156.4521484375,7193.32275390625,2577.432973878993,4863.947558359849,2577.432973878993,4863.947558359849
Eight-mile Lake,soil14c_only,Soil 14C,2,2.0,4.0,10,slow,11849.6787109375,11849.908203125,17.047586914514206,31.900053159753412,17.047586914514206,31.900053159753412
Eight-mile Lake,soil14c_only,Soil 14C,2,2.0,4.0,50,slow,11850.828125,11851.3876953125,77.51410150208764,154.10721879734345,77.51410150208764,154.10721879734345
Eight-mile Lake,soil14c_only,Soil 14C,2,2.0,4.0,100,slow,11852.2841796875,11842.3994140625,155.11456129480138,307.76806928529913,155.11456129480138,307.76806928529913
Eight-mile Lake,soil14c_only,Soil 14C,3,2.0,4.0,10,fast,21138.3359375,19927.40625,1227.3461441668373,2184.159879011886,1227.3461441668373,2184.159879011886
Eight-mile Lake,soil14c_only,Soil 14C,3,2.0,4.0,50,fast,21078.53125,16145.697265625,5588.50812489802,9486.20128940319,5588.50812489802,9486.20128940319
Eight-mile Lake,soil14c_only,Soil 14C,3,2.0,4.0,100,fast,20962.744140625,13528.2021484375,11152.049193892695,17026.556898945746,11152.049193892695,17026.556898945746
Eight-mile Lake,soil14c_only,Soil 14C,3,2.0,4.0,10,intermediate,7956.96923828125,7935.2529296875,301.2765464974233,561.8929722562377,301.2765464974233,561.8929722562377
Eight-mile Lake,soil14c_only,Soil 14C,3,2.0,4.0,50,intermediate,7979.00439453125,7630.2236328125,1374.790116668542,2682.5042260376795,1374.790116668542,2682.5042260376795
Eight-mile Lake,soil14c_only,Soil 14C,3,2.0,4.0,100,intermediate,7995.83056640625,6988.98681640625,2754.924039585484,5180.64710783384,2754.924039585484,5180.64710783384
Eight-mile Lake,soil14c_only,Soil 14C,3,2.0,4.0,10,slow,11611.6376953125,11611.8671875,17.144300536440113,32.08103443639291,17.144300536440113,32.08103443639291
Eight-mile Lake,soil14c_only,Soil 14C,3,2.0,4.0,50,slow,11612.8046875,11613.1591796875,77.95397996914153,154.98149931499063,77.95397996914153,154.98149931499063
Eight-mile Lake,soil14c_only,Soil 14C,3,2.0,4.0,100,slow,11614.26953125,11603.3291015625,155.9951149116691,309.50615691177086,155.9951149116691,309.50615691177086
Eight-mile Lake,soil14c_only,Soil 14C,4,2.0,4.0,10,fast,21262.681640625,20051.279296875,1256.9992961669088,2237.2978275731257,1256.9992961669088,2237.2978275731257
Eight-mile Lake,soil14c_only,Soil 14C,4,2.0,4.0,50,fast,21202.693359375,16261.416015625,5723.578037971622,9722.158568596347,5723.578037971622,9722.158568596347
Eight-mile Lake,soil14c_only,Soil 14C,4,2.0,4.0,100,fast,21086.625,13629.35546875,11421.68485989844,17456.279473486735,11421.68485989844,17456.279473486735
Eight-mile Lake,soil14c_only,Soil 14C,4,2.0,4.0,10,intermediate,7926.24365234375,7906.5625,269.97973323317433,503.5665891963554,269.97973323317433,503.5665891963554
Eight-mile Lake,soil14c_only,Soil 14C,4,2.0,4.0,50,intermediate,7946.5,7627.67041015625,1231.8272125255926,2406.8837279620498,1231.8272125255926,2406.8837279620498
Eight-mile Lake,soil14c_only,Soil 14C,4,2.0,4.0,100,intermediate,7962.3173828125,7031.67431640625,2468.1961992096326,4660.341201065667,2468.1961992096326,4660.341201065667
Eight-mile Lake,soil14c_only,Soil 14C,4,2.0,4.0,10,slow,11583.8134765625,11584.0712890625,19.405702165862095,36.31269519429804,19.405702165862095,36.31269519429804
Eight-mile Lake,soil14c_only,Soil 14C,4,2.0,4.0,50,slow,11585.1865234375,11585.6455078125,88.23721027138623,175.42690076622645,88.23721027138623,175.42690076622645
Eight-mile Lake,soil14c_only,Soil 14C,4,2.0,4.0,100,slow,11586.9091796875,11575.689453125,176.57507207849315,350.3386083655439,176.57507207849315,350.3386083655439
Eight-mile Lake,soil14c_only,Soil 14C,5,2.0,4.0,10,fast,21262.681640625,20051.279296875,1256.9992961669088,2237.2978275731257,1256.9992961669088,2237.2978275731257
Eight-mile Lake,soil14c_only,Soil 14C,5,2.0,4.0,50,fast,21202.693359375,16261.416015625,5723.578037971622,9722.158568596347,5723.578037971622,9722.158568596347
Eight-mile Lake,soil14c_only,Soil 14C,5,2.0,4.0,100,fast,21086.625,13629.35546875,11421.68485989844,17456.279473486735,11421.68485989844,17456.279473486735
Eight-mile Lake,soil14c_only,Soil 14C,5,2.0,4.0,10,intermediate,7926.24365234375,7906.5625,269.97973323317433,503.5665891963554,269.97973323317433,503.5665891963554
Eight-mile Lake,soil14c_only,Soil 14C,5,2.0,4.0,50,intermediate,7946.5,7627.67041015625,1231.8272125255926,2406.8837279620498,1231.8272125255926,2406.8837279620498
Eight-mile Lake,soil14c_only,Soil 14C,5,2.0,4.0,100,intermediate,7962.3173828125,7031.67431640625,2468.1961992096326,4660.341201065667,2468.1961992096326,4660.341201065667
Eight-mile Lake,soil14c_only,Soil 14C,5,2.0,4.0,10,slow,11583.8134765625,11584.0712890625,19.405702165862095,36.31269519429804,19.405702165862095,36.31269519429804
Eight-mile Lake,soil14c_only,Soil 14C,5,2.0,4.0,50,slow,11585.1865234375,11585.6455078125,88.23721027138623,175.42690076622645,88.23721027138623,175.42690076622645
Eight-mile Lake,soil14c_only,Soil 14C,5,2.0,4.0,100,slow,11586.9091796875,11575.689453125,176.57507207849315,350.3386083655439,176.57507207849315,350.3386083655439
Eight-mile Lake,soil14c_only,Soil 14C,6,2.0,4.0,10,fast,21253.013671875,20041.638671875,1289.3078284374733,2294.7733522792105,1289.3078284374733,2294.7733522792105
Eight-mile Lake,soil14c_only,Soil 14C,6,2.0,4.0,50,fast,21193.05078125,16252.3896484375,5870.687415448006,9971.504854225179,5870.687415448006,9971.504854225179
Eight-mile Lake,soil14c_only,Soil 14C,6,2.0,4.0,100,fast,21077.0078125,13621.46875,11715.243499263934,17903.48124147337,11715.243499263934,17903.48124147337
Eight-mile Lake,soil14c_only,Soil 14C,6,2.0,4.0,10,intermediate,7805.50390625,7787.94140625,236.9550724786422,442.0054256940727,236.9550724786422,442.0054256940727
Eight-mile Lake,soil14c_only,Soil 14C,6,2.0,4.0,50,intermediate,7823.72705078125,7536.72509765625,1081.0132959411558,2114.986365553504,1081.0132959411558,2114.986365553504
Eight-mile Lake,soil14c_only,Soil 14C,6,2.0,4.0,100,intermediate,7838.271484375,6991.90771484375,2165.7832092764284,4105.398290317101,2165.7832092764284,4105.398290317101
Eight-mile Lake,soil14c_only,Soil 14C,6,2.0,4.0,10,slow,11396.2509765625,11396.51171875,20.78882323305171,38.900862373777784,20.78882323305171,38.900862373777784
Eight-mile Lake,soil14c_only,Soil 14C,6,2.0,4.0,50,slow,11397.7412109375,11398.271484375,94.52679340518425,187.93187476407644,94.52679340518425,187.93187476407644
Eight-mile Lake,soil14c_only,Soil 14C,6,2.0,4.0,100,slow,11399.6162109375,11388.7509765625,189.1628970752073,375.3165333538832,189.1628970752073,375.3165333538832
Eight-mile Lake,soil14c_only,Soil 14C,7,2.0,4.0,10,fast,21241.703125,20030.369140625,1294.3090601496206,2303.640412069559,1294.3090601496206,2303.640412069559
Eight-mile Lake,soil14c_only,Soil 14C,7,2.0,4.0,50,fast,21181.759765625,16241.8388671875,5893.455813165357,10009.551127680923,5893.455813165357,10009.551127680923
Eight-mile Lake,soil14c_only,Soil 14C,7,2.0,4.0,100,fast,21065.740234375,13612.24609375,11760.669544761706,17971.199850637382,11760.669544761706,17971.199850637382
Eight-mile Lake,soil14c_only,Soil 14C,7,2.0,4.0,10,intermediate,7797.826171875,7780.57861328125,233.00261504718839,434.63844756162985,233.00261504718839,434.63844756162985
Eight-mile Lake,soil14c_only,Soil 14C,7,2.0,4.0,50,intermediate,7815.73291015625,7533.5771484375,1062.959652349949,2080.124054330629,1062.959652349949,2080.124054330629
Eight-mile Lake,soil14c_only,Soil 14C,7,2.0,4.0,100,intermediate,7830.06494140625,6996.57470703125,2129.5736533811523,4039.4496441809315,2129.5736533811523,4039.4496441809315
Eight-mile Lake,soil14c_only,Soil 14C,7,2.0,4.0,10,slow,11069.1767578125,11069.4345703125,19.863583805682755,37.169523680006435,19.863583805682755,37.169523680006435
Eight-mile Lake,soil14c_only,Soil 14C,7,2.0,4.0,50,slow,11070.5830078125,11071.2470703125,90.31956122909031,179.5678827275079,90.31956122909031,179.5678827275079
Eight-mile Lake,soil14c_only,Soil 14C,7,2.0,4.0,100,slow,11072.35546875,11062.2373046875,180.74313869951905,358.6162189715918,180.74313869951905,358.6162189715918
Eight-mile Lake,soil14c_only,Soil 14C,8,2.0,4.0,10,fast,21383.552734375,20171.728515625,1270.6586167471066,2261.967065954053,1270.6586167471066,2261.967065954053
Eight-mile Lake,soil14c_only,Soil 14C,8,2.0,4.0,50,fast,21323.40625,16374.14453125,5785.824210754456,9834.414552588041,5785.824210754456,9834.414552588041
Eight-mile Lake,soil14c_only,Soil 14C,8,2.0,4.0,100,fast,21207.021484375,13727.9423828125,11545.992927191308,17663.94577815499,11545.992927191308,17663.94577815499
Eight-mile Lake,soil14c_only,Soil 14C,8,2.0,4.0,10,intermediate,7936.931640625,7918.21630859375,256.02149267844885,477.55259771937773,256.02149267844885,477.55259771937773
Eight-mile Lake,soil14c_only,Soil 14C,8,2.0,4.0,50,intermediate,7956.36376953125,7652.03076171875,1168.070431914207,2283.9458287850775,1168.070431914207,2283.9458287850775
Eight-mile Lake,soil14c_only,Soil 14C,8,2.0,4.0,100,intermediate,7971.7265625,7078.0869140625,2340.3305751848584,4428.299070448501,2340.3305751848584,4428.299070448501
Eight-mile Lake,soil14c_only,Soil 14C,8,2.0,4.0,10,slow,10872.0,10872.25390625,20.011656640068935,37.446604763329105,20.011656640068935,37.446604763329105
Eight-mile Lake,soil14c_only,Soil 14C,8,2.0,4.0,50,slow,10873.421875,10873.935546875,90.99301817552757,180.90649899356924,90.99301817552757,180.90649899356924
Eight-mile Lake,soil14c_only,Soil 14C,8,2.0,4.0,100,slow,10875.2099609375,10864.2890625,182.091241009099,361.2823763297557,182.091241009099,361.2823763297557
Eight-mile Lake,soil14c_only,Soil 14C,9,2.0,4.0,10,fast,21550.458984375,20337.9765625,1248.4184423127908,2222.8512769466556,1248.4184423127908,2222.8512769466556
Eight-mile Lake,soil14c_only,Soil 14C,9,2.0,4.0,50,fast,21490.068359375,16529.736328125,5684.6184690873715,9671.10482593568,5684.6184690873715,9671.10482593568
Eight-mile Lake,soil14c_only,Soil 14C,9,2.0,4.0,100,fast,21373.30078125,13864.248046875,11344.159040907583,17378.86064442786,11344.159040907583,17378.86064442786
Eight-mile Lake,soil14c_only,Soil 14C,9,2.0,4.0,10,intermediate,8061.28076171875,8041.2294921875,275.4171429664586,513.7074371279465,275.4171429664586,513.7074371279465
Eight-mile Lake,soil14c_only,Soil 14C,9,2.0,4.0,50,intermediate,8082.14599609375,7757.7705078125,1256.658483677257,2455.3899474496866,1256.658483677257,2455.3899474496866
Eight-mile Lake,soil14c_only,Soil 14C,9,2.0,4.0,100,intermediate,8098.4697265625,7150.92822265625,2517.99652474512,4754.213499408678,2517.99652474512,4754.213499408678
Eight-mile Lake,soil14c_only,Soil 14C,9,2.0,4.0,10,slow,10917.9501953125,10918.236328125,22.36496285323008,41.85026892699299,22.36496285323008,41.85026892699299
Eight-mile Lake,soil14c_only,Soil 14C,9,2.0,4.0,50,slow,10919.5400390625,10919.8232421875,101.69425018928956,202.18214193943328,101.69425018928956,202.18214193943328
Eight-mile Lake,soil14c_only,Soil 14C,9,2.0,4.0,100,slow,10921.5302734375,10908.30078125,203.50795280650595,403.75109546006695,203.50795280650595,403.75109546006695
Eight-mile Lake,soil14c_only,Soil 14C,10,2.0,4.0,10,fast,21550.458984375,20337.9765625,1248.4184423127908,2222.8512769466556,1248.4184423127908,2222.8512769466556
Eight-mile Lake,soil14c_only,Soil 14C,10,2.0,4.0,50,fast,21490.068359375,16529.736328125,5684.6184690873715,9671.10482593568,5684.6184690873715,9671.10482593568
Eight-mile Lake,soil14c_only,Soil 14C,10,2.0,4.0,100,fast,21373.30078125,13864.248046875,11344.159040907583,17378.86064442786,11344.159040907583,17378.86064442786
Eight-mile Lake,soil14c_only,Soil 14C,10,2.0,4.0,10,intermediate,8061.28076171875,8041.2294921875,275.4171429664586,513.7074371279465,275.4171429664586,513.7074371279465
Eight-mile Lake,soil14c_only,Soil 14C,10,2.0,4.0,50,intermediate,8082.14599609375,7757.7705078125,1256.658483677257,2455.3899474496866,1256.658483677257,2455.3899474496866
Eight-mile Lake,soil14c_only,Soil 14C,10,2.0,4.0,100,intermediate,8098.4697265625,7150.92822265625,2517.99652474512,4754.213499408678,2517.99652474512,4754.213499408678
Eight-mile Lake,soil14c_only,Soil 14C,10,2.0,4.0,10,slow,10917.9501953125,10918.236328125,22.36496285323008,41.85026892699299,22.36496285323008,41.85026892699299
Eight-mile Lake,soil14c_only,Soil 14C,10,2.0,4.0,50,slow,10919.5400390625,10919.8232421875,101.69425018928956,202.18214193943328,101.69425018928956,202.18214193943328
Eight-mile Lake,soil14c_only,Soil 14C,10,2.0,4.0,100,slow,10921.5302734375,10908.30078125,203.50795280650595,403.75109546006695,203.50795280650595,403.75109546006695
Eight-mile Lake,soil14c_only,Soil 14C,11,2.0,4.0,10,fast,21524.98828125,20312.615234375,1254.2552389024436,2233.172023343647,1254.2552389024436,2233.172023343647
Eight-mile Lake,soil14c_only,Soil 14C,11,2.0,4.0,50,fast,21464.6328125,16505.93359375,5711.186511626635,9714.972835320386,5711.186511626635,9714.972835320386
Eight-mile Lake,soil14c_only,Soil 14C,11,2.0,4.0,100,fast,21347.919921875,13843.4462890625,11397.157599359909,17456.44009829741,11397.157599359909,17456.44009829741
Eight-mile Lake,soil14c_only,Soil 14C,11,2.0,4.0,10,intermediate,8129.3701171875,8109.68798828125,269.2316729697228,502.18201186764077,269.2316729697228,502.18201186764077
Eight-mile Lake,soil14c_only,Soil 14C,11,2.0,4.0,50,intermediate,8149.90771484375,7830.51220703125,1228.3921486624492,2401.033243240965,1228.3921486624492,2401.033243240965
Eight-mile Lake,soil14c_only,Soil 14C,11,2.0,4.0,100,intermediate,8166.07275390625,7230.51513671875,2461.286142890769,4652.150607514552,2461.286142890769,4652.150607514552
Eight-mile Lake,soil14c_only,Soil 14C,11,2.0,4.0,10,slow,10818.6337890625,10818.9375,22.824119343506574,42.709504168823244,22.824119343506574,42.709504168823244
Eight-mile Lake,soil14c_only,Soil 14C,11,2.0,4.0,50,slow,10820.2431640625,10820.609375,103.78220761428122,206.33423480613862,103.78220761428122,206.33423480613862
Eight-mile Lake,soil14c_only,Soil 14C,11,2.0,4.0,100,slow,10822.2802734375,10809.1748046875,207.68682251576217,412.0438068298615,207.68682251576217,412.0438068298615
Eight-mile Lake,resp14c_only,Respired 14C,0,2.0,4.0,10,fast,17100.4921875,15908.6728515625,1101.7032345179182,1947.7495633113986,1101.7032345179182,1947.7495633113986
Eight-mile Lake,resp14c_only,Respired 14C,0,2.0,4.0,50,fast,17047.6640625,12437.298828125,5014.83974906273,8287.613656460066,5014.83974906273,8287.613656460066
Eight-mile Lake,resp14c_only,Respired 14C,0,2.0,4.0,100,fast,16944.326171875,10342.8056640625,10004.350026688644,14690.540478413124,10004.350026688644,14690.540478413124
Eight-mile Lake,resp14c_only,Respired 14C,0,2.0,4.0,10,intermediate,24628.384765625,24592.451171875,418.05702064894234,780.0431113535433,418.05702064894234,780.0431113535433
Eight-mile Lake,resp14c_only,Respired 14C,0,2.0,4.0,50,intermediate,24658.65625,24056.478515625,1906.0842644791187,3746.2725518402094,1906.0842644791187,3746.2725518402094
Eight-mile Lake,resp14c_only,Respired 14C,0,2.0,4.0,100,intermediate,24683.65625,22884.755859375,3816.608779855212,7340.121191133563,3816.608779855212,7340.121191133563
Eight-mile Lake,resp14c_only,Respired 14C,0,2.0,4.0,10,slow,6133.4736328125,6133.75927734375,22.14881073753325,41.446234413993494,22.14881073753325,41.446234413993494
Eight-mile Lake,resp14c_only,Respired 14C,0,2.0,4.0,50,slow,6135.0810546875,6135.63134765625,100.71716752566729,200.24930882825583,100.71716752566729,200.24930882825583
Eight-mile Lake,resp14c_only,Respired 14C,0,2.0,4.0,100,slow,6137.10595703125,6129.88134765625,201.5675082554051,399.92318494177135,201.5675082554051,399.92318494177135
Eight-mile Lake,resp14c_only,Respired 14C,1,2.0,4.0,10,fast,17046.48828125,15854.94921875,1089.1963813442794,1925.4279838701214,1089.1963813442794,1925.4279838701214
Eight-mile Lake,resp14c_only,Respired 14C,1,2.0,4.0,50,fast,16993.779296875,12388.5029296875,4957.886841447022,8189.96398229921,4957.886841447022,8189.96398229921
Eight-mile Lake,resp14c_only,Respired 14C,1,2.0,4.0,100,fast,16890.63671875,10301.69921875,9890.689701817068,14514.894645417426,9890.689701817068,14514.894645417426
Eight-mile Lake,resp14c_only,Respired 14C,1,2.0,4.0,10,intermediate,24456.30078125,24419.3671875,430.94959772085133,804.0856183253208,430.94959772085133,804.0856183253208
Eight-mile Lake,resp14c_only,Respired 14C,1,2.0,4.0,50,intermediate,24487.33984375,23868.091796875,1964.9112482098485,3860.6382767221676,1964.9112482098485,3860.6382767221676
Eight-mile Lake,resp14c_only,Respired 14C,1,2.0,4.0,100,intermediate,24512.76953125,22667.908203125,3934.475230957284,7559.263080971101,3934.475230957284,7559.263080971101
Eight-mile Lake,resp14c_only,Respired 14C,1,2.0,4.0,10,slow,6405.87451171875,6406.158203125,21.49880673218976,40.229857567951186,21.49880673218976,40.229857567951186
Eight-mile Lake,resp14c_only,Respired 14C,1,2.0,4.0,50,slow,6407.4296875,6407.9287109375,97.76049009487073,194.36929725644063,97.76049009487073,194.36929725644063
Eight-mile Lake,resp14c_only,Respired 14C,1,2.0,4.0,100,slow,6409.388671875,6402.048828125,195.64785672511852,388.1777547393925,195.64785672511852,388.1777547393925
Eight-mile Lake,resp14c_only,Respired 14C,2,2.0,4.0,10,fast,17207.736328125,16015.279296875,1098.1895974871632,1941.9488306288324,1098.1895974871632,1941.9488306288324
Eight-mile Lake,resp14c_only,Respired 14C,2,2.0,4.0,50,fast,17154.6640625,12534.26953125,4998.888863192116,8268.217249647685,4998.888863192116,8268.217249647685
Eight-mile Lake,resp14c_only,Respired 14C,2,2.0,4.0,100,fast,17050.927734375,10424.58984375,9972.60336297394,14661.331013013836,9972.60336297394,14661.331013013836
Eight-mile Lake,resp14c_only,Respired 14C,2,2.0,4.0,10,intermediate,21883.8515625,21847.853515625,420.08817156541295,783.7825285133272,420.08817156541295,783.7825285133272
Eight-mile Lake,resp14c_only,Respired 14C,2,2.0,4.0,50,intermediate,21914.265625,21314.2734375,1915.512533762902,3760.655282426803,1915.512533762902,3760.655282426803
Eight-mile Lake,resp14c_only,Respired 14C,2,2.0,4.0,100,intermediate,21938.966796875,20159.0,3835.7983740964955,7351.790774668613,3835.7983740964955,7351.790774668613
Eight-mile Lake,resp14c_only,Respired 14C,2,2.0,4.0,10,slow,8391.5869140625,8391.8984375,23.569964552962396,44.10537122424011,23.569964552962396,44.10537122424011
Eight-mile Lake,resp14c_only,Respired 14C,2,2.0,4.0,50,slow,8393.251953125,8394.4189453125,107.17621713635778,213.0899111335869,107.17621713635778,213.0899111335869
Eight-mile Lake,resp14c_only,Respired 14C,2,2.0,4.0,100,slow,8395.3447265625,8387.064453125,214.48550891236977,425.5804384474576,214.48550891236977,425.5804384474576
Eight-mile Lake,resp14c_only,Respired 14C,3,2.0,4.0,10,fast,16765.236328125,15575.3994140625,1024.0859424561945,1809.2970065289646,1024.0859424561945,1809.2970065289646
Eight-mile Lake,resp14c_only,Respired 14C,3,2.0,4.0,50,fast,16713.12890625,12134.7314453125,4661.401723363317,7682.774932085296,4661.401723363317,7682.774932085296
Eight-mile Lake,resp14c_only,Respired 14C,3,2.0,4.0,100,fast,16610.943359375,10088.3701171875,9299.018009096235,13603.394521553199,9299.018009096235,13603.394521553199
Eight-mile Lake,resp14c_only,Respired 14C,3,2.0,4.0,10,intermediate,21890.953125,21848.40625,489.12973860339594,912.5030066364797,489.12973860339594,912.5030066364797
Eight-mile Lake,resp14c_only,Respired 14C,3,2.0,4.0,50,intermediate,21925.85546875,21221.71484375,2230.5764463402866,4371.385112513187,2230.5764463402866,4371.385112513187
Eight-mile Lake,resp14c_only,Respired 14C,3,2.0,4.0,100,intermediate,21953.21484375,19895.28515625,4467.145104408529,8515.747415531507,4467.145104408529,8515.747415531507
Eight-mile Lake,resp14c_only,Respired 14C,3,2.0,4.0,10,slow,11094.65625,11095.0068359375,26.89734058255588,50.33158867243418,26.89734058255588,50.33158867243418
Eight-mile Lake,resp14c_only,Respired 14C,3,2.0,4.0,50,slow,11096.5517578125,11097.224609375,122.30464692641588,243.16235094813362,122.30464692641588,243.16235094813362
Eight-mile Lake,resp14c_only,Respired 14C,3,2.0,4.0,100,slow,11098.9296875,11086.7744140625,244.7568777291307,485.6082092252178,244.7568777291307,485.6082092252178
Eight-mile Lake,resp14c_only,Respired 14C,4,2.0,4.0,10,fast,17122.86328125,15930.8818359375,1053.5334238856824,1862.6693132371659,1053.5334238856824,1862.6693132371659
Eight-mile Lake,resp14c_only,Respired 14C,4,2.0,4.0,50,fast,17069.9921875,12457.5322265625,4795.58565802163,7926.666377540678,4795.58565802163,7926.666377540678
Eight-mile Lake,resp14c_only,Respired 14C,4,2.0,4.0,100,fast,16966.5625,10359.896484375,9566.963783205123,14051.782212044724,9566.963783205123,14051.782212044724
Eight-mile Lake,resp14c_only,Respired 14C,4,2.0,4.0,10,intermediate,20218.841796875,20179.3671875,466.16451477371436,869.6584167791726,466.16451477371436,869.6584167791726
Eight-mile Lake,resp14c_only,Respired 14C,4,2.0,4.0,50,intermediate,20251.798828125,19598.3046875,2125.892783975864,4166.024998188457,2125.892783975864,4166.024998188457
Eight-mile Lake,resp14c_only,Respired 14C,4,2.0,4.0,100,intermediate,20277.84375,18363.7734375,4257.588219087941,8114.4571865913595,4257.588219087941,8114.4571865913595
Eight-mile Lake,resp14c_only,Respired 14C,4,2.0,4.0,10,slow,9149.6943359375,9149.9638671875,21.24405142074781,39.75283857950401,21.24405142074781,39.75283857950401
Eight-mile Lake,resp14c_only,Respired 14C,4,2.0,4.0,50,slow,9151.2216796875,9151.978515625,96.59841431994637,192.05420550219125,96.59841431994637,192.05420550219125
Eight-mile Lake,resp14c_only,Respired 14C,4,2.0,4.0,100,slow,9153.13671875,9143.6328125,193.31290253042044,383.5529890881637,193.31290253042044,383.5529890881637
Eight-mile Lake,resp14c_only,Respired 14C,5,2.0,4.0,10,fast,17056.017578125,15864.4267578125,1023.2438892762057,1808.8752433229552,1023.2438892762057,1808.8752433229552
Eight-mile Lake,resp14c_only,Respired 14C,5,2.0,4.0,50,fast,17003.2890625,12397.1201171875,4657.6831406143865,7694.642793200748,4657.6831406143865,7694.642793200748
Eight-mile Lake,resp14c_only,Respired 14C,5,2.0,4.0,100,fast,16900.119140625,10308.9794921875,9291.809748059222,13637.482873378945,9291.809748059222,13637.482873378945
Eight-mile Lake,resp14c_only,Respired 14C,5,2.0,4.0,10,intermediate,18471.833984375,18429.890625,491.2881264564939,916.4259560886093,491.2881264564939,916.4259560886093
Eight-mile Lake,resp14c_only,Respired 14C,5,2.0,4.0,50,intermediate,18506.521484375,17818.95703125,2240.7686223433866,4383.013670748242,2240.7686223433866,4383.013670748242
Eight-mile Lake,resp14c_only,Respired 14C,5,2.0,4.0,100,intermediate,18533.23828125,16545.70703125,4488.196780857151,8506.436239400968,4488.196780857151,8506.436239400968
Eight-mile Lake,resp14c_only,Respired 14C,5,2.0,4.0,10,slow,13876.8466796875,13877.173828125,25.68606711564015,48.064797048799036,25.68606711564015,48.064797048799036
Eight-mile Lake,resp14c_only,Respired 14C,5,2.0,4.0,50,slow,13878.6591796875,13878.986328125,116.79456738811746,232.20208978920994,116.79456738811746,232.20208978920994
Eight-mile Lake,resp14c_only,Respired 14C,5,2.0,4.0,100,slow,13880.9375,13866.9501953125,233.72416435626639,463.7165343458355,233.72416435626639,463.7165343458355
Eight-mile Lake,resp14c_only,Respired 14C,6,2.0,4.0,10,fast,17117.76171875,15925.822265625,1037.602816212961,1834.4856720110413,1037.602816212961,1834.4856720110413
Eight-mile Lake,resp14c_only,Respired 14C,6,2.0,4.0,50,fast,17064.90234375,12452.9150390625,4723.069449552642,7806.49099866771,4723.069449552642,7806.49099866771
Eight-mile Lake,resp14c_only,Respired 14C,6,2.0,4.0,100,fast,16961.4921875,10355.9892578125,9422.294246703354,13838.505012075773,9422.294246703354,13838.505012075773
Eight-mile Lake,resp14c_only,Respired 14C,6,2.0,4.0,10,intermediate,19409.380859375,19368.69140625,481.43538091243977,898.1024123469674,481.43538091243977,898.1024123469674
Eight-mile Lake,resp14c_only,Respired 14C,6,2.0,4.0,50,intermediate,19443.19140625,18772.330078125,2195.6659058036676,4299.132114312413,2195.6659058036676,4299.132114312413
Eight-mile Lake,resp14c_only,Respired 14C,6,2.0,4.0,100,intermediate,19469.546875,17515.74609375,4397.564459915227,8359.795444717107,4397.564459915227,8359.795444717107
Eight-mile Lake,resp14c_only,Respired 14C,6,2.0,4.0,10,slow,10834.52734375,10834.802734375,21.56822786573629,40.35936780410039,21.56822786573629,40.35936780410039
Eight-mile Lake,resp14c_only,Respired 14C,6,2.0,4.0,50,slow,10836.0703125,10836.6552734375,98.07130993829347,194.9799947348247,98.07130993829347,194.9799947348247
Eight-mile Lake,resp14c_only,Respired 14C,6,2.0,4.0,100,slow,10837.9990234375,10827.4482421875,196.25740684076078,389.3931484900937,196.25740684076078,389.3931484900937
Eight-mile Lake,resp14c_only,Respired 14C,7,2.0,4.0,10,fast,16657.48046875,15468.3037109375,975.6418125899769,1723.3226852598686,975.6418125899769,1723.3226852598686
Eight-mile Lake,resp14c_only,Respired 14C,7,2.0,4.0,50,fast,16605.591796875,12037.6865234375,4440.8502482654585,7312.798018202413,4440.8502482654585,7312.798018202413
Eight-mile Lake,resp14c_only,Respired 14C,7,2.0,4.0,100,fast,16503.78125,10006.9697265625,8858.967122054439,12943.701838302008,8858.967122054439,12943.701838302008
Eight-mile Lake,resp14c_only,Respired 14C,7,2.0,4.0,10,intermediate,20769.76171875,20723.185546875,534.9136209403141,997.81271888837,534.9136209403141,997.81271888837
Eight-mile Lake,resp14c_only,Respired 14C,7,2.0,4.0,50,intermediate,20807.322265625,20043.294921875,2439.6561519995985,4772.788478770596,2439.6561519995985,4772.788478770596
Eight-mile Lake,resp14c_only,Respired 14C,7,2.0,4.0,100,intermediate,20836.033203125,18630.294921875,4886.3675550079715,9266.119276013307,4886.3675550079715,9266.119276013307
Eight-mile Lake,resp14c_only,Respired 14C,7,2.0,4.0,10,slow,13881.8720703125,13882.2529296875,28.498584853262145,53.327795332844595,28.498584853262145,53.327795332844595
Eight-mile Lake,resp14c_only,Respired 14C,7,2.0,4.0,50,slow,13883.8662109375,13883.9833984375,129.58390971456143,257.6298163297648,129.58390971456143,257.6298163297648
Eight-mile Lake,resp14c_only,Respired 14C,7,2.0,4.0,100,slow,13886.3662109375,13870.8203125,259.3197312480888,514.4853670834647,259.3197312480888,514.4853670834647
Eight-mile Lake,resp14c_only,Respired 14C,8,2.0,4.0,10,fast,16573.412109375,15384.7421875,958.921518253306,1693.488876171492,958.921518253306,1693.488876171492
Eight-mile Lake,resp14c_only,Respired 14C,8,2.0,4.0,50,fast,16521.69140625,11962.0966796875,4364.709032143117,7182.422728458596,4364.709032143117,7182.422728458596
Eight-mile Lake,resp14c_only,Respired 14C,8,2.0,4.0,100,fast,16420.189453125,9943.6044921875,8707.011499988832,12709.40364267259,8707.011499988832,12709.40364267259
Eight-mile Lake,resp14c_only,Respired 14C,8,2.0,4.0,10,intermediate,19452.203125,19404.208984375,541.8839793938964,1010.736695349145,541.8839793938964,1010.736695349145
Eight-mile Lake,resp14c_only,Respired 14C,8,2.0,4.0,50,intermediate,19490.4375,18707.71875,2471.6678941644454,4829.047738374837,2471.6678941644454,4829.047738374837
Eight-mile Lake,resp14c_only,Respired 14C,8,2.0,4.0,100,intermediate,19519.15234375,17280.33203125,4950.852729699327,9351.830678707327,4950.852729699327,9351.830678707327
Eight-mile Lake,resp14c_only,Respired 14C,8,2.0,4.0,10,slow,20427.583984375,20428.109375,37.71118872933275,70.56675106191963,37.71118872933275,70.56675106191963
Eight-mile Lake,resp14c_only,Respired 14C,8,2.0,4.0,50,slow,20430.205078125,20431.095703125,171.4725706163759,340.9118030208692,171.4725706163759,340.9118030208692
Eight-mile Lake,resp14c_only,Respired 14C,8,2.0,4.0,100,slow,20433.49609375,20411.57421875,343.1428313978166,680.8112527773828,343.1428313978166,680.8112527773828
Eight-mile Lake,resp14c_only,Respired 14C,9,2.0,4.0,10,fast,16573.412109375,15384.7421875,958.921518253306,1693.488876171492,958.921518253306,1693.488876171492
Eight-mile Lake,resp14c_only,Respired 14C,9,2.0,4.0,50,fast,16521.69140625,11962.0966796875,4364.709032143117,7182.422728458596,4364.709032143117,7182.422728458596
Eight-mile Lake,resp14c_only,Respired 14C,9,2.0,4.0,100,fast,16420.189453125,9943.6044921875,8707.011499988832,12709.40364267259,8707.011499988832,12709.40364267259
Eight-mile Lake,resp14c_only,Respired 14C,9,2.0,4.0,10,intermediate,19452.203125,19404.208984375,541.8839793938964,1010.736695349145,541.8839793938964,1010.736695349145
Eight-mile Lake,resp14c_only,Respired 14C,9,2.0,4.0,50,intermediate,19490.4375,18707.71875,2471.6678941644454,4829.047738374837,2471.6678941644454,4829.047738374837
Eight-mile Lake,resp14c_only,Respired 14C,9,2.0,4.0,100,intermediate,19519.15234375,17280.33203125,4950.852729699327,9351.830678707327,4950.852729699327,9351.830678707327
Eight-mile Lake,resp14c_only,Respired 14C,9,2.0,4.0,10,slow,20427.583984375,20428.109375,37.71118872933275,70.56675106191963,37.71118872933275,70.56675106191963
Eight-mile Lake,resp14c_only,Respired 14C,9,2.0,4.0,50,slow,20430.205078125,20431.095703125,171.4725706163759,340.9118030208692,171.4725706163759,340.9118030208692
Eight-mile Lake,resp14c_only,Respired 14C,9,2.0,4.0,100,slow,20433.49609375,20411.57421875,343.1428313978166,680.8112527773828,343.1428313978166,680.8112527773828
Eight-mile Lake,resp14c_only,Respired 14C,10,2.0,4.0,10,fast,16015.0361328125,14829.89453125,873.0973288375374,1540.0366310866452,873.0973288375374,1540.0366310866452
Eight-mile Lake,resp14c_only,Respired 14C,10,2.0,4.0,50,fast,15964.462890625,11461.2451171875,3973.8504244719907,6508.058290744785,3973.8504244719907,6508.058290744785
Eight-mile Lake,resp14c_only,Respired 14C,10,2.0,4.0,100,fast,15865.0498046875,9525.3154296875,7926.9455784326665,11494.687945754624,7926.9455784326665,11494.687945754624
Eight-mile Lake,resp14c_only,Respired 14C,10,2.0,4.0,10,intermediate,21178.765625,21122.3828125,629.9273026336787,1174.8800503656428,629.9273026336787,1174.8800503656428
Eight-mile Lake,resp14c_only,Respired 14C,10,2.0,4.0,50,intermediate,21221.92578125,20307.873046875,2873.37892436365,5607.528055005569,2873.37892436365,5607.528055005569
Eight-mile Lake,resp14c_only,Respired 14C,10,2.0,4.0,100,intermediate,21253.607421875,18667.412109375,5755.654213432155,10837.113353298733,5755.654213432155,10837.113353298733
Eight-mile Lake,resp14c_only,Respired 14C,10,2.0,4.0,10,slow,24287.353515625,24287.794921875,33.65028808521099,62.967582676338246,33.65028808521099,62.967582676338246
Eight-mile Lake,resp14c_only,Respired 14C,10,2.0,4.0,50,slow,24289.642578125,24290.318359375,153.00513668823353,304.1907893743014,153.00513668823353,304.1907893743014
Eight-mile Lake,resp14c_only,Respired 14C,10,2.0,4.0,100,slow,24292.5234375,24271.26953125,306.18016228343026,607.4910458810748,306.18016228343026,607.4910458810748
Eight-mile Lake,resp14c_only,Respired 14C,11,2.0,4.0,10,fast,16537.484375,15349.04296875,896.0561867446221,1582.3459059138254,896.0561867446221,1582.3459059138254
Eight-mile Lake,resp14c_only,Respired 14C,11,2.0,4.0,50,fast,16485.84765625,11929.759765625,4078.5519616739157,6709.521031907432,4078.5519616739157,6709.521031907432
Eight-mile Lake,resp14c_only,Respired 14C,11,2.0,4.0,100,fast,16384.486328125,9916.5224609375,8136.145767553907,11871.166176523635,8136.145767553907,11871.166176523635
Eight-mile Lake,resp14c_only,Respired 14C,11,2.0,4.0,10,intermediate,16714.6796875,16661.8359375,611.2716823897999,1139.8865674601088,611.2716823897999,1139.8865674601088
Eight-mile Lake,resp14c_only,Respired 14C,11,2.0,4.0,50,intermediate,16755.958984375,15910.509765625,2788.957824975703,5427.294688620111,2788.957824975703,5427.294688620111
Eight-mile Lake,resp14c_only,Respired 14C,11,2.0,4.0,100,intermediate,16785.26171875,14430.1123046875,5587.70307411683,10432.894106224827,5587.70307411683,10432.894106224827
Eight-mile Lake,resp14c_only,Respired 14C,11,2.0,4.0,10,slow,20621.720703125,20622.130859375,30.066127344015033,56.26082999216956,30.066127344015033,56.26082999216956
Eight-mile Lake,resp14c_only,Respired 14C,11,2.0,4.0,50,slow,20623.765625,20624.0625,136.70858106156237,271.79192517521096,136.70858106156237,271.79192517521096
Eight-mile Lake,resp14c_only,Respired 14C,11,2.0,4.0,100,slow,20626.32421875,20603.607421875,273.5697564458206,542.7617203278438,273.5697564458206,542.7617203278438
Eight-mile Lake,stocks_soil14c,Stocks + Soil 14C,0,2.0,4.0,10,fast,21431.4921875,20219.453125,1136.4582036659463,2023.1941669683506,1136.4582036659463,2023.1941669683506
Eight-mile Lake,stocks_soil14c,Stocks + Soil 14C,0,2.0,4.0,50,fast,21371.27734375,16418.81640625,5174.770618044149,8798.063940363518,5174.770618044149,8798.063940363518
Eight-mile Lake,stocks_soil14c,Stocks + Soil 14C,0,2.0,4.0,100,fast,21254.77734375,13767.0927734375,10326.629348051525,15804.691065930467,10326.629348051525,15804.691065930467
Eight-mile Lake,stocks_soil14c,Stocks + Soil 14C,0,2.0,4.0,10,intermediate,7849.63916015625,7822.31005859375,389.70057901825885,726.6145080967897,389.70057901825885,726.6145080967897
Eight-mile Lake,stocks_soil14c,Stocks + Soil 14C,0,2.0,4.0,50,intermediate,7876.974609375,7450.06591796875,1779.011872986226,3457.0148575211288,1779.011872986226,3457.0148575211288
Eight-mile Lake,stocks_soil14c,Stocks + Soil 14C,0,2.0,4.0,100,intermediate,7896.474609375,6702.068359375,3566.1052672544292,6627.710629524717,3566.1052672544292,6627.710629524717
Eight-mile Lake,stocks_soil14c,Stocks + Soil 14C,0,2.0,4.0,10,slow,11611.57421875,11611.8232421875,17.72255323996918,33.16311036283769,17.72255323996918,33.16311036283769
Eight-mile Lake,stocks_soil14c,Stocks + Soil 14C,0,2.0,4.0,50,slow,11612.78515625,11612.6103515625,80.58341789459898,160.20802853772966,80.58341789459898,160.20802853772966
Eight-mile Lake,stocks_soil14c,Stocks + Soil 14C,0,2.0,4.0,100,slow,11614.3173828125,11599.603515625,161.25733758757787,319.9166541688611,161.25733758757787,319.9166541688611
Eight-mile Lake,stocks_soil14c,Stocks + Soil 14C,1,2.0,4.0,10,fast,21431.4921875,20219.453125,1136.4582036659463,2023.1941669683506,1136.4582036659463,2023.1941669683506
Eight-mile Lake,stocks_soil14c,Stocks + Soil 14C,1,2.0,4.0,50,fast,21371.27734375,16418.81640625,5174.770618044149,8798.063940363518,5174.770618044149,8798.063940363518
Eight-mile Lake,stocks_soil14c,Stocks + Soil 14C,1,2.0,4.0,100,fast,21254.77734375,13767.0927734375,10326.629348051525,15804.691065930467,10326.629348051525,15804.691065930467
Eight-mile Lake,stocks_soil14c,Stocks + Soil 14C,1,2.0,4.0,10,intermediate,7849.63916015625,7822.31005859375,389.70057901825885,726.6145080967897,389.70057901825885,726.6145080967897
Eight-mile Lake,stocks_soil14c,Stocks + Soil 14C,1,2.0,4.0,50,intermediate,7876.974609375,7450.06591796875,1779.011872986226,3457.0148575211288,1779.011872986226,3457.0148575211288
Eight-mile Lake,stocks_soil14c,Stocks + Soil 14C,1,2.0,4.0,100,intermediate,7896.474609375,6702.068359375,3566.1052672544292,6627.710629524717,3566.1052672544292,6627.710629524717
Eight-mile Lake,stocks_soil14c,Stocks + Soil 14C,1,2.0,4.0,10,slow,11611.57421875,11611.8232421875,17.72255323996918,33.16311036283769,17.72255323996918,33.16311036283769
Eight-mile Lake,stocks_soil14c,Stocks + Soil 14C,1,2.0,4.0,50,slow,11612.78515625,11612.6103515625,80.58341789459898,160.20802853772966,80.58341789459898,160.20802853772966
Eight-mile Lake,stocks_soil14c,Stocks + Soil 14C,1,2.0,4.0,100,slow,11614.3173828125,11599.603515625,161.25733758757787,319.9166541688611,161.25733758757787,319.9166541688611
Eight-mile Lake,stocks_soil14c,Stocks + Soil 14C,2,2.0,4.0,10,fast,21431.4921875,20219.453125,1136.4582036659463,2023.1941669683506,1136.4582036659463,2023.1941669683506
Eight-mile Lake,stocks_soil14c,Stocks + Soil 14C,2,2.0,4.0,50,fast,21371.27734375,16418.81640625,5174.770618044149,8798.063940363518,5174.770618044149,8798.063940363518
Eight-mile Lake,stocks_soil14c,Stocks + Soil 14C,2,2.0,4.0,100,fast,21254.77734375,13767.0927734375,10326.629348051525,15804.691065930467,10326.629348051525,15804.691065930467
Eight-mile Lake,stocks_soil14c,Stocks + Soil 14C,2,2.0,4.0,10,intermediate,7849.63916015625,7822.31005859375,389.70057901825885,726.6145080967897,389.70057901825885,726.6145080967897
Eight-mile Lake,stocks_soil14c,Stocks + Soil 14C,2,2.0,4.0,50,intermediate,7876.974609375,7450.06591796875,1779.011872986226,3457.0148575211288,1779.011872986226,3457.0148575211288
Eight-mile Lake,stocks_soil14c,Stocks + Soil 14C,2,2.0,4.0,100,intermediate,7896.474609375,6702.068359375,3566.1052672544292,6627.710629524717,3566.1052672544292,6627.710629524717
Eight-mile Lake,stocks_soil14c,Stocks + Soil 14C,2,2.0,4.0,10,slow,11611.57421875,11611.8232421875,17.72255323996918,33.16311036283769,17.72255323996918,33.16311036283769
Eight-mile Lake,stocks_soil14c,Stocks + Soil 14C,2,2.0,4.0,50,slow,11612.78515625,11612.6103515625,80.58341789459898,160.20802853772966,80.58341789459898,160.20802853772966
Eight-mile Lake,stocks_soil14c,Stocks + Soil 14C,2,2.0,4.0,100,slow,11614.3173828125,11599.603515625,161.25733758757787,319.9166541688611,161.25733758757787,319.9166541688611
Eight-mile Lake,stocks_soil14c,Stocks + Soil 14C,3,2.0,4.0,10,fast,21335.123046875,20123.47265625,1175.209511626169,2091.9213521878455,1175.209511626169,2091.9213521878455
Eight-mile Lake,stocks_soil14c,Stocks + Soil 14C,3,2.0,4.0,50,fast,21275.03515625,16329.056640625,5351.186868129658,9093.257248725451,5351.186868129658,9093.257248725451
Eight-mile Lake,stocks_soil14c,Stocks + Soil 14C,3,2.0,4.0,100,fast,21158.796875,13688.505859375,10678.61312392629,16330.490492108263,10678.61312392629,16330.490492108263
Eight-mile Lake,stocks_soil14c,Stocks + Soil 14C,3,2.0,4.0,10,intermediate,8038.404296875,8013.4921875,354.9105892850991,661.8367399037353,354.9105892850991,661.8367399037353
Eight-mile Lake,stocks_soil14c,Stocks + Soil 14C,3,2.0,4.0,50,intermediate,8063.58544921875,7668.552734375,1619.8666053288662,3154.225052202766,1619.8666053288662,3154.225052202766
Eight-mile Lake,stocks_soil14c,Stocks + Soil 14C,3,2.0,4.0,100,intermediate,8082.2001953125,6959.34423828125,3246.580650445241,6069.005282621323,3246.580650445241,6069.005282621323
Eight-mile Lake,stocks_soil14c,Stocks + Soil 14C,3,2.0,4.0,10,slow,11469.904296875,11470.1083984375,14.622290438202317,27.361731361449674,14.622290438202317,27.361731361449674
Eight-mile Lake,stocks_soil14c,Stocks + Soil 14C,3,2.0,4.0,50,slow,11470.8896484375,11471.216796875,66.4860969071047,132.18152364757466,66.4860969071047,132.18152364757466
Eight-mile Lake,stocks_soil14c,Stocks + Soil 14C,3,2.0,4.0,100,slow,11472.140625,11461.5830078125,133.0453497666091,263.9725471103613,133.0453497666091,263.9725471103613
Eight-mile Lake,stocks_soil14c,Stocks + Soil 14C,4,2.0,4.0,10,fast,21359.71875,20147.966796875,1212.8910873436962,2159.064692200547,1212.8910873436962,2159.064692200547
Eight-mile Lake,stocks_soil14c,Stocks + Soil 14C,4,2.0,4.0,50,fast,21299.599609375,16351.9326171875,5522.77619867638,9386.081564879874,5522.77619867638,9386.081564879874
Eight-mile Lake,stocks_soil14c,Stocks + Soil 14C,4,2.0,4.0,100,fast,21183.291015625,13708.4814453125,11021.048471670221,16857.533320939518,11021.048471670221,16857.533320939518
Eight-mile Lake,stocks_soil14c,Stocks + Soil 14C,4,2.0,4.0,10,intermediate,8038.30615234375,8015.85400390625,318.2167181030567,593.4743209266684,318.2167181030567,593.4743209266684
Eight-mile Lake,stocks_soil14c,Stocks + Soil 14C,4,2.0,4.0,50,intermediate,8061.3173828125,7701.28076171875,1452.1670531565037,2832.4456508671683,1452.1670531565037,2832.4456508671683
Eight-mile Lake,stocks_soil14c,Stocks + Soil 14C,4,2.0,4.0,100,intermediate,8078.7900390625,7041.8515625,2910.110417417251,5466.53329529274,2910.110417417251,5466.53329529274
Eight-mile Lake,stocks_soil14c,Stocks + Soil 14C,4,2.0,4.0,10,slow,11761.560546875,11761.7646484375,14.446883414851289,27.03349679155856,14.446883414851289,27.03349679155856
Eight-mile Lake,stocks_soil14c,Stocks + Soil 14C,4,2.0,4.0,50,slow,11762.5302734375,11763.111328125,65.68842947142338,130.5958698166446,65.68842947142338,130.5958698166446
Eight-mile Lake,stocks_soil14c,Stocks + Soil 14C,4,2.0,4.0,100,slow,11763.7568359375,11754.7900390625,131.4488260878052,260.8162813110632,131.4488260878052,260.8162813110632
Eight-mile Lake,stocks_soil14c,Stocks + Soil 14C,5,2.0,4.0,10,fast,21359.71875,20147.966796875,1212.8910873436962,2159.064692200547,1212.8910873436962,2159.064692200547
Eight-mile Lake,stocks_soil14c,Stocks + Soil 14C,5,2.0,4.0,50,fast,21299.599609375,16351.9326171875,5522.77619867638,9386.081564879874,5522.77619867638,9386.081564879874
Eight-mile Lake,stocks_soil14c,Stocks + Soil 14C,5,2.0,4.0,100,fast,21183.291015625,13708.4814453125,11021.048471670221,16857.533320939518,11021.048471670221,16857.533320939518
Eight-mile Lake,stocks_soil14c,Stocks + Soil 14C,5,2.0,4.0,10,intermediate,8038.30615234375,8015.85400390625,318.2167181030567,593.4743209266684,318.2167181030567,593.4743209266684
Eight-mile Lake,stocks_soil14c,Stocks + Soil 14C,5,2.0,4.0,50,intermediate,8061.3173828125,7701.28076171875,1452.1670531565037,2832.4456508671683,1452.1670531565037,2832.4456508671683
Eight-mile Lake,stocks_soil14c,Stocks + Soil 14C,5,2.0,4.0,100,intermediate,8078.7900390625,7041.8515625,2910.110417417251,5466.53329529274,2910.110417417251,5466.53329529274
Eight-mile Lake,stocks_soil14c,Stocks + Soil 14C,5,2.0,4.0,10,slow,11761.560546875,11761.7646484375,14.446883414851289,27.03349679155856,14.446883414851289,27.03349679155856
Eight-mile Lake,stocks_soil14c,Stocks + Soil 14C,5,2.0,4.0,50,slow,11762.5302734375,11763.111328125,65.68842947142338,130.5958698166446,65.68842947142338,130.5958698166446
Eight-mile Lake,stocks_soil14c,Stocks + Soil 14C,5,2.0,4.0,100,slow,11763.7568359375,11754.7900390625,131.4488260878052,260.8162813110632,131.4488260878052,260.8162813110632
Eight-mile Lake,stocks_soil14c,Stocks + Soil 14C,6,2.0,4.0,10,fast,21238.3046875,20026.978515625,1161.0643333982403,2066.4789816926686,1161.0643333982403,2066.4789816926686
Eight-mile Lake,stocks_soil14c,Stocks + Soil 14C,6,2.0,4.0,50,fast,21178.365234375,16238.6806640625,5286.743072684842,8978.931171112494,5286.743072684842,8978.931171112494
Eight-mile Lake,stocks_soil14c,Stocks + Soil 14C,6,2.0,4.0,100,fast,21062.3515625,13609.451171875,10549.943207349079,16120.654070774392,10549.943207349079,16120.654070774392
Eight-mile Lake,stocks_soil14c,Stocks + Soil 14C,6,2.0,4.0,10,intermediate,7906.42578125,7880.5166015625,367.1190873586702,684.5600348805951,367.1190873586702,684.5600348805951
Eight-mile Lake,stocks_soil14c,Stocks + Soil 14C,6,2.0,4.0,50,intermediate,7932.3486328125,7524.05029296875,1675.7291756861534,3259.82393865419,1675.7291756861534,3259.82393865419
Eight-mile Lake,stocks_soil14c,Stocks + Soil 14C,6,2.0,4.0,100,intermediate,7951.21044921875,6799.517578125,3358.7617586885585,6261.3319330814265,3358.7617586885585,6261.3319330814265
Eight-mile Lake,stocks_soil14c,Stocks + Soil 14C,6,2.0,4.0,10,slow,11828.27734375,11828.494140625,16.211107997623067,30.334790212748963,16.211107997623067,30.334790212748963
Eight-mile Lake,stocks_soil14c,Stocks + Soil 14C,6,2.0,4.0,50,slow,11829.373046875,11829.4423828125,73.7105382905894,146.54402966006708,73.7105382905894,146.54402966006708
Eight-mile Lake,stocks_soil14c,Stocks + Soil 14C,6,2.0,4.0,100,slow,11830.755859375,11818.1357421875,147.5027762866714,292.64390066285887,147.5027762866714,292.64390066285887
Eight-mile Lake,stocks_soil14c,Stocks + Soil 14C,7,2.0,4.0,10,fast,21231.693359375,20020.3984375,1135.9788889427382,2021.8140598403477,1135.9788889427382,2021.8140598403477
Eight-mile Lake,stocks_soil14c,Stocks + Soil 14C,7,2.0,4.0,50,fast,21171.763671875,16232.533203125,5172.517268138505,8784.615577098026,5172.517268138505,8784.615577098026
Eight-mile Lake,stocks_soil14c,Stocks + Soil 14C,7,2.0,4.0,100,fast,21055.76171875,13604.064453125,10321.995470405202,15771.48096161251,10321.995470405202,15771.48096161251
Eight-mile Lake,stocks_soil14c,Stocks + Soil 14C,7,2.0,4.0,10,intermediate,7946.61083984375,7919.06005859375,391.55437573141404,730.0748532961638,391.55437573141404,730.0748532961638
Eight-mile Lake,stocks_soil14c,Stocks + Soil 14C,7,2.0,4.0,50,intermediate,7973.95849609375,7542.88232421875,1787.4331970036442,3473.5691454731636,1787.4331970036442,3473.5691454731636
Eight-mile Lake,stocks_soil14c,Stocks + Soil 14C,7,2.0,4.0,100,intermediate,7993.48291015625,6787.16015625,3582.9135913506407,6659.99836342486,3582.9135913506407,6659.99836342486
Eight-mile Lake,stocks_soil14c,Stocks + Soil 14C,7,2.0,4.0,10,slow,11615.1787109375,11615.3994140625,16.324754340694245,30.547459486041703,16.324754340694245,30.547459486041703
Eight-mile Lake,stocks_soil14c,Stocks + Soil 14C,7,2.0,4.0,50,slow,11616.287109375,11616.228515625,74.22737261693197,147.5713481497794,74.22737261693197,147.5713481497794
Eight-mile Lake,stocks_soil14c,Stocks + Soil 14C,7,2.0,4.0,100,slow,11617.6865234375,11604.23046875,148.53728576054783,294.6888671627938,148.53728576054783,294.6888671627938
Eight-mile Lake,stocks_soil14c,Stocks + Soil 14C,8,2.0,4.0,10,fast,21231.693359375,20020.3984375,1135.9788889427382,2021.8140598403477,1135.9788889427382,2021.8140598403477
Eight-mile Lake,stocks_soil14c,Stocks + Soil 14C,8,2.0,4.0,50,fast,21171.763671875,16232.533203125,5172.517268138505,8784.615577098026,5172.517268138505,8784.615577098026
Eight-mile Lake,stocks_soil14c,Stocks + Soil 14C,8,2.0,4.0,100,fast,21055.76171875,13604.064453125,10321.995470405202,15771.48096161251,10321.995470405202,15771.48096161251
Eight-mile Lake,stocks_soil14c,Stocks + Soil 14C,8,2.0,4.0,10,intermediate,7946.61083984375,7919.06005859375,391.55437573141404,730.0748532961638,391.55437573141404,730.0748532961638
Eight-mile Lake,stocks_soil14c,Stocks + Soil 14C,8,2.0,4.0,50,intermediate,7973.95849609375,7542.88232421875,1787.4331970036442,3473.5691454731636,1787.4331970036442,3473.5691454731636
Eight-mile Lake,stocks_soil14c,Stocks + Soil 14C,8,2.0,4.0,100,intermediate,7993.48291015625,6787.16015625,3582.9135913506407,6659.99836342486,3582.9135913506407,6659.99836342486
Eight-mile Lake,stocks_soil14c,Stocks + Soil 14C,8,2.0,4.0,10,slow,11615.1787109375,11615.3994140625,16.324754340694245,30.547459486041703,16.324754340694245,30.547459486041703
Eight-mile Lake,stocks_soil14c,Stocks + Soil 14C,8,2.0,4.0,50,slow,11616.287109375,11616.228515625,74.22737261693197,147.5713481497794,74.22737261693197,147.5713481497794
Eight-mile Lake,stocks_soil14c,Stocks + Soil 14C,8,2.0,4.0,100,slow,11617.6865234375,11604.23046875,148.53728576054783,294.6888671627938,148.53728576054783,294.6888671627938
Eight-mile Lake,stocks_soil14c,Stocks + Soil 14C,9,2.0,4.0,10,fast,21285.57421875,20074.099609375,1173.9598798574732,2089.5615547244934,1173.9598798574732,2089.5615547244934
Eight-mile Lake,stocks_soil14c,Stocks + Soil 14C,9,2.0,4.0,50,fast,21225.548828125,16282.7763671875,5345.476718175634,9081.062564585005,5345.476718175634,9081.062564585005
Eight-mile Lake,stocks_soil14c,Stocks + Soil 14C,9,2.0,4.0,100,fast,21109.431640625,13648.0078125,10667.181723363588,16306.253932366399,10667.181723363588,16306.253932366399
Eight-mile Lake,stocks_soil14c,Stocks + Soil 14C,9,2.0,4.0,10,intermediate,7973.048828125,7948.01318359375,352.01724579823167,656.4319171704271,352.01724579823167,656.4319171704271
Eight-mile Lake,stocks_soil14c,Stocks + Soil 14C,9,2.0,4.0,50,intermediate,7998.2802734375,7601.7998046875,1606.6892801855388,3127.8530211590078,1606.6892801855388,3127.8530211590078
Eight-mile Lake,stocks_soil14c,Stocks + Soil 14C,9,2.0,4.0,100,intermediate,8016.82177734375,6892.0263671875,3220.211853132777,6015.832051261945,3220.211853132777,6015.832051261945
Eight-mile Lake,stocks_soil14c,Stocks + Soil 14C,9,2.0,4.0,10,slow,11337.7861328125,11338.0517578125,18.65122050994847,34.90090306044713,18.65122050994847,34.90090306044713
Eight-mile Lake,stocks_soil14c,Stocks + Soil 14C,9,2.0,4.0,50,slow,11339.0771484375,11339.0830078125,84.80637890093763,168.60478915314576,84.80637890093763,168.60478915314576
Eight-mile Lake,stocks_soil14c,Stocks + Soil 14C,9,2.0,4.0,100,slow,11340.7080078125,11326.7392578125,169.70903767927797,336.6889182665077,169.70903767927797,336.6889182665077
Eight-mile Lake,stocks_soil14c,Stocks + Soil 14C,10,2.0,4.0,10,fast,21432.3359375,20220.296875,1178.8693721873476,2098.69957803018,1178.8693721873476,2098.69957803018
Eight-mile Lake,stocks_soil14c,Stocks + Soil 14C,10,2.0,4.0,50,fast,21372.119140625,16419.6015625,5367.886543665735,9126.437602264064,5367.886543665735,9126.437602264064
Eight-mile Lake,stocks_soil14c,Stocks + Soil 14C,10,2.0,4.0,100,fast,21255.6171875,13767.7880859375,10712.006612766372,16394.618241848082,10712.006612766372,16394.618241848082
Eight-mile Lake,stocks_soil14c,Stocks + Soil 14C,10,2.0,4.0,10,intermediate,8009.0498046875,7984.46142578125,346.11258807335054,645.4373008258199,346.11258807335054,645.4373008258199
Eight-mile Lake,stocks_soil14c,Stocks + Soil 14C,10,2.0,4.0,50,intermediate,8034.0322265625,7643.85693359375,1579.697733079539,3076.5236292538993,1579.697733079539,3076.5236292538993
Eight-mile Lake,stocks_soil14c,Stocks + Soil 14C,10,2.0,4.0,100,intermediate,8052.58544921875,6941.8671875,3166.06033733445,5921.266328551439,3166.06033733445,5921.266328551439
Eight-mile Lake,stocks_soil14c,Stocks + Soil 14C,10,2.0,4.0,10,slow,11301.4921875,11301.7490234375,19.757214383806044,36.97046842163907,19.757214383806044,36.97046842163907
Eight-mile Lake,stocks_soil14c,Stocks + Soil 14C,10,2.0,4.0,50,slow,11302.890625,11302.8388671875,89.83576058010708,178.6035842661667,89.83576058010708,178.6035842661667
Eight-mile Lake,stocks_soil14c,Stocks + Soil 14C,10,2.0,4.0,100,slow,11304.650390625,11290.0751953125,179.7745841570908,356.65377576154776,179.7745841570908,356.65377576154776
Eight-mile Lake,stocks_soil14c,Stocks + Soil 14C,11,2.0,4.0,10,fast,21365.158203125,20153.384765625,1169.8866564744296,2082.527139576775,1169.8866564744296,2082.527139576775
Eight-mile Lake,stocks_soil14c,Stocks + Soil 14C,11,2.0,4.0,50,fast,21305.033203125,16356.984375,5326.961808723132,9053.55356195906,5326.961808723132,9053.55356195906
Eight-mile Lake,stocks_soil14c,Stocks + Soil 14C,11,2.0,4.0,100,fast,21188.70703125,13712.892578125,10630.291524146352,16260.55057946541,10630.291524146352,16260.55057946541
Eight-mile Lake,stocks_soil14c,Stocks + Soil 14C,11,2.0,4.0,10,intermediate,7898.470703125,7873.24755859375,350.578346267971,653.7364041110438,350.578346267971,653.7364041110438
Eight-mile Lake,stocks_soil14c,Stocks + Soil 14C,11,2.0,4.0,50,intermediate,7923.91064453125,7525.41650390625,1600.174268569866,3114.292468438808,1600.174268569866,3114.292468438808
Eight-mile Lake,stocks_soil14c,Stocks + Soil 14C,11,2.0,4.0,100,intermediate,7942.560546875,6814.255859375,3207.240440671728,5986.740457722955,3207.240440671728,5986.740457722955
Eight-mile Lake,stocks_soil14c,Stocks + Soil 14C,11,2.0,4.0,10,slow,11079.3662109375,11079.6943359375,23.989097009786022,44.88949682756114,23.989097009786022,44.88949682756114
Eight-mile Lake,stocks_soil14c,Stocks + Soil 14C,11,2.0,4.0,50,slow,11081.046875,11080.388671875,109.07956658061141,216.86277959069923,109.07956658061141,216.86277959069923
Eight-mile Lake,stocks_soil14c,Stocks + Soil 14C,11,2.0,4.0,100,slow,11083.166015625,11064.3232421875,218.2881812689389,433.0167503206488,218.2881812689389,433.0167503206488
Eight-mile Lake,stocks_resp14c,Stocks + Respired 14C,0,2.0,4.0,10,fast,19046.255859375,17844.25,1137.5974044257578,2018.2513208469363,1137.5974044257578,2018.2513208469363
Eight-mile Lake,stocks_resp14c,Stocks + Respired 14C,0,2.0,4.0,50,fast,18989.67578125,14210.8759765625,5179.050532582067,8680.37706895413,5179.050532582067,8680.37706895413
Eight-mile Lake,stocks_resp14c,Stocks + Respired 14C,0,2.0,4.0,100,fast,18879.931640625,11851.669921875,10333.43626256086,15482.856175820663,10333.43626256086,15482.856175820663
Eight-mile Lake,stocks_resp14c,Stocks + Respired 14C,0,2.0,4.0,10,intermediate,9919.095703125,9889.16015625,385.19736829344606,718.3391266067072,385.19736829344606,718.3391266067072
Eight-mile Lake,stocks_resp14c,Stocks + Respired 14C,0,2.0,4.0,50,intermediate,9946.2705078125,9467.1123046875,1757.7278197070711,3423.71069728525,1757.7278197070711,3423.71069728525
Eight-mile Lake,stocks_resp14c,Stocks + Respired 14C,0,2.0,4.0,100,intermediate,9966.2646484375,8608.9755859375,3522.163863496371,6591.2463891323905,3522.163863496371,6591.2463891323905
Eight-mile Lake,stocks_resp14c,Stocks + Respired 14C,0,2.0,4.0,10,slow,13280.669921875,13280.9287109375,20.506306778563744,38.37213936847717,20.506306778563744,38.37213936847717
Eight-mile Lake,stocks_resp14c,Stocks + Respired 14C,0,2.0,4.0,50,slow,13282.138671875,13281.9765625,93.2412643562005,185.37253089290238,93.2412643562005,185.37253089290238
Eight-mile Lake,stocks_resp14c,Stocks + Respired 14C,0,2.0,4.0,100,slow,13283.9931640625,13268.849609375,186.58799726817716,370.17929948611663,186.58799726817716,370.17929948611663
Eight-mile Lake,stocks_resp14c,Stocks + Respired 14C,1,2.0,4.0,10,fast,18660.462890625,17460.30078125,1119.19759021292,1984.3410410332076,1119.19759021292,1984.3410410332076
Eight-mile Lake,stocks_resp14c,Stocks + Respired 14C,1,2.0,4.0,50,fast,18604.56640625,13857.04296875,5095.126804638023,8517.56425577272,5095.126804638023,8517.56425577272
Eight-mile Lake,stocks_resp14c,Stocks + Respired 14C,1,2.0,4.0,100,fast,18496.025390625,11548.39453125,10165.704402009082,15174.139341164668,10165.704402009082,15174.139341164668
Eight-mile Lake,stocks_resp14c,Stocks + Respired 14C,1,2.0,4.0,10,intermediate,11547.0654296875,11515.203125,404.3490519473344,754.1225462426603,404.3490519473344,754.1225462426603
Eight-mile Lake,stocks_resp14c,Stocks + Respired 14C,1,2.0,4.0,50,intermediate,11575.6220703125,11061.4990234375,1844.843519002552,3598.6221146104635,1844.843519002552,3598.6221146104635
Eight-mile Lake,stocks_resp14c,Stocks + Respired 14C,1,2.0,4.0,100,intermediate,11597.0048828125,10127.435546875,3696.256788766428,6946.662150445813,3696.256788766428,6946.662150445813
Eight-mile Lake,stocks_resp14c,Stocks + Respired 14C,1,2.0,4.0,10,slow,12775.06640625,12775.326171875,19.276404958441677,36.070714014927276,19.276404958441677,36.070714014927276
Eight-mile Lake,stocks_resp14c,Stocks + Respired 14C,1,2.0,4.0,50,slow,12776.4326171875,12776.6318359375,87.64879670284652,174.25550141008455,87.64879670284652,174.25550141008455
Eight-mile Lake,stocks_resp14c,Stocks + Respired 14C,1,2.0,4.0,100,slow,12778.1416015625,12765.2724609375,175.39627339284613,347.99003327867115,175.39627339284613,347.99003327867115
Eight-mile Lake,stocks_resp14c,Stocks + Respired 14C,2,2.0,4.0,10,fast,18660.462890625,17460.30078125,1119.19759021292,1984.3410410332076,1119.19759021292,1984.3410410332076
Eight-mile Lake,stocks_resp14c,Stocks + Respired 14C,2,2.0,4.0,50,fast,18604.56640625,13857.04296875,5095.126804638023,8517.56425577272,5095.126804638023,8517.56425577272
Eight-mile Lake,stocks_resp14c,Stocks + Respired 14C,2,2.0,4.0,100,fast,18496.025390625,11548.39453125,10165.704402009082,15174.139341164668,10165.704402009082,15174.139341164668
Eight-mile Lake,stocks_resp14c,Stocks + Respired 14C,2,2.0,4.0,10,intermediate,11547.0654296875,11515.203125,404.3490519473344,754.1225462426603,404.3490519473344,754.1225462426603
Eight-mile Lake,stocks_resp14c,Stocks + Respired 14C,2,2.0,4.0,50,intermediate,11575.6220703125,11061.4990234375,1844.843519002552,3598.6221146104635,1844.843519002552,3598.6221146104635
Eight-mile Lake,stocks_resp14c,Stocks + Respired 14C,2,2.0,4.0,100,intermediate,11597.0048828125,10127.435546875,3696.256788766428,6946.662150445813,3696.256788766428,6946.662150445813
Eight-mile Lake,stocks_resp14c,Stocks + Respired 14C,2,2.0,4.0,10,slow,12775.06640625,12775.326171875,19.276404958441677,36.070714014927276,19.276404958441677,36.070714014927276
Eight-mile Lake,stocks_resp14c,Stocks + Respired 14C,2,2.0,4.0,50,slow,12776.4326171875,12776.6318359375,87.64879670284652,174.25550141008455,87.64879670284652,174.25550141008455
Eight-mile Lake,stocks_resp14c,Stocks + Respired 14C,2,2.0,4.0,100,slow,12778.1416015625,12765.2724609375,175.39627339284613,347.99003327867115,175.39627339284613,347.99003327867115
Eight-mile Lake,stocks_resp14c,Stocks + Respired 14C,3,2.0,4.0,10,fast,18759.44921875,17558.796875,1142.2626976086412,2025.5714081851947,1142.2626976086412,2025.5714081851947
Eight-mile Lake,stocks_resp14c,Stocks + Respired 14C,3,2.0,4.0,50,fast,18703.36328125,13947.716796875,5200.17137251221,8699.037579715592,5200.17137251221,8699.037579715592
Eight-mile Lake,stocks_resp14c,Stocks + Respired 14C,3,2.0,4.0,100,fast,18594.53125,11626.001953125,10375.362036915478,15502.239435372445,10375.362036915478,15502.239435372445
Eight-mile Lake,stocks_resp14c,Stocks + Respired 14C,3,2.0,4.0,10,intermediate,11515.365234375,11485.318359375,379.78133996319946,708.3404793202332,379.78133996319946,708.3404793202332
Eight-mile Lake,stocks_resp14c,Stocks + Respired 14C,3,2.0,4.0,50,intermediate,11542.6181640625,11055.109375,1732.6487058980547,3382.6191177305946,1732.6487058980547,3382.6191177305946
Eight-mile Lake,stocks_resp14c,Stocks + Respired 14C,3,2.0,4.0,100,intermediate,11563.2646484375,10160.791015625,3471.294173358284,6539.916775215114,3471.294173358284,6539.916775215114
Eight-mile Lake,stocks_resp14c,Stocks + Respired 14C,3,2.0,4.0,10,slow,11828.5166015625,11828.78515625,21.249782824142233,39.76342457259271,21.249782824142233,39.76342457259271
Eight-mile Lake,stocks_resp14c,Stocks + Respired 14C,3,2.0,4.0,50,slow,11830.046875,11830.166015625,96.62270065333703,192.0972550973407,96.62270065333703,192.0972550973407
Eight-mile Lake,stocks_resp14c,Stocks + Respired 14C,3,2.0,4.0,100,slow,11831.96484375,11818.48828125,193.35692824279613,383.6134606439143,193.35692824279613,383.6134606439143
Eight-mile Lake,stocks_resp14c,Stocks + Respired 14C,4,2.0,4.0,10,fast,18759.44921875,17558.796875,1142.2626976086412,2025.5714081851947,1142.2626976086412,2025.5714081851947
Eight-mile Lake,stocks_resp14c,Stocks + Respired 14C,4,2.0,4.0,50,fast,18703.36328125,13947.716796875,5200.17137251221,8699.037579715592,5200.17137251221,8699.037579715592
Eight-mile Lake,stocks_resp14c,Stocks + Respired 14C,4,2.0,4.0,100,fast,18594.53125,11626.001953125,10375.362036915478,15502.239435372445,10375.362036915478,15502.239435372445
Eight-mile Lake,stocks_resp14c,Stocks + Respired 14C,4,2.0,4.0,10,intermediate,11515.365234375,11485.318359375,379.78133996319946,708.3404793202332,379.78133996319946,708.3404793202332
Eight-mile Lake,stocks_resp14c,Stocks + Respired 14C,4,2.0,4.0,50,intermediate,11542.6181640625,11055.109375,1732.6487058980547,3382.6191177305946,1732.6487058980547,3382.6191177305946
Eight-mile Lake,stocks_resp14c,Stocks + Respired 14C,4,2.0,4.0,100,intermediate,11563.2646484375,10160.791015625,3471.294173358284,6539.916775215114,3471.294173358284,6539.916775215114
Eight-mile Lake,stocks_resp14c,Stocks + Respired 14C,4,2.0,4.0,10,slow,11828.5166015625,11828.78515625,21.249782824142233,39.76342457259271,21.249782824142233,39.76342457259271
Eight-mile Lake,stocks_resp14c,Stocks + Respired 14C,4,2.0,4.0,50,slow,11830.046875,11830.166015625,96.62270065333703,192.0972550973407,96.62270065333703,192.0972550973407
Eight-mile Lake,stocks_resp14c,Stocks + Respired 14C,4,2.0,4.0,100,slow,11831.96484375,11818.48828125,193.35692824279613,383.6134606439143,193.35692824279613,383.6134606439143
Eight-mile Lake,stocks_resp14c,Stocks + Respired 14C,5,2.0,4.0,10,fast,18828.3828125,17627.419921875,1175.0096367268363,2083.8810805105722,1175.0096367268363,2083.8810805105722
Eight-mile Lake,stocks_resp14c,Stocks + Respired 14C,5,2.0,4.0,50,fast,18772.19140625,14010.9462890625,5349.282350468298,8952.663524011752,5349.282350468298,8952.663524011752
Eight-mile Lake,stocks_resp14c,Stocks + Respired 14C,5,2.0,4.0,100,fast,18663.134765625,11680.20703125,10672.923172548672,15957.681108909652,10672.923172548672,15957.681108909652
Eight-mile Lake,stocks_resp14c,Stocks + Respired 14C,5,2.0,4.0,10,intermediate,12217.3671875,12189.755859375,350.8013169390032,654.3697787817393,350.8013169390032,654.3697787817393
Eight-mile Lake,stocks_resp14c,Stocks + Respired 14C,5,2.0,4.0,50,intermediate,12242.7373046875,11789.310546875,1600.1757072768407,3130.2285489629776,1600.1757072768407,3130.2285489629776
Eight-mile Lake,stocks_resp14c,Stocks + Respired 14C,5,2.0,4.0,100,intermediate,12262.6005859375,10938.9423828125,3205.452395649798,6074.8703178795095,3205.452395649798,6074.8703178795095
Eight-mile Lake,stocks_resp14c,Stocks + Respired 14C,5,2.0,4.0,10,slow,10768.7041015625,10768.9609375,18.24180520532669,34.134794840933914,18.24180520532669,34.134794840933914
Eight-mile Lake,stocks_resp14c,Stocks + Respired 14C,5,2.0,4.0,50,slow,10769.9599609375,10770.693359375,82.94490910878127,164.90624180698723,82.94490910878127,164.90624180698723
Eight-mile Lake,stocks_resp14c,Stocks + Respired 14C,5,2.0,4.0,100,slow,10771.546875,10762.0927734375,165.98425755171309,329.3365445316469,165.98425755171309,329.3365445316469
Eight-mile Lake,stocks_resp14c,Stocks + Respired 14C,6,2.0,4.0,10,fast,19043.46484375,17841.47265625,1180.0804061930148,2093.612698339947,1180.0804061930148,2093.612698339947
Eight-mile Lake,stocks_resp14c,Stocks + Respired 14C,6,2.0,4.0,50,fast,18986.88671875,14208.3125,5372.458166285259,9004.37017975614,5372.458166285259,9004.37017975614
Eight-mile Lake,stocks_resp14c,Stocks + Respired 14C,6,2.0,4.0,100,fast,18877.1484375,11849.4775390625,10719.327234096847,16060.61290323092,10719.327234096847,16060.61290323092
Eight-mile Lake,stocks_resp14c,Stocks + Respired 14C,6,2.0,4.0,10,intermediate,11484.89453125,11457.927734375,347.96296468314335,649.0552549061476,347.96296468314335,649.0552549061476
Eight-mile Lake,stocks_resp14c,Stocks + Respired 14C,6,2.0,4.0,50,intermediate,11509.888671875,11068.193359375,1587.3160943731805,3103.49484270382,1587.3160943731805,3103.49484270382
Eight-mile Lake,stocks_resp14c,Stocks + Respired 14C,6,2.0,4.0,100,intermediate,11529.392578125,10243.4619140625,3179.8526043717457,6017.025895247941,3179.8526043717457,6017.025895247941
Eight-mile Lake,stocks_resp14c,Stocks + Respired 14C,6,2.0,4.0,10,slow,8862.431640625,8862.6484375,16.216014716777988,30.34406802764649,16.216014716777988,30.34406802764649
Eight-mile Lake,stocks_resp14c,Stocks + Respired 14C,6,2.0,4.0,50,slow,8863.525390625,8864.2734375,73.73396334475302,146.5943211449928,73.73396334475302,146.5943211449928
Eight-mile Lake,stocks_resp14c,Stocks + Respired 14C,6,2.0,4.0,100,slow,8864.8984375,8856.5244140625,147.55250135380848,292.7651070359095,147.55250135380848,292.7651070359095
Eight-mile Lake,stocks_resp14c,Stocks + Respired 14C,7,2.0,4.0,10,fast,19031.318359375,17829.38671875,1201.1602897256582,2130.9693122450462,1201.1602897256582,2130.9693122450462
Eight-mile Lake,stocks_resp14c,Stocks + Respired 14C,7,2.0,4.0,50,fast,18974.763671875,14197.1650390625,5468.42148014574,9164.476545334848,5468.42148014574,9164.476545334848
Eight-mile Lake,stocks_resp14c,Stocks + Respired 14C,7,2.0,4.0,100,fast,18865.0625,11839.927734375,10910.78710048983,16345.572464375125,10910.78710048983,16345.572464375125
Eight-mile Lake,stocks_resp14c,Stocks + Respired 14C,7,2.0,4.0,10,intermediate,11862.8671875,11837.3212890625,327.99855195784164,611.8564056285967,327.99855195784164,611.8564056285967
Eight-mile Lake,stocks_resp14c,Stocks + Respired 14C,7,2.0,4.0,50,intermediate,11886.6005859375,11466.3212890625,1496.0998777501818,2928.503154662876,1496.0998777501818,2928.503154662876
Eight-mile Lake,stocks_resp14c,Stocks + Respired 14C,7,2.0,4.0,100,intermediate,11905.3564453125,10671.7734375,2996.860289776886,5690.364584452118,2996.860289776886,5690.364584452118
Eight-mile Lake,stocks_resp14c,Stocks + Respired 14C,7,2.0,4.0,10,slow,8266.6728515625,8266.8896484375,15.553869734806382,29.10506143631551,15.553869734806382,29.10506143631551
Eight-mile Lake,stocks_resp14c,Stocks + Respired 14C,7,2.0,4.0,50,slow,8267.7216796875,8268.6513671875,70.72332817125783,140.6094762544042,70.72332817125783,140.6094762544042
Eight-mile Lake,stocks_resp14c,Stocks + Respired 14C,7,2.0,4.0,100,slow,8269.03515625,8262.142578125,141.52806788551896,280.82116942336745,141.52806788551896,280.82116942336745
Eight-mile Lake,stocks_resp14c,Stocks + Respired 14C,8,2.0,4.0,10,fast,18850.943359375,17649.904296875,1213.8764627092985,2152.8929099273364,1213.8764627092985,2152.8929099273364
Eight-mile Lake,stocks_resp14c,Stocks + Respired 14C,8,2.0,4.0,50,fast,18794.703125,14031.6552734375,5526.234931548331,9250.232599694253,5526.234931548331,9250.232599694253
Eight-mile Lake,stocks_resp14c,Stocks + Respired 14C,8,2.0,4.0,100,fast,18685.578125,11697.9375,11025.996285018045,16489.239362844866,11025.996285018045,16489.239362844866
Eight-mile Lake,stocks_resp14c,Stocks + Respired 14C,8,2.0,4.0,10,intermediate,13103.8935546875,13079.056640625,314.7428897010567,587.1820776331983,314.7428897010567,587.1820776331983
Eight-mile Lake,stocks_resp14c,Stocks + Respired 14C,8,2.0,4.0,50,intermediate,13126.9306640625,12714.650390625,1435.443571928739,2813.9694284188054,1435.443571928739,2813.9694284188054
Eight-mile Lake,stocks_resp14c,Stocks + Respired 14C,8,2.0,4.0,100,intermediate,13145.517578125,11923.1943359375,2875.014537913784,5483.8996507698175,2875.014537913784,5483.8996507698175
Eight-mile Lake,stocks_resp14c,Stocks + Respired 14C,8,2.0,4.0,10,slow,8370.2197265625,8370.4404296875,16.29418037155896,30.490363312253283,16.29418037155896,30.490363312253283
Eight-mile Lake,stocks_resp14c,Stocks + Respired 14C,8,2.0,4.0,50,slow,8371.3154296875,8372.396484375,74.08964778264323,147.30260222297176,74.08964778264323,147.30260222297176
Eight-mile Lake,stocks_resp14c,Stocks + Respired 14C,8,2.0,4.0,100,slow,8372.69921875,8366.8427734375,148.26500608890092,294.1992152593482,148.26500608890092,294.1992152593482
Eight-mile Lake,stocks_resp14c,Stocks + Respired 14C,9,2.0,4.0,10,fast,18917.71875,17716.359375,1233.1940931445451,2187.395689828087,1233.1940931445451,2187.395689828087
Eight-mile Lake,stocks_resp14c,Stocks + Respired 14C,9,2.0,4.0,50,fast,18861.345703125,14092.884765625,5614.207604958654,9401.69778251792,5614.207604958654,9401.69778251792
Eight-mile Lake,stocks_resp14c,Stocks + Respired 14C,9,2.0,4.0,100,fast,18752.03515625,11750.431640625,11201.5752343574,16762.7233212569,11201.5752343574,16762.7233212569
Eight-mile Lake,stocks_resp14c,Stocks + Respired 14C,9,2.0,4.0,10,intermediate,13944.9501953125,13921.53125,298.8110676951609,557.5013040464692,298.8110676951609,557.5013040464692
Eight-mile Lake,stocks_resp14c,Stocks + Respired 14C,9,2.0,4.0,50,intermediate,13966.8857421875,13575.7666015625,1362.6442624021165,2674.6760962582844,1362.6442624021165,2674.6760962582844
Eight-mile Lake,stocks_resp14c,Stocks + Respired 14C,9,2.0,4.0,100,intermediate,13984.9267578125,12814.2880859375,2728.9573239408487,5225.771657895039,2728.9573239408487,5225.771657895039
Eight-mile Lake,stocks_resp14c,Stocks + Respired 14C,9,2.0,4.0,10,slow,6591.87548828125,6592.04931640625,13.388545787070008,25.05321915740638,13.388545787070008,25.05321915740638
Eight-mile Lake,stocks_resp14c,Stocks + Respired 14C,9,2.0,4.0,50,slow,6592.82177734375,6593.3310546875,60.87811370402408,121.03517054818309,60.87811370402408,121.03517054818309
Eight-mile Lake,stocks_resp14c,Stocks + Respired 14C,9,2.0,4.0,100,slow,6594.00732421875,6589.0419921875,121.82758941993751,241.73057584986975,121.82758941993751,241.73057584986975
Eight-mile Lake,stocks_resp14c,Stocks + Respired 14C,10,2.0,4.0,10,fast,18917.71875,17716.359375,1233.1940931445451,2187.395689828087,1233.1940931445451,2187.395689828087
Eight-mile Lake,stocks_resp14c,Stocks + Respired 14C,10,2.0,4.0,50,fast,18861.345703125,14092.884765625,5614.207604958654,9401.69778251792,5614.207604958654,9401.69778251792
Eight-mile Lake,stocks_resp14c,Stocks + Respired 14C,10,2.0,4.0,100,fast,18752.03515625,11750.431640625,11201.5752343574,16762.7233212569,11201.5752343574,16762.7233212569
Eight-mile Lake,stocks_resp14c,Stocks + Respired 14C,10,2.0,4.0,10,intermediate,13944.9501953125,13921.53125,298.8110676951609,557.5013040464692,298.8110676951609,557.5013040464692
Eight-mile Lake,stocks_resp14c,Stocks + Respired 14C,10,2.0,4.0,50,intermediate,13966.8857421875,13575.7666015625,1362.6442624021165,2674.6760962582844,1362.6442624021165,2674.6760962582844
Eight-mile Lake,stocks_resp14c,Stocks + Respired 14C,10,2.0,4.0,100,intermediate,13984.9267578125,12814.2880859375,2728.9573239408487,5225.771657895039,2728.9573239408487,5225.771657895039
Eight-mile Lake,stocks_resp14c,Stocks + Respired 14C,10,2.0,4.0,10,slow,6591.87548828125,6592.04931640625,13.388545787070008,25.05321915740638,13.388545787070008,25.05321915740638
Eight-mile Lake,stocks_resp14c,Stocks + Respired 14C,10,2.0,4.0,50,slow,6592.82177734375,6593.3310546875,60.87811370402408,121.03517054818309,60.87811370402408,121.03517054818309
Eight-mile Lake,stocks_resp14c,Stocks + Respired 14C,10,2.0,4.0,100,slow,6594.00732421875,6589.0419921875,121.82758941993751,241.73057584986975,121.82758941993751,241.73057584986975
Eight-mile Lake,stocks_resp14c,Stocks + Respired 14C,11,2.0,4.0,10,fast,18917.71875,17716.359375,1233.1940931445451,2187.395689828087,1233.1940931445451,2187.395689828087
Eight-mile Lake,stocks_resp14c,Stocks + Respired 14C,11,2.0,4.0,50,fast,18861.345703125,14092.884765625,5614.207604958654,9401.69778251792,5614.207604958654,9401.69778251792
Eight-mile Lake,stocks_resp14c,Stocks + Respired 14C,11,2.0,4.0,100,fast,18752.03515625,11750.431640625,11201.5752343574,16762.7233212569,11201.5752343574,16762.7233212569
Eight-mile Lake,stocks_resp14c,Stocks + Respired 14C,11,2.0,4.0,10,intermediate,13944.9501953125,13921.53125,298.8110676951609,557.5013040464692,298.8110676951609,557.5013040464692
Eight-mile Lake,stocks_resp14c,Stocks + Respired 14C,11,2.0,4.0,50,intermediate,13966.8857421875,13575.7666015625,1362.6442624021165,2674.6760962582844,1362.6442624021165,2674.6760962582844
Eight-mile Lake,stocks_resp14c,Stocks + Respired 14C,11,2.0,4.0,100,intermediate,13984.9267578125,12814.2880859375,2728.9573239408487,5225.771657895039,2728.9573239408487,5225.771657895039
Eight-mile Lake,stocks_resp14c,Stocks + Respired 14C,11,2.0,4.0,10,slow,6591.87548828125,6592.04931640625,13.388545787070008,25.05321915740638,13.388545787070008,25.05321915740638
Eight-mile Lake,stocks_resp14c,Stocks + Respired 14C,11,2.0,4.0,50,slow,6592.82177734375,6593.3310546875,60.87811370402408,121.03517054818309,60.87811370402408,121.03517054818309
Eight-mile Lake,stocks_resp14c,Stocks + Respired 14C,11,2.0,4.0,100,slow,6594.00732421875,6589.0419921875,121.82758941993751,241.73057584986975,121.82758941993751,241.73057584986975
Eight-mile Lake,all_observations,All observations,0,2.0,4.0,10,fast,21428.271484375,20216.2421875,1328.9366105004547,2365.8464025584626,1328.9366105004547,2365.8464025584626
Eight-mile Lake,all_observations,All observations,0,2.0,4.0,50,fast,21368.05859375,16415.79296875,6051.203763703901,10287.976933996018,6051.203763703901,10287.976933996018
Eight-mile Lake,all_observations,All observations,0,2.0,4.0,100,fast,21251.57421875,13764.455078125,12075.6133033767,18480.97168760155,12075.6133033767,18480.97168760155
Eight-mile Lake,all_observations,All observations,0,2.0,4.0,10,intermediate,5519.677734375,5504.89892578125,204.1415773969704,380.73986165669476,204.1415773969704,380.73986165669476
Eight-mile Lake,all_observations,All observations,0,2.0,4.0,50,intermediate,5534.91748046875,5297.07177734375,931.5356018361283,1818.1481095416689,931.5356018361283,1818.1481095416689
Eight-mile Lake,all_observations,All observations,0,2.0,4.0,100,intermediate,5546.6181640625,4857.9990234375,1866.6885329485451,3513.198488261677,1866.6885329485451,3513.198488261677
Eight-mile Lake,all_observations,All observations,0,2.0,4.0,10,slow,10237.91796875,10238.123046875,15.004410741592869,28.076800645549696,15.004410741592869,28.076800645549696
Eight-mile Lake,all_observations,All observations,0,2.0,4.0,50,slow,10238.9404296875,10239.5439453125,68.22403130811608,135.63793883405896,68.22403130811608,135.63793883405896
Eight-mile Lake,all_observations,All observations,0,2.0,4.0,100,slow,10240.2197265625,10231.2861328125,136.5242749757939,270.88306403518897,136.5242749757939,270.88306403518897
Eight-mile Lake,all_observations,All observations,1,2.0,4.0,10,fast,21428.271484375,20216.2421875,1328.9366105004547,2365.8464025584626,1328.9366105004547,2365.8464025584626
Eight-mile Lake,all_observations,All observations,1,2.0,4.0,50,fast,21368.05859375,16415.79296875,6051.203763703901,10287.976933996018,6051.203763703901,10287.976933996018
Eight-mile Lake,all_observations,All observations,1,2.0,4.0,100,fast,21251.57421875,13764.455078125,12075.6133033767,18480.97168760155,12075.6133033767,18480.97168760155
Eight-mile Lake,all_observations,All observations,1,2.0,4.0,10,intermediate,5519.677734375,5504.89892578125,204.1415773969704,380.73986165669476,204.1415773969704,380.73986165669476
Eight-mile Lake,all_observations,All observations,1,2.0,4.0,50,intermediate,5534.91748046875,5297.07177734375,931.5356018361283,1818.1481095416689,931.5356018361283,1818.1481095416689
Eight-mile Lake,all_observations,All observations,1,2.0,4.0,100,intermediate,5546.6181640625,4857.9990234375,1866.6885329485451,3513.198488261677,1866.6885329485451,3513.198488261677
Eight-mile Lake,all_observations,All observations,1,2.0,4.0,10,slow,10237.91796875,10238.123046875,15.004410741592869,28.076800645549696,15.004410741592869,28.076800645549696
Eight-mile Lake,all_observations,All observations,1,2.0,4.0,50,slow,10238.9404296875,10239.5439453125,68.22403130811608,135.63793883405896,68.22403130811608,135.63793883405896
Eight-mile Lake,all_observations,All observations,1,2.0,4.0,100,slow,10240.2197265625,10231.2861328125,136.5242749757939,270.88306403518897,136.5242749757939,270.88306403518897
Eight-mile Lake,all_observations,All observations,2,2.0,4.0,10,fast,21428.271484375,20216.2421875,1328.9366105004547,2365.8464025584626,1328.9366105004547,2365.8464025584626
Eight-mile Lake,all_observations,All observations,2,2.0,4.0,50,fast,21368.05859375,16415.79296875,6051.203763703901,10287.976933996018,6051.203763703901,10287.976933996018
Eight-mile Lake,all_observations,All observations,2,2.0,4.0,100,fast,21251.57421875,13764.455078125,12075.6133033767,18480.97168760155,12075.6133033767,18480.97168760155
Eight-mile Lake,all_observations,All observations,2,2.0,4.0,10,intermediate,5519.677734375,5504.89892578125,204.1415773969704,380.73986165669476,204.1415773969704,380.73986165669476
Eight-mile Lake,all_observations,All observations,2,2.0,4.0,50,intermediate,5534.91748046875,5297.07177734375,931.5356018361283,1818.1481095416689,931.5356018361283,1818.1481095416689
Eight-mile Lake,all_observations,All observations,2,2.0,4.0,100,intermediate,5546.6181640625,4857.9990234375,1866.6885329485451,3513.198488261677,1866.6885329485451,3513.198488261677
Eight-mile Lake,all_observations,All observations,2,2.0,4.0,10,slow,10237.91796875,10238.123046875,15.004410741592869,28.076800645549696,15.004410741592869,28.076800645549696
Eight-mile Lake,all_observations,All observations,2,2.0,4.0,50,slow,10238.9404296875,10239.5439453125,68.22403130811608,135.63793883405896,68.22403130811608,135.63793883405896
Eight-mile Lake,all_observations,All observations,2,2.0,4.0,100,slow,10240.2197265625,10231.2861328125,136.5242749757939,270.88306403518897,136.5242749757939,270.88306403518897
Eight-mile Lake,all_observations,All observations,3,2.0,4.0,10,fast,21459.31640625,20247.17578125,1310.2712289354522,2332.7107288945435,1310.2712289354522,2332.7107288945435
Eight-mile Lake,all_observations,All observations,3,2.0,4.0,50,fast,21399.05859375,16444.7578125,5966.225722353231,10145.21368298793,5966.225722353231,10145.21368298793
Eight-mile Lake,all_observations,All observations,3,2.0,4.0,100,fast,21282.4921875,13789.8330078125,11906.0571497739,18226.13118371716,11906.0571497739,18226.13118371716
Eight-mile Lake,all_observations,All observations,3,2.0,4.0,10,intermediate,5578.919921875,5562.93701171875,222.02197434465754,414.06013340025584,222.02197434465754,414.06013340025584
Eight-mile Lake,all_observations,All observations,3,2.0,4.0,50,intermediate,5595.30908203125,5339.99853515625,1013.2284712202623,1975.5565162100518,1013.2284712202623,1975.5565162100518
Eight-mile Lake,all_observations,All observations,3,2.0,4.0,100,intermediate,5607.69384765625,4874.42919921875,2030.5609483580167,3810.1658691060256,2030.5609483580167,3810.1658691060256
Eight-mile Lake,all_observations,All observations,3,2.0,4.0,10,slow,10531.7685546875,10531.9794921875,15.388097851587132,28.79477035540411,15.388097851587132,28.79477035540411
Eight-mile Lake,all_observations,All observations,3,2.0,4.0,50,slow,10532.8095703125,10533.2490234375,69.96859759936915,139.1060145960775,69.96859759936915,139.1060145960775
Eight-mile Lake,all_observations,All observations,3,2.0,4.0,100,slow,10534.1171875,10523.921875,140.01528723830808,277.80117011855003,140.01528723830808,277.80117011855003
Eight-mile Lake,all_observations,All observations,4,2.0,4.0,10,fast,21439.517578125,20227.44921875,1287.1779903447787,2291.5387327866574,1287.1779903447787,2291.5387327866574
Eight-mile Lake,all_observations,All observations,4,2.0,4.0,50,fast,21379.287109375,16426.31640625,5861.064130669818,9965.329229767984,5861.064130669818,9965.329229767984
Eight-mile Lake,all_observations,All observations,4,2.0,4.0,100,fast,21262.7734375,13773.650390625,11696.184038923977,17901.954756371153,11696.184038923977,17901.954756371153
Eight-mile Lake,all_observations,All observations,4,2.0,4.0,10,intermediate,5680.76220703125,5663.29052734375,245.65935429140825,458.1090701617952,245.65935429140825,458.1090701617952
Eight-mile Lake,all_observations,All observations,4,2.0,4.0,50,intermediate,5698.52978515625,5421.35693359375,1121.2233481074481,2183.5607158087487,1121.2233481074481,2183.5607158087487
Eight-mile Lake,all_observations,All observations,4,2.0,4.0,100,intermediate,5711.701171875,4922.84423828125,2247.183124590386,4202.402909441193,2247.183124590386,4202.402909441193
Eight-mile Lake,all_observations,All observations,4,2.0,4.0,10,slow,10684.35546875,10684.5595703125,14.364630194220126,26.879604872899755,14.364630194220126,26.879604872899755
Eight-mile Lake,all_observations,All observations,4,2.0,4.0,50,slow,10685.3251953125,10685.7060546875,65.31469364963746,129.85305218521557,65.31469364963746,129.85305218521557
Eight-mile Lake,all_observations,All observations,4,2.0,4.0,100,slow,10686.5478515625,10676.318359375,130.70162194611305,259.3217025085397,130.70162194611305,259.3217025085397
Eight-mile Lake,all_observations,All observations,5,2.0,4.0,10,fast,21439.517578125,20227.44921875,1287.1779903447787,2291.5387327866574,1287.1779903447787,2291.5387327866574
Eight-mile Lake,all_observations,All observations,5,2.0,4.0,50,fast,21379.287109375,16426.31640625,5861.064130669818,9965.329229767984,5861.064130669818,9965.329229767984
Eight-mile Lake,all_observations,All observations,5,2.0,4.0,100,fast,21262.7734375,13773.650390625,11696.184038923977,17901.954756371153,11696.184038923977,17901.954756371153
Eight-mile Lake,all_observations,All observations,5,2.0,4.0,10,intermediate,5680.76220703125,5663.29052734375,245.65935429140825,458.1090701617952,245.65935429140825,458.1090701617952
Eight-mile Lake,all_observations,All observations,5,2.0,4.0,50,intermediate,5698.52978515625,5421.35693359375,1121.2233481074481,2183.5607158087487,1121.2233481074481,2183.5607158087487
Eight-mile Lake,all_observations,All observations,5,2.0,4.0,100,intermediate,5711.701171875,4922.84423828125,2247.183124590386,4202.402909441193,2247.183124590386,4202.402909441193
Eight-mile Lake,all_observations,All observations,5,2.0,4.0,10,slow,10684.35546875,10684.5595703125,14.364630194220126,26.879604872899755,14.364630194220126,26.879604872899755
Eight-mile Lake,all_observations,All observations,5,2.0,4.0,50,slow,10685.3251953125,10685.7060546875,65.31469364963746,129.85305218521557,65.31469364963746,129.85305218521557
Eight-mile Lake,all_observations,All observations,5,2.0,4.0,100,slow,10686.5478515625,10676.318359375,130.70162194611305,259.3217025085397,130.70162194611305,259.3217025085397
Eight-mile Lake,all_observations,All observations,6,2.0,4.0,10,fast,21439.517578125,20227.44921875,1287.1779903447787,2291.5387327866574,1287.1779903447787,2291.5387327866574
Eight-mile Lake,all_observations,All observations,6,2.0,4.0,50,fast,21379.287109375,16426.31640625,5861.064130669818,9965.329229767984,5861.064130669818,9965.329229767984
Eight-mile Lake,all_observations,All observations,6,2.0,4.0,100,fast,21262.7734375,13773.650390625,11696.184038923977,17901.954756371153,11696.184038923977,17901.954756371153
Eight-mile Lake,all_observations,All observations,6,2.0,4.0,10,intermediate,5680.76220703125,5663.29052734375,245.65935429140825,458.1090701617952,245.65935429140825,458.1090701617952
Eight-mile Lake,all_observations,All observations,6,2.0,4.0,50,intermediate,5698.52978515625,5421.35693359375,1121.2233481074481,2183.5607158087487,1121.2233481074481,2183.5607158087487
Eight-mile Lake,all_observations,All observations,6,2.0,4.0,100,intermediate,5711.701171875,4922.84423828125,2247.183124590386,4202.402909441193,2247.183124590386,4202.402909441193
Eight-mile Lake,all_observations,All observations,6,2.0,4.0,10,slow,10684.35546875,10684.5595703125,14.364630194220126,26.879604872899755,14.364630194220126,26.879604872899755
Eight-mile Lake,all_observations,All observations,6,2.0,4.0,50,slow,10685.3251953125,10685.7060546875,65.31469364963746,129.85305218521557,65.31469364963746,129.85305218521557
Eight-mile Lake,all_observations,All observations,6,2.0,4.0,100,slow,10686.5478515625,10676.318359375,130.70162194611305,259.3217025085397,130.70162194611305,259.3217025085397
Eight-mile Lake,all_observations,All observations,7,2.0,4.0,10,fast,21444.03515625,20231.94921875,1280.6876617686921,2279.9974203040733,1280.6876617686921,2279.9974203040733
Eight-mile Lake,all_observations,All observations,7,2.0,4.0,50,fast,21383.796875,16430.4921875,5831.5124838597485,9915.318626581418,5831.5124838597485,9915.318626581418
Eight-mile Lake,all_observations,All observations,7,2.0,4.0,100,fast,21267.26953125,13777.322265625,11637.214695693707,17812.341112056532,11637.214695693707,17812.341112056532
Eight-mile Lake,all_observations,All observations,7,2.0,4.0,10,intermediate,5752.412109375,5734.5068359375,252.8267350538734,471.4688558693791,252.8267350538734,471.4688558693791
Eight-mile Lake,all_observations,All observations,7,2.0,4.0,50,intermediate,5770.5830078125,5487.1025390625,1153.9569386235612,2246.879079009049,1153.9569386235612,2246.879079009049
Eight-mile Lake,all_observations,All observations,7,2.0,4.0,100,intermediate,5783.96728515625,4978.40087890625,2312.8190024338037,4322.796931141673,2312.8190024338037,4322.796931141673
Eight-mile Lake,all_observations,All observations,7,2.0,4.0,10,slow,10065.3505859375,10065.5361328125,13.564735443699762,25.382803375242112,13.564735443699762,25.382803375242112
Eight-mile Lake,all_observations,All observations,7,2.0,4.0,50,slow,10066.2724609375,10066.6806640625,61.67765586955467,122.6222149587851,61.67765586955467,122.6222149587851
Eight-mile Lake,all_observations,All observations,7,2.0,4.0,100,slow,10067.4306640625,10057.755859375,123.42358120633219,244.88207640527781,123.42358120633219,244.88207640527781
Eight-mile Lake,all_observations,All observations,8,2.0,4.0,10,fast,21444.03515625,20231.94921875,1280.6876617686921,2279.9974203040733,1280.6876617686921,2279.9974203040733
Eight-mile Lake,all_observations,All observations,8,2.0,4.0,50,fast,21383.796875,16430.4921875,5831.5124838597485,9915.318626581418,5831.5124838597485,9915.318626581418
Eight-mile Lake,all_observations,All observations,8,2.0,4.0,100,fast,21267.26953125,13777.322265625,11637.214695693707,17812.341112056532,11637.214695693707,17812.341112056532
Eight-mile Lake,all_observations,All observations,8,2.0,4.0,10,intermediate,5752.412109375,5734.5068359375,252.8267350538734,471.4688558693791,252.8267350538734,471.4688558693791
Eight-mile Lake,all_observations,All observations,8,2.0,4.0,50,intermediate,5770.5830078125,5487.1025390625,1153.9569386235612,2246.879079009049,1153.9569386235612,2246.879079009049
Eight-mile Lake,all_observations,All observations,8,2.0,4.0,100,intermediate,5783.96728515625,4978.40087890625,2312.8190024338037,4322.796931141673,2312.8190024338037,4322.796931141673
Eight-mile Lake,all_observations,All observations,8,2.0,4.0,10,slow,10065.3505859375,10065.5361328125,13.564735443699762,25.382803375242112,13.564735443699762,25.382803375242112
Eight-mile Lake,all_observations,All observations,8,2.0,4.0,50,slow,10066.2724609375,10066.6806640625,61.67765586955467,122.6222149587851,61.67765586955467,122.6222149587851
Eight-mile Lake,all_observations,All observations,8,2.0,4.0,100,slow,10067.4306640625,10057.755859375,123.42358120633219,244.88207640527781,123.42358120633219,244.88207640527781
Eight-mile Lake,all_observations,All observations,9,2.0,4.0,10,fast,21444.03515625,20231.94921875,1280.6876617686921,2279.9974203040733,1280.6876617686921,2279.9974203040733
Eight-mile Lake,all_observations,All observations,9,2.0,4.0,50,fast,21383.796875,16430.4921875,5831.5124838597485,9915.318626581418,5831.5124838597485,9915.318626581418
Eight-mile Lake,all_observations,All observations,9,2.0,4.0,100,fast,21267.26953125,13777.322265625,11637.214695693707,17812.341112056532,11637.214695693707,17812.341112056532
Eight-mile Lake,all_observations,All observations,9,2.0,4.0,10,intermediate,5752.412109375,5734.5068359375,252.8267350538734,471.4688558693791,252.8267350538734,471.4688558693791
Eight-mile Lake,all_observations,All observations,9,2.0,4.0,50,intermediate,5770.5830078125,5487.1025390625,1153.9569386235612,2246.879079009049,1153.9569386235612,2246.879079009049
Eight-mile Lake,all_observations,All observations,9,2.0,4.0,100,intermediate,5783.96728515625,4978.40087890625,2312.8190024338037,4322.796931141673,2312.8190024338037,4322.796931141673
Eight-mile Lake,all_observations,All observations,9,2.0,4.0,10,slow,10065.3505859375,10065.5361328125,13.564735443699762,25.382803375242112,13.564735443699762,25.382803375242112
Eight-mile Lake,all_observations,All observations,9,2.0,4.0,50,slow,10066.2724609375,10066.6806640625,61.67765586955467,122.6222149587851,61.67765586955467,122.6222149587851
Eight-mile Lake,all_observations,All observations,9,2.0,4.0,100,slow,10067.4306640625,10057.755859375,123.42358120633219,244.88207640527781,123.42358120633219,244.88207640527781
Eight-mile Lake,all_observations,All observations,10,2.0,4.0,10,fast,21351.72265625,20140.01953125,1317.4531309018357,2345.1718276716347,1317.4531309018357,2345.1718276716347
Eight-mile Lake,all_observations,All observations,10,2.0,4.0,50,fast,21291.615234375,16344.51953125,5998.885381776894,10194.809900097265,5998.885381776894,10194.809900097265
Eight-mile Lake,all_observations,All observations,10,2.0,4.0,100,fast,21175.32421875,13701.9931640625,11971.14745255874,18309.60507436016,11971.14745255874,18309.60507436016
Eight-mile Lake,all_observations,All observations,10,2.0,4.0,10,intermediate,5799.55419921875,5783.982421875,218.92576011893084,408.31187146290125,218.92576011893084,408.31187146290125
Eight-mile Lake,all_observations,All observations,10,2.0,4.0,50,intermediate,5815.5673828125,5564.88330078125,998.9995555650039,1949.7172319018891,998.9995555650039,1949.7172319018891
Eight-mile Lake,all_observations,All observations,10,2.0,4.0,100,intermediate,5827.85791015625,5102.5,2001.8793096510449,3767.078988985378,2001.8793096510449,3767.078988985378
Eight-mile Lake,all_observations,All observations,10,2.0,4.0,10,slow,10380.5390625,10380.681640625,11.505266369694967,21.529004688315066,11.505266369694967,21.529004688315066
Eight-mile Lake,all_observations,All observations,10,2.0,4.0,50,slow,10381.31640625,10381.982421875,52.31302141134441,104.00338756701277,52.31302141134441,104.00338756701277
Eight-mile Lake,all_observations,All observations,10,2.0,4.0,100,slow,10382.2998046875,10376.0791015625,104.6828704067496,207.7154586276435,104.6828704067496,207.7154586276435
Eight-mile Lake,all_observations,All observations,11,2.0,4.0,10,fast,21453.01171875,20240.890625,1302.1210716365083,2318.182354791388,1302.1210716365083,2318.182354791388
Eight-mile Lake,all_observations,All observations,11,2.0,4.0,50,fast,21392.76171875,16438.88671875,5929.112173950207,10081.760946966682,5929.112173950207,10081.760946966682
Eight-mile Lake,all_observations,All observations,11,2.0,4.0,100,fast,21276.220703125,13784.6943359375,11831.990558846128,18111.817208306034,11831.990558846128,18111.817208306034
Eight-mile Lake,all_observations,All observations,11,2.0,4.0,10,intermediate,5791.32666015625,5774.81396484375,235.5540304444752,439.2986852048364,235.5540304444752,439.2986852048364
Eight-mile Lake,all_observations,All observations,11,2.0,4.0,50,intermediate,5808.2470703125,5544.2236328125,1074.9738809884102,2096.0893155822223,1074.9738809884102,2096.0893155822223
Eight-mile Lake,all_observations,All observations,11,2.0,4.0,100,intermediate,5821.056640625,5062.294921875,2154.286032542726,4043.1043288844103,2154.286032542726,4043.1043288844103
Eight-mile Lake,all_observations,All observations,11,2.0,4.0,10,slow,10641.7353515625,10641.8623046875,9.933709297436312,18.588242397508928,9.933709297436312,18.588242397508928
Eight-mile Lake,all_observations,All observations,11,2.0,4.0,50,slow,10642.408203125,10643.0546875,45.167085381188926,89.79613206587723,45.167085381188926,89.79613206587723
Eight-mile Lake,all_observations,All observations,11,2.0,4.0,100,slow,10643.2529296875,10638.0458984375,90.38255282792002,179.34384242688856,90.38255282792002,179.34384242688856
