network,tower_id,tower_name,tower_lat,tower_lon,nearest_bulk_site,nearest_bulk_km,nearest_bulk_obs,nearest_bulk_entries,nearest_bulk_entry_names,nearest_fraction_site,nearest_fraction_km,nearest_fraction_obs,nearest_fraction_entries,nearest_fraction_entry_names,nearest_respired_site,nearest_respired_km,nearest_respired_obs,nearest_respired_entries,nearest_respired_entry_names,exact_data_type_count_le_1km,near_data_type_count_le_25km
AmeriFlux,CA-Man,Manitoba - Northern Old Black Spruce (former BOREAS Northern Study Area),55.8796,-98.4808,TH_Old_Black_Spruce,0.3276572160049276,26,1,Trumbore_Harden_1997,TH_Old_Black_Spruce,0.3276572160049276,16,1,Trumbore_Harden_1997,CZ_Old_Black_Spruce,0.35131611019367476,1,1,Czimczik_2007,3,3
AmeriFlux,CA-NS1,UCI-1850 burn site,55.8792,-98.4839,TH_Old_Black_Spruce,0.21430331113419196,26,1,Trumbore_Harden_1997,TH_Old_Black_Spruce,0.21430331113419196,16,1,Trumbore_Harden_1997,CZ_Old_Black_Spruce,0.24470834801894462,1,1,Czimczik_2007,3,3
AmeriFlux,US-EML,"Eight Mile Lake Permafrost thaw gradient, Healy Alaska.",63.8784,-149.2536,EML,0.0044009786779296385,9,1,Hicks_Pries_2012,EML,0.0044009786779296385,29,1,Hicks_Pries_2012,CiPEHR,0.0044009786779296385,89,1,Pegoraro_2021,3,3
AmeriFlux,US-Ha1,Harvard Forest EMS Tower (HFR1),42.5378,-72.1715,MA Harvard Forest,0.011119492664034914,36,1,McFarlane_2013,MA Harvard Forest,0.011119492664034914,30,1,McFarlane_2013,Harvard Forest,0.7381252235854269,156,1,Gaudinski_2001,3,3
AmeriFlux,US-Ha2,Harvard Forest Hemlock Site,42.5393,-72.1779,Harvard Forest,0.18883956553033654,8,1,Gaudinski_2001,Harvard Forest,0.18883956553033654,88,2,Gaudinski_2000|Savage_unpub,Harvard Forest,0.18883956553033654,156,1,Gaudinski_2001,3,3
AmeriFlux,US-LPH,Little Prospect Hill,42.5419,-72.185,Harvard Forest,0.4609112984575359,8,1,Gaudinski_2001,Harvard Forest,0.4609112984575359,88,2,Gaudinski_2000|Savage_unpub,Harvard Forest,0.4609112984575359,156,1,Gaudinski_2001,3,3
AmeriFlux,US-xHA,NEON Harvard Forest (HARV),42.5369,-72.1727,HARV,0.0032773240688607763,3,1,Nave_2021,MA Harvard Forest,0.13258885094608036,30,1,McFarlane_2013,Harvard Forest,0.6903193556346926,156,1,Gaudinski_2001,3,3
AmeriFlux,US-xSP,NEON Soaproot Saddle (SOAP),37.0334,-119.2622,SOAP,0.0034519279814641747,9,2,Beem-Miller_2022|Nave_2021,Trumbore Musick,0.9411137810067647,51,3,Koarashi_2012|Trumbore_1996|Trumbore_unpublished,Musick,0.9411137810067647,16,1,Wang_2000,3,3
AmeriFlux,CA-NS3,UCI-1964 burn site,55.9117,-98.3822,CZ_1964burn_NSA,0.25541695023019567,11,1,Czimczik_2007,NSA_FenTower,2.425147343372656,77,1,Trumbore_1999,CZ_1964burn_NSA,0.25541695023019567,2,1,Czimczik_2007,2,3
AmeriFlux,CA-NS4,UCI-1964 burn site wet,55.9144,-98.3806,CZ_1964burn_NSA,0.1388326825891026,11,1,Czimczik_2007,NSA_FenTower,2.5005434656502956,77,1,Trumbore_1999,CZ_1964burn_NSA,0.1388326825891026,2,1,Czimczik_2007,2,3
AmeriFlux,US-xHE,NEON Healy (HEAL),63.8757,-149.2133,HEAL,0.0022521044762241426,3,1,Nave_2021,EML,1.9943054686811683,29,1,Hicks_Pries_2012,CiPEHR,0.7650900721708367,70,1,Hicks_Pries_2016,2,3
AmeriFlux,BR-Sa3,Santarem-Km83-Logged Forest,-3.018,-54.9714,FLONA,0.13566884637987647,44,2,Telles_2003|Trumbore_2006,Fazenda Victoria,827.7993629102249,84,3,Camargo_1999|Telles_2011|Trumbore_1995,FLONA,0.13566884637987647,22,1,Trumbore_2006,2,2
AmeriFlux,US-Bar,Bartlett Experimental Forest,44.0646,-71.2881,NH Bartlett Forest,0.013692435254616116,37,1,McFarlane_2013,NH Bartlett Forest,0.013692435254616116,30,1,McFarlane_2013,Harvard Forest,184.2486738421668,156,1,Gaudinski_2001,2,2
AmeriFlux,US-Blo,Blodgett Forest,38.8953,-120.6328,Blodgett,0.22429602706613308,6,1,Rasmussen_2005,Blodgett,0.22429602706613308,18,1,Rasmussen_2005,Chiquito,223.41845166644498,11,1,Wang_2000,2,2
AmeriFlux,US-MOz,Missouri Ozark Site,38.7441,-92.2,MO Ozark BREA,0.0,34,1,McFarlane_2013,MO Ozark BREA,0.0,30,1,McFarlane_2013,Treynor,398.2427360299636,9,1,Harden_2002,2,2
AmeriFlux,US-MtB,Mt Bigelow,32.416,-110.7256,Mt. Lemmon Granite,0.963569224400625,3,1,Heckman_2010,Mt. Lemmon Granite,0.963569224400625,9,1,Heckman_2010,Sedgwick Reserve,900.1600594300633,9,1,Fierer_2005,2,2
AmeriFlux,US-UMB,Univ. of Mich. Biological Station,45.5598,-84.7138,MI-Coarse UMBS,0.0,48,1,McFarlane_2013,MI-Coarse UMBS,0.0,30,1,McFarlane_2013,Dinesen,950.9611827023183,7,1,Harden_2002,2,2
AmeriFlux,US-xBR,NEON Bartlett Experimental Forest (BART),44.0639,-71.2873,BART,0.0023630780218326128,2,1,Nave_2021,NH Bartlett Forest,0.10507778129780308,30,1,McFarlane_2013,Harvard Forest,184.2025971514971,156,1,Gaudinski_2001,2,2
AmeriFlux,CA-NS2,UCI-1930 burn site,55.9058,-98.5247,CZ_1930burn,0.1120712293149001,15,1,Czimczik_2007,TH_Old_Black_Spruce,4.061251422054727,16,1,Trumbore_Harden_1997,CZ_Old_Black_Spruce,4.086065156586819,1,1,Czimczik_2007,1,3
AmeriFlux,CA-NS5,UCI-1981 burn site,55.8631,-98.485,CZ_1981burn,0.11793515029462323,5,1,Czimczik_2007,TH_Old_Black_Spruce,1.5772502843411584,16,1,Trumbore_Harden_1997,CZ_Old_Black_Spruce,1.546868116500175,1,1,Czimczik_2007,1,3
AmeriFlux,US-CZ2,"Sierra Critical Zone, Sierra Transect, Ponderosa Pine Forest, Soaproot Saddle",37.0311,-119.2566,SOAP,0.5567149179982802,9,2,Beem-Miller_2022|Nave_2021,Trumbore Musick,1.3073150222704146,51,3,Koarashi_2012|Trumbore_1996|Trumbore_unpublished,Musick,1.3073150222704146,16,1,Wang_2000,1,3
AmeriFlux,US-xTE,NEON Lower Teakettle (TEAK),37.0058,-119.006,TEAK,0.0037791366220650165,5,1,Beem-Miller_2022,Trumbore Shaver,16.415355932757777,53,3,Koarashi_2012|Trumbore_1996|Trumbore_unpublished,Musick,23.66666275553918,16,1,Wang_2000,1,3
AmeriFlux,US-Beo,Barrow Environmental Observatory (BEO) tower,71.281,-156.6123,BARR,0.2892702260463141,3,1,Nave_2021,Hess Creek,707.5576251270804,22,1,O'Donnell_2011,Barrow,2.3214822512194844,49,1,Vaughn_2018,1,2
AmeriFlux,US-Bes,Barrow-Bes (Biocomplexity Experiment South tower),71.2809,-156.5965,BARR,0.8153959818869325,3,1,Nave_2021,Hess Creek,707.2667397689542,22,1,O'Donnell_2011,Barrow,1.7845976786850806,49,1,Vaughn_2018,1,2
AmeriFlux,US-NGB,NGEE Arctic Barrow,71.28,-156.6092,BARR,0.44518406651417747,3,1,Nave_2021,Hess Creek,707.4060518965873,22,1,O'Donnell_2011,Barrow,2.184881783854888,49,1,Vaughn_2018,1,2
AmeriFlux,US-xBA,NEON Barrow Environmental Observatory (BARR),71.2824,-156.6194,BARR,0.030689805955618807,3,1,Nave_2021,Hess Creek,707.819016055809,22,1,O'Donnell_2011,Barrow,2.609966799696576,49,1,Vaughn_2018,1,2
AmeriFlux,US-xBN,NEON Caribou Creek - Poker Flats Watershed (BONA),65.154,-147.5026,BONA,0.5545553509646816,3,1,Nave_2021,Hess Creek,80.38386958176385,22,1,O'Donnell_2011,CPCRW,1.4506268087752363,2,1,Schuur_2006,1,2
AmeriFlux,US-xDJ,NEON Delta Junction (DEJU),63.8811,-145.7514,DEJU,0.0029630710232443746,3,1,Nave_2021,EML,171.42577776534398,29,1,Hicks_Pries_2012,Tower_12-Mile,17.846125220072306,3,1,Schuur_2006,1,2
AmeriFlux,CA-NS6,UCI-1989 burn site,55.9167,-98.9644,CZ_1989_Footprint_Fire,0.03340422536545279,4,1,Czimczik_2007,TH_Old_Black_Spruce,30.268106098304106,16,1,Trumbore_Harden_1997,CZ_Old_Black_Spruce,30.274180474059442,1,1,Czimczik_2007,1,1
AmeriFlux,CA-NS7,UCI-1998 burn site,56.6358,-99.9483,CZ_1998burn,0.9490532041897971,6,1,Czimczik_2007,TH_Old_Black_Spruce,123.66309698818868,16,1,Trumbore_Harden_1997,CZ_Old_Black_Spruce,123.68524222295707,1,1,Czimczik_2007,1,1
AmeriFlux,CR-Lse,La Selva,10.4233,-84.0211,La Selva,0.6676226584598032,1,1,Kleber_2005,Susua State Forest,2028.360364516696,8,1,Sollins_2009,ZF2,3014.3468393185417,5,1,Trumbore_2006,1,1
AmeriFlux,PA-Bar,Barro Colorado Island,9.1568,-79.8486,BCI,0.38759601909683,3,1,Posada_2011,Susua State Forest,1712.0163209335344,8,1,Sollins_2009,ZF2,2545.421645010485,5,1,Trumbore_2006,1,1
AmeriFlux,PA-Bas,Barro Colorado Island,9.1565,-79.8482,BCI,0.43647263301946193,3,1,Posada_2011,Susua State Forest,1712.0010859742604,8,1,Sollins_2009,ZF2,2545.3669569575836,5,1,Trumbore_2006,1,1
AmeriFlux,US-CZ1,"Sierra Critical Zone, Sierra Transect, Oak/Pine Woodland, San Joaquin Experimental Range",37.1088,-119.7313,SJER,0.086931906063252,5,2,Beem-Miller_2022|Nave_2021,GRpp,32.283032129640645,6,1,Rasmussen_2018,Musick,41.79802093205831,16,1,Wang_2000,1,1
AmeriFlux,US-IB2,Fermi National Accelerator Laboratory- Batavia (Prairie site),41.8406,-88.241,ARL,186.76825720574706,24,1,Szymanski_2019,NERP,0.1308803361737696,23,1,Obrien_2013,Dinesen,583.7058858406999,7,1,Harden_2002,1,1
AmeriFlux,US-NR3,Niwot Ridge Alpine (T-Van West),40.052,-105.5864,NIWO,0.42455817545911056,7,2,Beem-Miller_2022|Nave_2021,AZ_Mollisol,759.5616399913303,34,1,Heckman_2018,Treynor,847.9591795032932,9,1,Harden_2002,1,1
AmeriFlux,US-NR4,Niwot Ridge Alpine (T-Van East),40.052,-105.5859,NIWO,0.39098065525696457,7,2,Beem-Miller_2022|Nave_2021,AZ_Mollisol,759.5923364618712,34,1,Heckman_2018,Treynor,847.9174930234627,9,1,Harden_2002,1,1
AmeriFlux,US-SRC,Santa Rita Creosote,31.9083,-110.8395,SRER,0.4618511656448223,3,1,Nave_2021,Mt. Lemmon Granite,57.61625561356048,9,1,Heckman_2010,Sedgwick Reserve,910.0667351846755,9,1,Fierer_2005,1,1
AmeriFlux,US-WCr,Willow Creek,45.8059,-90.0799,Willow Creek,0.0,23,1,phillips_2013,S1_Bog_MEF,319.4068433729252,27,1,McFarlane_2018,Dinesen,617.6691460836561,7,1,Harden_2002,1,1
AmeriFlux,US-Wrc,Wind River Crane Site,45.8205,-121.9519,WREF,0.0013553387269061657,6,1,Beem-Miller_2022,Andrews Experimental Forest,175.19135840916155,12,2,Sollins_2006|Sollins_2009,Chiquito,979.7485802052871,11,1,Wang_2000,1,1
AmeriFlux,US-xAB,NEON Abby Road (ABBY),45.7624,-122.3303,ABBY,0.00406740254468773,3,1,Nave_2021,Andrews Experimental Forest,168.90669647031888,12,2,Sollins_2006|Sollins_2009,Chiquito,981.4872247099323,11,1,Wang_2000,1,1
AmeriFlux,US-xAE,NEON Klemme Range Research Station (OAES),35.4106,-99.0588,OAES,0.0014344829418518905,3,1,Nave_2021,MO Ozark BREA,712.1703989998464,30,1,McFarlane_2013,Treynor,705.807226548001,9,1,Harden_2002,1,1
AmeriFlux,US-xBL,NEON Blandy Experimental Farm (BLAN),39.0603,-78.0716,BLAN,0.005631210622059268,3,1,Nave_2021,Atlantic Coast Flatwoods,502.2597727202145,16,1,Butnor_2017,Harvard Forest,627.4195572175374,175,1,Savage_2013,1,1
AmeriFlux,US-xCL,NEON LBJ National Grassland (CLBJ),33.4012,-97.57,CLBJ,0.0033358477988154308,7,2,Beem-Miller_2022|Nave_2021,Western Coastal Plain,496.6897003675702,20,1,Butnor_2017,Treynor,879.9745911220436,9,1,Harden_2002,1,1
AmeriFlux,US-xCP,NEON Central Plains Experimental Range (CPER),40.8155,-104.7456,CPER,0.0037843720936097352,3,1,Nave_2021,Dinesen,797.0103138671153,18,1,Harden_2002,Treynor,764.6154371759923,9,1,Harden_2002,1,1
AmeriFlux,US-xDC,NEON Dakota Coteau Field School (DCFS),47.1617,-99.1066,DCFS,0.006329025254502879,10,1,Beem-Miller_2022,S1_Bog_MEF,427.5987740387565,27,1,McFarlane_2018,Dinesen,677.89631222528,7,1,Harden_2002,1,1
AmeriFlux,US-xDL,NEON Dead Lake (DELA),32.5417,-87.8039,DELA,0.0024133780119079944,3,1,Nave_2021,Southern Piedmont,275.67460367356256,20,1,Butnor_2017,Treynor,1184.634855124759,9,1,Harden_2002,1,1
AmeriFlux,US-xDS,NEON Disney Wilderness Preserve (DSNY),28.125,-81.4362,DSNY,0.0044477970656139655,3,1,Nave_2021,Southern Piedmont,578.4598575290802,20,1,Butnor_2017,Harvard Forest,1805.383398288715,175,1,Savage_2013,1,1
AmeriFlux,US-xGR,"NEON Great Smoky Mountains National Park, Twin Creeks (GRSM)",35.689,-83.5019,GRSM,0.006338261836650987,3,1,Nave_2021,Oak Ridge Reservation,78.41511862550695,12,1,Swanston_2005,Treynor,1218.7579881492024,9,1,Harden_2002,1,1
AmeriFlux,US-xJE,NEON Jones Ecological Research Center (JERC),31.1948,-84.4686,JERC,0.004857174863862849,1,1,Beem-Miller_2022,Southern Piedmont,139.27738025774363,20,1,Butnor_2017,Treynor,1492.4609555585937,9,1,Harden_2002,1,1
AmeriFlux,US-xJR,NEON Jornada LTER (JORN),32.5907,-106.8425,JORN,0.004357646261923626,3,1,Nave_2021,Chiricahua Rhyolite,242.21192057710505,18,1,Heckman_2010,Fallbrook,1225.730555055768,2,1,Ewing_2006,1,1
AmeriFlux,US-xKA,NEON Konza Prairie Biological Station - Relocatable (KONA),39.1104,-96.6129,KONA,0.006196236889486326,3,1,Nave_2021,Dinesen,310.2841176526028,18,1,Harden_2002,Treynor,242.94800197164042,9,1,Harden_2002,1,1
AmeriFlux,US-xKZ,NEON Konza Prairie Biological Station (KONZ),39.1008,-96.5631,KONZ,0.003445649748947216,3,1,Nave_2021,Dinesen,309.77823921236865,18,1,Harden_2002,Treynor,242.55709098841396,9,1,Harden_2002,1,1
AmeriFlux,US-xLE,NEON Lenoir Landing (LENO),31.8539,-88.1612,LENO,0.0029178656682195426,3,1,Nave_2021,Southern Piedmont,315.80365793750707,20,1,Butnor_2017,Treynor,1231.4399656807232,9,1,Harden_2002,1,1
AmeriFlux,US-xMB,NEON Moab (MOAB),38.2483,-109.3883,MOAB,0.004241581672464797,3,1,Nave_2021,AZ_Mollisol,396.43347426818445,34,1,Heckman_2018,Chiquito,864.4827309353858,11,1,Wang_2000,1,1
AmeriFlux,US-xML,NEON Mountain Lake Biological Station (MLBS),37.3783,-80.5248,MLBS,0.004175863745257359,3,1,Nave_2021,Oak Ridge Reservation,371.2414186257359,12,1,Swanston_2005,Harvard Forest,911.8364136550591,175,1,Savage_2013,1,1
AmeriFlux,US-xNG,NEON Northern Great Plains Research Laboratory (NOGP),46.7697,-100.9154,NOGP,0.004409872103909883,3,1,Nave_2021,S1_Bog_MEF,570.0502068432621,27,1,McFarlane_2018,Dinesen,719.4017550184448,7,1,Harden_2002,1,1
AmeriFlux,US-xNQ,NEON Onaqui-Ault (ONAQ),40.1776,-112.4524,ONAQ,0.0035756247340862773,3,1,Nave_2021,Flagstaff Basalt,561.4911136907444,12,1,Heckman_2010,Chiquito,664.8841366273917,11,1,Wang_2000,1,1
AmeriFlux,US-xNW,NEON Niwot Ridge Mountain Research Station (NIWO),40.0543,-105.5824,NIWO,0.006118047471306961,7,2,Beem-Miller_2022|Nave_2021,AZ_Mollisol,759.9843488605876,34,1,Heckman_2018,Treynor,847.5742343290074,9,1,Harden_2002,1,1
AmeriFlux,US-xRM,"NEON Rocky Mountain National Park, CASTNET (RMNP)",40.2759,-105.5459,RMNP,0.0020286024556377667,3,1,Nave_2021,AZ_Mollisol,779.4398551600756,34,1,Heckman_2018,Treynor,839.9141844141665,9,1,Harden_2002,1,1
AmeriFlux,US-xSB,NEON Ordway-Swisher Biological Station (OSBS),29.6893,-81.9934,OSBS,0.003601838635111731,1,1,Beem-Miller_2022,Southern Piedmont,407.3333824053586,20,1,Butnor_2017,Harvard Forest,1674.8558591560993,175,1,Savage_2013,1,1
AmeriFlux,US-xSC,NEON Smithsonian Conservation Biology Institute (SCBI),38.8929,-78.1395,SCBI,0.0022238985328069828,3,1,Nave_2021,Atlantic Coast Flatwoods,484.7807902536904,16,1,Butnor_2017,Harvard Forest,643.9377923225765,175,1,Savage_2013,1,1
AmeriFlux,US-xSE,NEON Smithsonian Environmental Research Center (SERC),38.8901,-76.56,SERC,0.002386376661649103,3,1,Nave_2021,Atlantic Coast Flatwoods,482.4333727136799,16,1,Butnor_2017,Harvard Forest,547.0935822341287,175,1,Savage_2013,1,1
AmeriFlux,US-xSJ,NEON San Joaquin Experimental Range (SJER),37.1088,-119.7323,SJER,0.0028444979316502913,5,2,Beem-Miller_2022|Nave_2021,GRpp,32.37054058171362,6,1,Rasmussen_2018,Musick,41.88471103528352,16,1,Wang_2000,1,1
AmeriFlux,US-xSL,"NEON North Sterling, CO (STER)",40.4619,-103.0293,STER,0.00041916011743214687,3,1,Nave_2021,Dinesen,663.9016928616226,18,1,Harden_2002,Treynor,626.2928050389722,9,1,Harden_2002,1,1
AmeriFlux,US-xSR,NEON Santa Rita Experimental Range (SRER),31.9107,-110.8355,SRER,0.0024159219904491356,3,1,Nave_2021,Mt. Lemmon Granite,57.290079768614476,9,1,Heckman_2010,Sedgwick Reserve,910.3140192295042,9,1,Fierer_2005,1,1
AmeriFlux,US-xST,NEON Steigerwaldt Land Services (STEI),45.5089,-89.5864,STEI,0.005408258437360277,2,1,Nave_2021,MI_Spodosol,359.39822575761445,33,1,Heckman_2018,Dinesen,623.0580570178771,7,1,Harden_2002,1,1
AmeriFlux,US-xTA,NEON Talladega National Forest (TALL),32.9505,-87.3933,TALL,0.005075763722511996,3,1,Beem-Miller_2022,Southern Piedmont,243.97141692661214,20,1,Butnor_2017,Treynor,1169.4332073670728,9,1,Harden_2002,1,1
AmeriFlux,US-xTL,NEON Toolik (TOOL),68.6611,-149.3705,TOOL,0.0016461742019617089,3,1,Nave_2021,Hess Creek,344.52074267950724,22,1,O'Donnell_2011,CPCRW,396.9474363066191,2,1,Schuur_2006,1,1
AmeriFlux,US-xTR,NEON Treehaven (TREE),45.4937,-89.5857,TREE,0.0031138714441349396,3,1,Nave_2021,MI_Spodosol,359.46800942481275,33,1,Heckman_2018,Dinesen,621.9993600871062,7,1,Harden_2002,1,1
AmeriFlux,US-xUK,NEON The University of Kansas Field Station (UKFS),39.0404,-95.1921,UKFS,0.005525352360753519,4,1,Beem-Miller_2022,MO Ozark BREA,261.029862564092,30,1,McFarlane_2013,Treynor,239.421955938103,9,1,Harden_2002,1,1
AmeriFlux,US-xUN,NEON University of Notre Dame Environmental Research Center (UNDE),46.2339,-89.5373,UNDE,0.0037087209404710448,5,1,Beem-Miller_2022,S1_Bog_MEF,329.58387703311865,27,1,McFarlane_2018,Dinesen,680.9859556222544,7,1,Harden_2002,1,1
AmeriFlux,US-xWD,NEON Woodworth (WOOD),47.1282,-99.2414,WOOD,0.004557845565557368,3,1,Nave_2021,S1_Bog_MEF,438.18913485379295,27,1,McFarlane_2018,Dinesen,679.4834616131291,7,1,Harden_2002,1,1
AmeriFlux,US-xWR,NEON Wind River Experimental Forest (WREF),45.8205,-121.9519,WREF,0.0013553387269061657,6,1,Beem-Miller_2022,Andrews Experimental Forest,175.19135840916155,12,2,Sollins_2006|Sollins_2009,Chiquito,979.7485802052871,11,1,Wang_2000,1,1
AmeriFlux,CA-NS8,UCI-2003 burn site,55.8981,-98.2161,TH_Young_Jack_Pine,4.431722363790572,17,1,Trumbore_Harden_1997,NSA_FenTower,12.888404305156207,77,1,Trumbore_1999,CZ_1964burn_NSA,10.53319594520108,2,1,Czimczik_2007,0,3
AmeriFlux,US-CZ3,"Sierra Critical Zone, Sierra Transect, Sierran Mixed Conifer, P301",37.0674,-119.1951,Trumbore Shaver,4.006177243721971,12,2,Trumbore_1996|Trumbore_unpublished,Trumbore Corbett,2.6247181023082895,26,1,Trumbore_1996,Musick,7.994474878855355,16,1,Wang_2000,0,3
AmeriFlux,US-Ho1,Howland Forest (main tower),45.2041,-68.7402,Howland Forest,7.066065435025488,38,3,Fernandez_1993a|Gaudinski_2001|Trumbore_unpub,Howland Forest,7.066065435025488,148,2,Gaudinski_2001|Trumbore_unpub,Howland Forest,7.066065435025488,182,1,Gaudinski_2001,0,3
AmeriFlux,US-Ho2,Howland Forest (west tower),45.2091,-68.747,Howland Forest,7.824365888486551,38,3,Fernandez_1993a|Gaudinski_2001|Trumbore_unpub,Howland Forest,7.824365888486551,148,2,Gaudinski_2001|Trumbore_unpub,Howland Forest,7.824365888486551,182,1,Gaudinski_2001,0,3
AmeriFlux,US-Ho3,Howland Forest (harvest site),45.2072,-68.725,Howland Forest,6.37512094569273,38,3,Fernandez_1993a|Gaudinski_2001|Trumbore_unpub,Howland Forest,6.37512094569273,148,2,Gaudinski_2001|Trumbore_unpub,Howland Forest,6.37512094569273,182,1,Gaudinski_2001,0,3
AmeriFlux,BR-Ma2,Manaus - ZF2 K34,-2.6091,-60.2093,ZF2,12.92566876146523,16,1,Telles_2003,Pessenda_2001_Humaita IId,629.0756377622012,2,1,Pessenda_2001,ZF2,12.92566876146523,5,1,Trumbore_2006,0,2
AmeriFlux,BR-Sa1,Santarem-Km67-Primary Forest,-2.8567,-54.9589,FLONA,17.872648176844883,44,2,Telles_2003|Trumbore_2006,Fazenda Victoria,826.5823956226067,84,3,Camargo_1999|Telles_2011|Trumbore_1995,FLONA,17.872648176844883,22,1,Trumbore_2006,0,2
AmeriFlux,PR-xGU,NEON Guanica Forest (GUAN),17.9696,-66.8687,Susua State Forest,12.436410373955047,1,1,Sollins_2009,Susua State Forest,12.436410373955047,8,1,Sollins_2009,ZF2,2398.862676286524,5,1,Trumbore_2006,0,2
AmeriFlux,PR-xLA,NEON Lajas Experimental Station (LAJA),18.0212,-67.0769,Susua State Forest,17.92443416648176,1,1,Sollins_2009,Susua State Forest,17.92443416648176,8,1,Sollins_2009,ZF2,2411.4224940900967,5,1,Trumbore_2006,0,2
AmeriFlux,US-A10,ARM-NSA-Barrow,71.3242,-156.6149,BARR,4.630136090474804,3,1,Nave_2021,Hess Creek,711.7698108581991,22,1,O'Donnell_2011,Barrow,5.939954437272147,49,1,Vaughn_2018,0,2
AmeriFlux,US-Bn1,"Bonanza Creek, 1920 Burn site near Delta Junction",63.9198,-145.3782,DEJU,18.75413854610671,3,1,Nave_2021,EML,189.61289427878285,29,1,Hicks_Pries_2012,Tower_12-Mile,20.61659117212532,3,1,Schuur_2006,0,2
AmeriFlux,US-Bn2,"Bonanza Creek, 1987 Burn site near Delta Junction",63.9198,-145.3782,DEJU,18.75413854610671,3,1,Nave_2021,EML,189.61289427878285,29,1,Hicks_Pries_2012,Tower_12-Mile,20.61659117212532,3,1,Schuur_2006,0,2
AmeriFlux,US-Bn3,"Bonanza Creek, 1999 Burn site near Delta Junction",63.9227,-145.7442,DEJU,4.6367315376359075,3,1,Nave_2021,EML,171.72138003028786,29,1,Hicks_Pries_2012,Tower_12-Mile,13.22014575443392,3,1,Schuur_2006,0,2
AmeriFlux,US-Brw,Barrow,71.3225,-156.6092,BARR,4.452093882487108,3,1,Nave_2021,Hess Creek,711.504966923224,22,1,O'Donnell_2011,Barrow,5.687864755579711,49,1,Vaughn_2018,0,2
AmeriFlux,US-CZ4,"Sierra Critical Zone, Sierra Transect, Subalpine Forest, Shorthair",37.0675,-118.9867,TEAK,7.068563548617011,5,1,Beem-Miller_2022,Trumbore Shaver,18.299851474532826,53,3,Koarashi_2012|Trumbore_1996|Trumbore_unpublished,Musick,25.59874281862517,16,1,Wang_2000,0,2
AmeriFlux,US-ChR,Chestnut Ridge,35.9311,-84.3324,Oak Ridge Reservation,5.249758947405613,4,1,Swanston_2005,Oak Ridge Reservation,5.249758947405613,12,1,Swanston_2005,Treynor,1141.5605838425802,9,1,Harden_2002,0,2
AmeriFlux,US-Cms,Central Marsh,71.3202,-156.6223,BARR,4.185249221792888,3,1,Nave_2021,Hess Creek,711.5147014340946,22,1,O'Donnell_2011,Barrow,5.648548367168385,49,1,Vaughn_2018,0,2
AmeriFlux,US-Fcr,Cascaden Ridge Fire Scar,65.3968,-148.9348,Hess Creek,18.99539663557391,41,1,O'Donnell_2011,Hess Creek,18.99539663557391,22,1,O'Donnell_2011,CPCRW,71.43753791237965,2,1,Schuur_2006,0,2
AmeriFlux,US-Fmf,Flagstaff - Managed Forest,35.1426,-111.7273,Flagstaff Basalt,2.2409473816344216,4,1,Heckman_2010,Flagstaff Basalt,2.2409473816344216,12,1,Heckman_2010,Fallbrook,702.2719307302606,2,1,Ewing_2006,0,2
AmeriFlux,US-Fuf,Flagstaff - Unmanaged Forest,35.089,-111.762,Flagstaff Basalt,8.066104913923999,4,1,Heckman_2010,Flagstaff Basalt,8.066104913923999,12,1,Heckman_2010,Fallbrook,700.9829466672073,2,1,Ewing_2006,0,2
AmeriFlux,US-KL1,KBS Lux Arbor Reserve Corn,42.4847,-85.4422,Kellogg Biological Station,9.411195081837052,1,1,Sollins_2009,Kellogg Biological Station,9.411195081837052,7,1,Sollins_2009,Dinesen,815.7636805526339,7,1,Harden_2002,0,2
AmeriFlux,US-KL2,KBS Lux Arbor Reserve Switchgrass,42.4768,-85.4468,Kellogg Biological Station,8.759335303778425,1,1,Sollins_2009,Kellogg Biological Station,8.759335303778425,7,1,Sollins_2009,Dinesen,815.3452700072133,7,1,Harden_2002,0,2
AmeriFlux,US-KL3,KBS Lux Arbor Reserve Prairie,42.4735,-85.4473,Kellogg Biological Station,8.449888447262785,1,1,Sollins_2009,Kellogg Biological Station,8.449888447262785,7,1,Sollins_2009,Dinesen,815.287191821579,7,1,Harden_2002,0,2
AmeriFlux,US-KM1,KBS Marshall Farms Corn,42.4376,-85.3287,Kellogg Biological Station,6.826365317876326,1,1,Sollins_2009,Kellogg Biological Station,6.826365317876326,7,1,Sollins_2009,Dinesen,824.8362357712606,7,1,Harden_2002,0,2
AmeriFlux,US-KM2,KBS Marshall Farms Prairie,42.4441,-85.3098,Kellogg Biological Station,8.530021883500115,1,1,Sollins_2009,Kellogg Biological Station,8.530021883500115,7,1,Sollins_2009,Dinesen,826.4148044996028,7,1,Harden_2002,0,2
AmeriFlux,US-KM3,KBS Marshall Farms Switchgrass,42.4464,-85.3105,Kellogg Biological Station,8.610703365413459,1,1,Sollins_2009,Kellogg Biological Station,8.610703365413459,7,1,Sollins_2009,Dinesen,826.3677517139702,7,1,Harden_2002,0,2
AmeriFlux,US-KM4,KBS Marshall Farms Smooth Brome Grass (Ref),42.4423,-85.3301,Kellogg Biological Station,7.015033452923847,1,1,Sollins_2009,Kellogg Biological Station,7.015033452923847,7,1,Sollins_2009,Dinesen,824.7423560621891,7,1,Harden_2002,0,2
AmeriFlux,US-MBP,Marcell Bog Lake Peatland,47.5051,-93.4893,S1_Bog_MEF,2.653421301720791,178,1,McFarlane_2018,S1_Bog_MEF,2.653421301720791,27,1,McFarlane_2018,Dinesen,659.7623550190723,7,1,Harden_2002,0,2
AmeriFlux,US-MWF,Kellogg Experimental Forest,42.366,-85.3526,Kellogg Biological Station,5.910866832533217,1,1,Sollins_2009,Kellogg Biological Station,5.910866832533217,7,1,Sollins_2009,Dinesen,822.5957560530314,7,1,Harden_2002,0,2
AmeriFlux,US-MWU,Battle Creek Area Mathematics and Science Center,42.3228,-85.1871,Kellogg Biological Station,19.78753854488087,1,1,Sollins_2009,Kellogg Biological Station,19.78753854488087,7,1,Sollins_2009,Dinesen,836.0659722276544,7,1,Harden_2002,0,2
AmeriFlux,US-Prr,Poker Flat Research Range Black Spruce Forest,65.1237,-147.4876,BONA,3.489980141847732,3,1,Nave_2021,Hess Creek,82.9460245035213,22,1,O'Donnell_2011,CPCRW,4.8494940209571515,2,1,Schuur_2006,0,2
AmeriFlux,US-Rpf,Poker Flat Research Range: Succession from fire scar to deciduous forest,65.1198,-147.429,BONA,4.8752287674304124,3,1,Nave_2021,Hess Creek,85.40192501977236,22,1,O'Donnell_2011,CPCRW,6.209565587866826,2,1,Schuur_2006,0,2
AmeriFlux,US-SuM,Maui Sugarcane Middle,20.7981,-156.454,Maui,21.235401472920554,36,1,Schuur_2001,Maui,21.235401472920554,18,1,Schuur_2001,Sedgwick Reserve,3874.331004673877,9,1,Fierer_2005,0,2
AmeriFlux,US-SuS,Maui Sugarcane Lee/Sheltered,20.7847,-156.4039,Maui,16.212286553955558,36,1,Schuur_2001,Maui,16.212286553955558,18,1,Schuur_2001,Sedgwick Reserve,3870.659547340171,9,1,Fierer_2005,0,2
AmeriFlux,US-UM3,Douglas Lake,45.5686,-84.6707,MI-Coarse UMBS,3.495049517440736,48,1,McFarlane_2013,MI-Coarse UMBS,3.495049517440736,30,1,McFarlane_2013,Dinesen,954.4322586096857,7,1,Harden_2002,0,2
AmeriFlux,US-UMd,UMBS Disturbance,45.5625,-84.6975,MI-Coarse UMBS,1.3040326440197876,48,1,McFarlane_2013,MI-Coarse UMBS,1.3040326440197876,30,1,McFarlane_2013,Dinesen,952.246656941506,7,1,Harden_2002,0,2
AmeriFlux,US-WBW,Walker Branch Watershed,35.9588,-84.2874,Oak Ridge Reservation,1.671829877992146,4,1,Swanston_2005,Oak Ridge Reservation,1.671829877992146,12,1,Swanston_2005,Treynor,1143.20054749151,9,1,Harden_2002,0,2
AmeriFlux,US-xRN,NEON Oak Ridge National Lab (ORNL),35.9641,-84.2826,Oak Ridge Reservation,1.6707684487623877,4,1,Swanston_2005,Oak Ridge Reservation,1.6707684487623877,12,1,Swanston_2005,Treynor,1143.231313954777,9,1,Harden_2002,0,2
AmeriFlux,CR-Dos,La Selva T2,10.4322,-84.0106,SELVA,1.1847182460108103,7,1,Posada_2011,Susua State Forest,2026.889836894321,8,1,Sollins_2009,ZF2,3013.7806482424335,5,1,Trumbore_2006,0,1
AmeriFlux,US-ALQ,Allequash Creek Site,46.0308,-89.6067,UNDE,23.206950957845034,3,1,Nave_2021,S1_Bog_MEF,335.75430113402643,27,1,McFarlane_2018,Dinesen,661.2198872166261,7,1,Harden_2002,0,1
AmeriFlux,US-CX1,"Central Plains Experimental Range 1, Nunn, Colorado",40.833,-104.76,CPER,2.289014942842436,3,1,Nave_2021,Dinesen,797.8581862183707,18,1,Harden_2002,Treynor,765.6232098482952,9,1,Harden_2002,0,1
AmeriFlux,US-CX2,"Central Plains Experimental Range 2, Nunn, Colorado",40.8402,-104.7672,CPER,3.2901220683071113,3,1,Nave_2021,Dinesen,798.3141131851826,18,1,Harden_2002,Treynor,766.1460076156964,9,1,Harden_2002,0,1
AmeriFlux,US-CaV,Canaan Valley,39.0633,-79.4208,CVNWR Peatland 5,6.789288387674216,16,1,Schaney_2020,Atlantic Coast Flatwoods,532.9988721436479,16,1,Butnor_2017,Harvard Forest,720.0731266978237,175,1,Savage_2013,0,1
AmeriFlux,US-Cop,Corral Pocket,38.09,-109.39,MOAB,17.60614231130085,3,1,Nave_2021,AZ_Mollisol,381.31495052905484,34,1,Heckman_2018,Chiquito,863.1984080833921,11,1,Wang_2000,0,1
AmeriFlux,US-DBk,Berkeley Way West,37.8736,-122.2684,Santa Cruz,101.44324602446954,58,1,Lawrence_2021,Tennessee Valley,23.298130784827904,88,1,Berhe_2012,Musick,280.760022886403,16,1,Wang_2000,0,1
AmeriFlux,US-DPP,Disney Wilderness Preserve Pine Flatwoods,28.1046,-81.419,DSNY,2.830423651684595,3,1,Nave_2021,Southern Piedmont,581.2834936416392,20,1,Butnor_2017,Harvard Forest,1806.725438467648,175,1,Savage_2013,0,1
AmeriFlux,US-DPW,Disney Wilderness Preserve Wetland,28.0521,-81.4361,DSNY,8.110563882033249,3,1,Nave_2021,Southern Piedmont,585.2108627154478,20,1,Butnor_2017,Harvard Forest,1812.7257554079474,175,1,Savage_2013,0,1
AmeriFlux,US-EKH,Elkhorn Slough Hester Marsh,36.8094,-121.7523,Windy,21.61396417158563,19,1,Wang_1999,CA_Mollisol,34.531372092323075,36,1,Heckman_2018,Fallbrook,219.03842555873055,59,1,Wang_2000,0,1
AmeriFlux,US-EKN,Elkhorn Slough North Marsh,36.8357,-121.7328,Windy,19.22128798885666,19,1,Wang_1999,CA_Mollisol,34.692190345084704,36,1,Heckman_2018,Fallbrook,217.4104423136198,59,1,Wang_2000,0,1
AmeriFlux,US-EKP,Elkhorn Slough Porter Marsh,36.8558,-121.7488,Windy,16.667674721933984,19,1,Wang_1999,CA_Mollisol,32.48396479525817,36,1,Heckman_2018,Fallbrook,218.9404087628006,59,1,Wang_2000,0,1
AmeriFlux,US-EKY,Elkhorn Slough Yampah Marsh,36.8105,-121.7487,Windy,21.559480010941098,19,1,Wang_1999,CA_Mollisol,34.745117415238575,36,1,Heckman_2018,Fallbrook,218.7217256498883,59,1,Wang_2000,0,1
AmeriFlux,US-Goo,Goodwin Creek,34.2547,-89.8735,Goodwin Creek,13.753981198452474,30,1,Harden_1999,Western Coastal Plain,479.95290292535964,20,1,Butnor_2017,Treynor,920.4402595101392,9,1,Harden_2002,0,1
AmeriFlux,US-IB1,Fermi National Accelerator Laboratory- Batavia (Agricultural site),41.8593,-88.2227,ARL,185.72256610882698,24,1,Szymanski_2019,NERP,2.5124431775073197,23,1,Obrien_2013,Dinesen,585.1915965557364,7,1,Harden_2002,0,1
AmeriFlux,US-ICh,Imnavait Creek Watershed Heath Tundra,68.6068,-149.2958,TOOL,6.752260065778695,3,1,Nave_2021,Hess Creek,338.3255541382255,22,1,O'Donnell_2011,CPCRW,390.3958282947683,2,1,Schuur_2006,0,1
AmeriFlux,US-ICs,Imnavait Creek Watershed Wet Sedge Tundra,68.6058,-149.311,TOOL,6.603179226088851,3,1,Nave_2021,Hess Creek,338.2462503742743,22,1,O'Donnell_2011,CPCRW,390.42030984496756,2,1,Schuur_2006,0,1
AmeriFlux,US-ICt,Imnavait Creek Watershed Tussock Tundra,68.6063,-149.3041,TOOL,6.659305352830218,3,1,Nave_2021,Hess Creek,338.28720355408103,22,1,O'Donnell_2011,CPCRW,390.41405241260725,2,1,Schuur_2006,0,1
AmeriFlux,US-Jo1,Jornada Experimental Range Bajada Site,32.582,-106.635,JORN,19.46850683129455,3,1,Nave_2021,Chiricahua Rhyolite,260.48035344386324,18,1,Heckman_2010,Fallbrook,1243.7189347143733,2,1,Ewing_2006,0,1
AmeriFlux,US-Jo2,Jornada Experimental Range Mixed Shrubland,32.5849,-106.6032,JORN,22.432776470163116,3,1,Nave_2021,Chiricahua Rhyolite,263.428990686693,18,1,Heckman_2010,Fallbrook,1246.2784005216972,2,1,Ewing_2006,0,1
AmeriFlux,US-Jo3,Jornada Experimental Range Red Lake Playa,32.7123,-106.8303,JORN,13.57199173052804,3,1,Nave_2021,Chiricahua Rhyolite,247.82993277149848,18,1,Heckman_2010,Fallbrook,1221.0217849371902,2,1,Ewing_2006,0,1
AmeriFlux,US-KFB,Konza Prairie LTER (4B),39.0745,-96.5951,KONZ,4.020610482272502,3,1,Nave_2021,Dinesen,313.47800973180824,18,1,Harden_2002,Treynor,246.21258609097305,9,1,Harden_2002,0,1
AmeriFlux,US-KFS,Kansas Field Station,39.0561,-95.1907,UKFS,1.7468069858252995,4,1,Beem-Miller_2022,MO Ozark BREA,261.10742684476975,30,1,McFarlane_2013,Treynor,237.7174647787348,9,1,Harden_2002,0,1
AmeriFlux,US-Kon,Konza Prairie LTER (KNZ),39.0824,-96.5603,KONZ,2.056793504520503,3,1,Nave_2021,Dinesen,311.6176003222143,18,1,Harden_2002,Treynor,244.42206132699968,9,1,Harden_2002,0,1
AmeriFlux,US-LL1,Longleaf Pine - Baker (Mesic site),31.2792,-84.5329,JERC,11.195533705902598,1,1,Beem-Miller_2022,Southern Piedmont,128.6308629774139,20,1,Butnor_2017,Treynor,1481.3199181604327,9,1,Harden_2002,0,1
AmeriFlux,US-LL2,Longleaf Pine - Dubignion (Intermediate site),31.201,-84.4449,JERC,2.358101853523201,1,1,Beem-Miller_2022,Southern Piedmont,139.24336384076307,20,1,Butnor_2017,Treynor,1493.3429138204535,9,1,Harden_2002,0,1
AmeriFlux,US-LL3,Longleaf Pine - Red Dirt (Xeric site),31.2688,-84.4787,JERC,8.279711465189774,1,1,Beem-Miller_2022,Southern Piedmont,131.1026083458697,20,1,Butnor_2017,Treynor,1485.4640868181089,9,1,Harden_2002,0,1
AmeriFlux,US-MCP,"Moro Cojo Slough, PG&E Treatment Wetland",36.783,-121.769,Windy,24.286277910372966,19,1,Wang_1999,CA_Mollisol,34.91105949672356,36,1,Heckman_2018,Fallbrook,220.45848185991946,59,1,Wang_2000,0,1
AmeriFlux,US-Men,"Lake Mendota, Center for Limnology Site",43.0772,-89.403,ARL,24.382291412925998,24,1,Szymanski_2019,NERP,167.18119485979133,23,1,Obrien_2013,Dinesen,505.85888131077127,7,1,Harden_2002,0,1
AmeriFlux,US-NP1,Business-As-Usual Management (mandanh5),46.7756,-100.951,NOGP,2.792609095106174,3,1,Nave_2021,S1_Bog_MEF,572.5877326506419,27,1,McFarlane_2018,Dinesen,721.6661142577472,7,1,Harden_2002,0,1
AmeriFlux,US-NP2,ASPirational Management (mandani2),46.7613,-100.9257,NOGP,1.2239469081261443,3,1,Nave_2021,S1_Bog_MEF,570.9988203011548,27,1,McFarlane_2018,Dinesen,719.2039467488006,7,1,Harden_2002,0,1
AmeriFlux,US-NR1,Niwot Ridge Forest (LTER NWT1),40.0329,-105.5464,NIWO,3.87448552098961,7,2,Beem-Miller_2022|Nave_2021,AZ_Mollisol,760.5573630785323,34,1,Heckman_2018,Treynor,845.0551956414267,9,1,Harden_2002,0,1
AmeriFlux,US-NR2,Niwot Ridge Forest (USGS site),40.0325,-105.5469,NIWO,3.868592814568194,7,2,Beem-Miller_2022|Nave_2021,AZ_Mollisol,760.4958663067385,34,1,Heckman_2018,Treynor,845.1059461266562,9,1,Harden_2002,0,1
AmeriFlux,US-PFL,SW2 Aspen-3 CHEESEHEAD 2019,45.9409,-90.3177,Willow Creek,23.75449133505089,23,1,phillips_2013,S1_Bog_MEF,295.66470350814757,27,1,McFarlane_2018,Dinesen,616.0253408339315,7,1,Harden_2002,0,1
AmeriFlux,US-PFa,Park Falls/WLEF,45.9459,-90.2723,Willow Creek,21.545152353445616,23,1,phillips_2013,S1_Bog_MEF,298.1355687529849,27,1,McFarlane_2018,Dinesen,618.7912221049195,7,1,Harden_2002,0,1
AmeriFlux,US-PFd,NW3 Tussock-1 CHEESEHEAD 2019,45.9689,-90.301,Willow Creek,24.927141696113114,23,1,phillips_2013,S1_Bog_MEF,294.82903539602535,27,1,McFarlane_2018,Dinesen,619.2042726950755,7,1,Harden_2002,0,1
AmeriFlux,US-PFf,NW5 Grass-1 CHEESEHEAD 2019,45.9458,-90.2944,Willow Creek,22.753930237472474,23,1,phillips_2013,S1_Bog_MEF,296.7743302409709,27,1,McFarlane_2018,Dinesen,617.6362779356456,7,1,Harden_2002,0,1
AmeriFlux,US-PFg,NE1 Pine-2 CHEESEHEAD 2019,45.9735,-90.2723,Willow Creek,23.85483685748756,23,1,phillips_2013,S1_Bog_MEF,296.31050583160544,27,1,McFarlane_2018,Dinesen,621.0675425192859,7,1,Harden_2002,0,1
AmeriFlux,US-PFh,NE2 Pine-3 CHEESEHEAD 2019,45.9557,-90.2406,Willow Creek,20.789382806660043,23,1,phillips_2013,S1_Bog_MEF,299.4568495733857,27,1,McFarlane_2018,Dinesen,621.2461865200303,7,1,Harden_2002,0,1
AmeriFlux,US-PFi,NE3 Hardwood-1 CHEESEHEAD 2019,45.9749,-90.2327,Willow Creek,22.203403824573982,23,1,phillips_2013,S1_Bog_MEF,298.692084090093,27,1,McFarlane_2018,Dinesen,623.236252603889,7,1,Harden_2002,0,1
AmeriFlux,US-PFj,NE4 Maple-1 CHEESEHEAD 2019,45.9619,-90.227,Willow Creek,20.749525359836618,23,1,phillips_2013,S1_Bog_MEF,299.89812309247867,27,1,McFarlane_2018,Dinesen,622.4639379088796,7,1,Harden_2002,0,1
AmeriFlux,US-PFk,SW1 Aspen-2 CHEESEHEAD 2019,45.9149,-90.3425,Willow Creek,23.67301142994457,23,1,phillips_2013,S1_Bog_MEF,295.90374258106243,27,1,McFarlane_2018,Dinesen,612.5933265688828,7,1,Harden_2002,0,1
AmeriFlux,US-PFm,SW3 Hardwood-2 CHEESEHEAD 2019,45.9207,-90.3099,Willow Creek,21.91190196129791,23,1,phillips_2013,S1_Bog_MEF,297.5063785839648,27,1,McFarlane_2018,Dinesen,614.7622082264023,7,1,Harden_2002,0,1
AmeriFlux,US-PFn,SW4 Hardwood-3 CHEESEHEAD 2019,45.9392,-90.2823,Willow Creek,21.56951036981507,23,1,phillips_2013,S1_Bog_MEF,297.9631667585663,27,1,McFarlane_2018,Dinesen,617.7199135347753,7,1,Harden_2002,0,1
AmeriFlux,US-PFo,SE1 Lake-2 CHEESEHEAD 2019,45.9229,-90.2728,Willow Creek,19.807957126244137,23,1,phillips_2013,S1_Bog_MEF,299.6411238342175,27,1,McFarlane_2018,Dinesen,616.8734525068577,7,1,Harden_2002,0,1
AmeriFlux,US-PFp,SE2 Hardwood-4 CHEESEHEAD 2019,45.9365,-90.2641,Willow Creek,20.35362666538884,23,1,phillips_2013,S1_Bog_MEF,299.26919264419524,27,1,McFarlane_2018,Dinesen,618.4443332391943,7,1,Harden_2002,0,1
AmeriFlux,US-PFq,SE3 Aspen-4 CHEESEHEAD 2019,45.9271,-90.2475,Willow Creek,18.709037692514052,23,1,phillips_2013,S1_Bog_MEF,300.9233332590182,27,1,McFarlane_2018,Dinesen,618.5385313998459,7,1,Harden_2002,0,1
AmeriFlux,US-PFr,SE4 Tussock-2 CHEESEHEAD 2019,45.9245,-90.2475,Willow Creek,18.50208307480153,23,1,phillips_2013,S1_Bog_MEF,301.0967875136241,27,1,McFarlane_2018,Dinesen,618.3253950747081,7,1,Harden_2002,0,1
AmeriFlux,US-PFs,SE5 Aspen-5 CHEESEHEAD 2019,45.9381,-90.2382,Willow Creek,19.138756069101333,23,1,phillips_2013,S1_Bog_MEF,300.7686527413867,27,1,McFarlane_2018,Dinesen,619.9263086289488,7,1,Harden_2002,0,1
AmeriFlux,US-PFt,SE6 Pine-4 CHEESEHEAD 2019,45.9197,-90.2288,Willow Creek,17.119038735267655,23,1,phillips_2013,S1_Bog_MEF,302.5743219711807,27,1,McFarlane_2018,Dinesen,618.9112479326852,7,1,Harden_2002,0,1
AmeriFlux,US-Pnp,"Lake Mendota, Picnic Point Site",43.0896,-89.4158,ARL,23.11498022759875,24,1,Szymanski_2019,NERP,168.90704853422397,23,1,Obrien_2013,Dinesen,505.22805534472906,7,1,Harden_2002,0,1
AmeriFlux,US-SCd,Southern California Climate Gradient - Sonoran Desert,33.6518,-116.3721,Joshua_Tree,20.101173874949303,12,1,Nowinski_2021,Camp_Osceola,74.06358656495695,53,1,Nowinski_2009,Sedgwick Reserve,357.8277764779413,9,1,Fierer_2005,0,1
AmeriFlux,US-SP1,Slashpine-Austin Cary- 65yrs nat regen,29.7381,-82.2188,OSBS,22.43155682579878,1,1,Beem-Miller_2022,Southern Piedmont,389.02972471170926,20,1,Butnor_2017,Harvard Forest,1680.7298268659752,175,1,Savage_2013,0,1
AmeriFlux,US-SP3,Slashpine-Donaldson-mid-rot- 12yrs,29.7548,-82.1633,OSBS,17.94863097847722,1,1,Beem-Miller_2022,Southern Piedmont,391.06666876692714,20,1,Butnor_2017,Harvard Forest,1676.4795701782741,175,1,Savage_2013,0,1
AmeriFlux,US-SP4,Slashpine-Rayonier-mid-rot- 12yrs,29.8028,-82.2031,OSBS,23.855247958000145,1,1,Beem-Miller_2022,Southern Piedmont,384.5143465690939,20,1,Butnor_2017,Harvard Forest,1673.7228837942462,175,1,Savage_2013,0,1
AmeriFlux,US-SRG,Santa Rita Grassland,31.7894,-110.8277,SRER,13.505778115363823,3,1,Nave_2021,Mt. Lemmon Granite,70.53523389795068,9,1,Heckman_2010,Sedgwick Reserve,916.2166695605837,9,1,Fierer_2005,0,1
AmeriFlux,US-SRM,Santa Rita Mesquite,31.8214,-110.8661,SRER,10.339777989652436,3,1,Nave_2021,Mt. Lemmon Granite,67.57038558842974,9,1,Heckman_2010,Sedgwick Reserve,911.4829594585432,9,1,Fierer_2005,0,1
AmeriFlux,US-SRS,Santa Rita Savanna,31.8173,-110.8508,SRER,10.483563673590137,3,1,Nave_2021,Mt. Lemmon Granite,67.77256938925797,9,1,Heckman_2010,Sedgwick Reserve,912.9917071994721,9,1,Fierer_2005,0,1
AmeriFlux,US-SuW,Maui Sugarcane Windy,20.8246,-156.4913,Amalu-precipitation,17.78051282873212,8,1,Torn_1997,Maui,25.145046796310826,18,1,Schuur_2001,Sedgwick Reserve,3876.110808445856,9,1,Fierer_2005,0,1
AmeriFlux,US-Syv,Sylvania Wilderness Area,46.242,-89.3477,UNDE,14.606154308042745,3,1,Nave_2021,S1_Bog_MEF,342.2605540477516,27,1,McFarlane_2018,Dinesen,691.9189339451572,7,1,Harden_2002,0,1
AmeriFlux,US-TrB,Trout Bog,46.0412,-89.6862,UNDE,24.305243552445607,3,1,Nave_2021,S1_Bog_MEF,329.8904494451831,27,1,McFarlane_2018,Dinesen,657.6827827691574,7,1,Harden_2002,0,1
AmeriFlux,US-UTD,UFLUX Dugout Ranch,38.1038,-109.5952,MOAB,24.196246600913945,3,1,Nave_2021,AZ_Mollisol,373.4737385833371,34,1,Heckman_2018,Chiquito,845.3587663910004,11,1,Wang_2000,0,1
AmeriFlux,US-xPU,NEON Pu'u Maka'ala Natural Area Reserve (PUUM),19.5531,-155.3173,Olaa (2ky),14.743894178070185,9,1,Torn_1997,HI_Andisol,43.95991560582098,30,1,Heckman_2018,Sedgwick Reserve,3848.0856443924326,9,1,Fierer_2005,0,1
AmeriFlux,AR-Bal,Balcarce BA,-37.7596,-58.3024,La Campana,1267.6478290819437,19,1,Scheibe_2022,Londrina_2,1736.0414927328197,3,1,Pessenda_2001,FLONA,3878.0933251152846,22,1,Trumbore_2006,0,0
AmeriFlux,AR-CCa,Carlos Casares agriculture,-35.621,-61.3181,La Campana,938.010386352903,19,1,Scheibe_2022,Londrina_2,1670.5700033597273,3,1,Pessenda_2001,ZF2,3679.4376119341055,5,1,Trumbore_2006,0,0
AmeriFlux,AR-CCg,Carlos Casares grassland,-35.9244,-61.1855,La Campana,958.777811205529,19,1,Scheibe_2022,Londrina_2,1690.2116091891282,3,1,Pessenda_2001,ZF2,3712.7169751113024,5,1,Trumbore_2006,0,0
AmeriFlux,AR-Cel,CELPA Mar Chiquita BA,-37.7028,-57.4192,La Campana,1338.6364646052689,19,1,Scheibe_2022,Londrina_2,1699.9611040578914,3,1,Pessenda_2001,FLONA,3864.9532442257273,22,1,Trumbore_2006,0,0
AmeriFlux,AR-Rom,Romano Mar Chiquita BA,-37.5508,-57.2972,La Campana,1343.5272133882638,19,1,Scheibe_2022,Londrina_2,1680.3023416510032,3,1,Pessenda_2001,FLONA,3847.3113343125533,22,1,Trumbore_2006,0,0
AmeriFlux,AR-TF1,Rio Moat bog,-54.9733,-66.7335,Nahuelbuta,1967.0180333405433,40,1,Scheibe_2022,Londrina_2,3742.1009380254536,3,1,Pessenda_2001,ZF2,5859.921267323146,5,1,Trumbore_2006,0,0
AmeriFlux,AR-TF2,Rio Pipo bog,-54.8269,-68.4549,Nahuelbuta,1924.2455755583699,40,1,Scheibe_2022,Londrina_2,3778.3986892200983,3,1,Pessenda_2001,ZF2,5861.867999062314,5,1,Trumbore_2006,0,0
AmeriFlux,BR-CMT,Capuaba farm Mato Grosso,-13.2875,-56.0882,SO4P7,396.3140315014051,1,1,Nagy_2017,Pessenda_2001_Humaita IId,993.5374974138308,2,1,Pessenda_2001,FLONA,1148.6139016359916,22,1,Trumbore_2006,0,0
AmeriFlux,BR-CST,Caatinga Serra Talhada,-7.9682,-38.3842,Carolina,997.9283106368007,8,1,Sanaiotti_2002,Fazenda Victoria,1152.5513708328178,84,3,Camargo_1999|Telles_2011|Trumbore_1995,FLONA,1916.0200518207225,22,1,Trumbore_2006,0,0
AmeriFlux,BR-Cui,Micrometeorological studies project in Amazonian mangroves,-0.6661,-47.2833,EMBRAPA,119.55581086499882,4,1,Desjardins_1994,Fazenda Victoria,258.9664587674702,84,3,Camargo_1999|Telles_2011|Trumbore_1995,FLONA,893.3972204285691,22,1,Trumbore_2006,0,0
AmeriFlux,BR-IAB,Instituto Arruda Botelho - Wooded Cerrado and Mixed Agriculture,-22.171,-47.871,Piracicaba_2,60.25104666308509,3,1,Pessenda_2001,Piracicaba_2,60.25104666308509,3,1,Pessenda_2001,FLONA,2263.4831597523053,22,1,Trumbore_2006,0,0
AmeriFlux,BR-Npw,Northern Pantanal Wetland,-16.498,-56.412,FP3,574.8498314325636,10,1,Nagy_2017,Londrina_2,923.4861794634054,3,1,Pessenda_2001,FLONA,1507.2753858292642,22,1,Trumbore_2006,0,0
AmeriFlux,BR-PRS,Paraíso do Sul,-29.744,-53.1503,Londrina_2,735.9065041920409,3,1,Pessenda_2001,Londrina_2,735.9065041920409,3,1,Pessenda_2001,FLONA,2978.099673590751,22,1,Trumbore_2006,0,0
AmeriFlux,BR-SP1,Southern Pantanal Wetland,-19.565,-57.018,Londrina_2,718.2140053295017,3,1,Pessenda_2001,Londrina_2,718.2140053295017,3,1,Pessenda_2001,FLONA,1853.4417036317834,22,1,Trumbore_2006,0,0
AmeriFlux,CA-AF1,Acadia Research Forest,46.0092,-66.3627,Bear Brook Watershed,185.77050455664917,16,1,Ohno_2017,Howland Forest,202.28098105256993,148,2,Gaudinski_2001|Trumbore_unpub,Howland Forest,202.28098105256993,182,1,Gaudinski_2001,0,0
AmeriFlux,CA-ARB,Attawapiskat River Bog,52.695,-83.9452,MI_Spodosol,787.3264213695544,4,1,Heckman_2018,MI_Spodosol,787.3264213695544,33,1,Heckman_2018,CZ_1964burn_NSA,1000.4460099456547,2,1,Czimczik_2007,0,0
AmeriFlux,CA-ARF,Attawapiskat River Fen,52.7008,-83.955,MI_Spodosol,787.9012607302782,4,1,Heckman_2018,MI_Spodosol,787.9012607302782,33,1,Heckman_2018,CZ_1964burn_NSA,999.5663955043233,2,1,Czimczik_2007,0,0
AmeriFlux,CA-BOU,Bouleau Peatland,50.5244,-63.2064,Howland Forest,721.3205330442753,38,3,Fernandez_1993a|Gaudinski_2001|Trumbore_unpub,Howland Forest,721.3205330442753,148,2,Gaudinski_2001|Trumbore_unpub,Howland Forest,721.3205330442753,182,1,Gaudinski_2001,0,0
AmeriFlux,CA-CF1,Churchill Fen Site 1,58.6658,-93.83,TH_1964Gillam,385.2754550063429,43,1,Trumbore_Harden_1997,TH_1964Gillam,385.2754550063429,31,1,Trumbore_Harden_1997,CZ_1964burn_NSA,410.2678453408015,2,1,Czimczik_2007,0,0
AmeriFlux,CA-CF2,Churchill Fen Site 2,58.6658,-93.83,TH_1964Gillam,385.2754550063429,43,1,Trumbore_Harden_1997,TH_1964Gillam,385.2754550063429,31,1,Trumbore_Harden_1997,CZ_1964burn_NSA,410.2678453408015,2,1,Czimczik_2007,0,0
AmeriFlux,CA-CF3,Churchill Fen Site 3,58.6658,-93.8304,TH_1964Gillam,385.26094348678475,43,1,Trumbore_Harden_1997,TH_1964Gillam,385.26094348678475,31,1,Trumbore_Harden_1997,CZ_1964burn_NSA,410.2518564565703,2,1,Czimczik_2007,0,0
AmeriFlux,CA-Ca1,British Columbia - 1949 Douglas-fir stand,49.8673,-125.3336,LoganHill,414.9060140618038,7,1,Lawrence_2015,Andrews Experimental Forest,669.9385185702686,12,2,Sollins_2006|Sollins_2009,Chiquito,1486.3972437591865,11,1,Wang_2000,0,0
AmeriFlux,CA-Ca2,British Columbia - Clearcut Douglas-fir stand (harvested winter 1999/2000),49.8705,-125.2909,LoganHill,413.79535924570314,7,1,Lawrence_2015,Andrews Experimental Forest,669.1077041674954,12,2,Sollins_2006|Sollins_2009,Chiquito,1485.5960869847456,11,1,Wang_2000,0,0
AmeriFlux,CA-Ca3,British Columbia - Pole sapling Douglas-fir stand,49.5346,-124.9004,LoganHill,367.7929819514206,7,1,Lawrence_2015,Andrews Experimental Forest,624.0763605376279,12,2,Sollins_2006|Sollins_2009,Chiquito,1440.608845680295,11,1,Wang_2000,0,0
AmeriFlux,CA-Cbo,"Ontario - Mixed Deciduous, Borden Forest Site",44.3167,-79.9333,Mi-Fine Colonial Point,396.02156924535217,37,1,McFarlane_2013,Mi-Fine Colonial Point,396.02156924535217,30,1,McFarlane_2013,Harvard Forest,655.8476959232586,175,1,Savage_2013,0,0
AmeriFlux,CA-Cha,New Brunswick - Charlie Lake site 01 (immature balsam fir forest to be thinned in year 3),45.8847,-67.3569,Bear Brook Watershed,127.21166551347574,16,1,Ohno_2017,Howland Forest,129.55324398132794,148,2,Gaudinski_2001|Trumbore_unpub,Howland Forest,129.55324398132794,182,1,Gaudinski_2001,0,0
AmeriFlux,CA-DB2,Delta Burns Bog 2,49.119,-122.9951,LoganHill,286.8704868140439,7,1,Lawrence_2015,Andrews Experimental Forest,545.4044671441477,12,2,Sollins_2006|Sollins_2009,Chiquito,1354.4183696344546,11,1,Wang_2000,0,0
AmeriFlux,CA-DBB,Delta Burns Bog,49.1293,-122.9849,LoganHill,287.9745694052069,7,1,Lawrence_2015,Andrews Experimental Forest,546.4474612941916,12,2,Sollins_2006|Sollins_2009,Chiquito,1355.3388943510872,11,1,Wang_2000,0,0
AmeriFlux,CA-DL1,Daring Lake - Mixed Tundra,64.8689,-111.5748,CZ_1998burn,1109.4501842408315,6,1,Czimczik_2007,NSA_FenTower,1225.1050249118582,77,1,Trumbore_1999,CZ_1964burn_NSA,1226.3829884517584,2,1,Czimczik_2007,0,0
AmeriFlux,CA-DL2,Daring Lake - Fen,64.8648,-111.5677,CZ_1998burn,1108.8852887838425,6,1,Czimczik_2007,NSA_FenTower,1224.541723452966,77,1,Trumbore_1999,CZ_1964burn_NSA,1225.8197771196612,2,1,Czimczik_2007,0,0
AmeriFlux,CA-DSM,Delta Salt Marsh,49.0887,-122.8954,LoganHill,283.20128767866197,7,1,Lawrence_2015,Andrews Experimental Forest,541.1910657104722,12,2,Sollins_2006|Sollins_2009,Chiquito,1349.3394111808605,11,1,Wang_2000,0,0
AmeriFlux,CA-EM1,Newdale Manitoba,50.3623,-100.2024,Quinton,316.229349949504,6,1,Martel_1974,Matador,545.3756468389541,9,1,Martel_1974,CZ_Old_Black_Spruce,623.7849618830049,1,1,Czimczik_2007,0,0
AmeriFlux,CA-EM2,Shoal Lake Manitoba,50.3706,-100.5339,Quinton,294.3257327107022,6,1,Martel_1974,Matador,521.9659632047171,9,1,Martel_1974,CZ_Old_Black_Spruce,627.3025661972679,1,1,Czimczik_2007,0,0
AmeriFlux,CA-EM3,Oak Hammock Marsh Manitoba,50.1738,-97.1231,DCFS,365.2026207186313,10,1,Beem-Miller_2022,S1_Bog_MEF,400.03069425780285,27,1,McFarlane_2018,CZ_Old_Black_Spruce,640.6311633626408,1,1,Czimczik_2007,0,0
AmeriFlux,CA-ER1,Elora Research Station,43.6405,-80.4123,Mi-Fine Colonial Point,395.63818158086394,37,1,McFarlane_2013,Mi-Fine Colonial Point,395.63818158086394,30,1,McFarlane_2013,Harvard Forest,678.753344482857,175,1,Savage_2013,0,0
AmeriFlux,CA-ER2,Elora Research Station,43.6419,-80.414,Mi-Fine Colonial Point,395.4389721903725,37,1,McFarlane_2013,Mi-Fine Colonial Point,395.4389721903725,30,1,McFarlane_2013,Harvard Forest,678.9096563341357,175,1,Savage_2013,0,0
AmeriFlux,CA-Gro,"Ontario - Groundhog River, Boreal Mixedwood Forest",48.2167,-82.1556,MI-Coarse UMBS,353.6120307541275,48,1,McFarlane_2013,MI-Coarse UMBS,353.6120307541275,30,1,McFarlane_2013,Harvard Forest,1001.3550662619317,156,1,Gaudinski_2001,0,0
AmeriFlux,CA-HPC,Havikpak Creek,68.3203,-133.5188,TOOL,645.5800428628123,3,1,Nave_2021,Hess Creek,734.834913761481,22,1,O'Donnell_2011,Camp creek fire,696.1211650964506,6,1,Holden_2019,0,0
AmeriFlux,CA-KLP,Kinoje Lake Peatland,51.5902,-81.7684,MI_Spodosol,701.4775981607745,4,1,Heckman_2018,MI_Spodosol,701.4775981607745,33,1,Heckman_2018,CZ_1964burn_NSA,1189.6256077592086,2,1,Czimczik_2007,0,0
AmeriFlux,CA-LP1,British Columbia - Mountain pine beetle-attacked lodgepole pine stand ,55.1119,-122.8414,LoganHill,952.8473204789047,7,1,Lawrence_2015,Matador,1106.9570390285955,9,1,Martel_1974,CZ_Old_Black_Spruce,1528.6880256632896,1,1,Czimczik_2007,0,0
AmeriFlux,CA-Let,Alberta - Mixed Grass Prairie,49.7093,-112.9402,EarlyEvansCreek1,352.5546090827965,6,1,Trumbore_2021,Matador,378.2067550091117,9,1,Martel_1974,CZ_Old_Black_Spruce,1185.8872191120333,1,1,Czimczik_2007,0,0
AmeriFlux,CA-LuM,Luther Marsh Wildlife Management Area,43.9201,-80.4052,Mi-Fine Colonial Point,380.2433874452843,37,1,McFarlane_2013,Mi-Fine Colonial Point,380.2433874452843,30,1,McFarlane_2013,Harvard Forest,683.0238488864309,175,1,Savage_2013,0,0
AmeriFlux,CA-MA1,Manitoba Agricultural Site 1,50.1645,-97.8762,DCFS,345.899025773563,10,1,Beem-Miller_2022,S1_Bog_MEF,438.20622649214584,27,1,McFarlane_2018,CZ_Old_Black_Spruce,636.4938544083863,1,1,Czimczik_2007,0,0
AmeriFlux,CA-MA2,Manitoba Agricultural Site 2,50.171,-97.8762,DCFS,346.5951985708785,10,1,Beem-Miller_2022,S1_Bog_MEF,438.6781124850328,27,1,McFarlane_2018,CZ_Old_Black_Spruce,635.7723764064029,1,1,Czimczik_2007,0,0
AmeriFlux,CA-MA3,Manitoba Agricultural Site 3,50.1774,-97.8686,DCFS,347.42620930585747,10,1,Beem-Miller_2022,S1_Bog_MEF,438.73428392174736,27,1,McFarlane_2018,CZ_Old_Black_Spruce,635.0945647595316,1,1,Czimczik_2007,0,0
AmeriFlux,CA-MR3,Mattheis Ranch - E3 South,50.8671,-111.9045,Matador,281.3492102989672,1,1,Martel_1974,Matador,281.3492102989672,9,1,Martel_1974,CZ_Old_Black_Spruce,1047.584628492702,1,1,Czimczik_2007,0,0
AmeriFlux,CA-MR5,Mattheis Ranch - E5 North,50.9056,-111.8823,Matador,279.8253629564456,1,1,Martel_1974,Matador,279.8253629564456,9,1,Martel_1974,CZ_Old_Black_Spruce,1043.7545490424288,1,1,Czimczik_2007,0,0
AmeriFlux,CA-Mer,"Ontario - Eastern Peatland, Mer Bleue",45.4094,-75.5186,Hubbard_Brook_Stout_1980,295.91330518840425,3,1,Stout_1980,NH Bartlett Forest,366.02688536671974,30,1,McFarlane_2013,Harvard Forest,416.0627583253321,156,1,Gaudinski_2001,0,0
AmeriFlux,CA-Na1,New Brunswick - 1967 Balsam Fir - Nashwaak Lake Site 01 (Mature balsam fir forest),46.4722,-67.1,Howland Forest,189.22480796776242,38,3,Fernandez_1993a|Gaudinski_2001|Trumbore_unpub,Howland Forest,189.22480796776242,148,2,Gaudinski_2001|Trumbore_unpub,Howland Forest,189.22480796776242,182,1,Gaudinski_2001,0,0
AmeriFlux,CA-Oas,"Saskatchewan - Western Boreal, Mature Aspen",53.6289,-106.1978,Waldheim,117.51483234631208,7,1,Martel_1974,Matador,335.3772707721943,9,1,Martel_1974,CZ_Old_Black_Spruce,554.1194521646731,1,1,Czimczik_2007,0,0
AmeriFlux,CA-Obs,"Saskatchewan - Western Boreal, Mature Black Spruce",53.9872,-105.1178,Waldheim,183.01371743326555,7,1,Martel_1974,Matador,401.6038520362568,9,1,Martel_1974,CZ_Old_Black_Spruce,472.7828207667514,1,1,Czimczik_2007,0,0
AmeriFlux,CA-Ojp,"Saskatchewan - Western Boreal, Mature Jack Pine",53.9163,-104.692,Waldheim,193.7143381343157,7,1,Martel_1974,Matador,409.33646624944356,9,1,Martel_1974,CZ_Old_Black_Spruce,452.6549007071784,1,1,Czimczik_2007,0,0
AmeriFlux,CA-Qc2,Quebec - 1975 Harvested Black Spruce (HBS75),49.7598,-74.5711,Howland Forest,676.1852757515434,38,3,Fernandez_1993a|Gaudinski_2001|Trumbore_unpub,Howland Forest,676.1852757515434,148,2,Gaudinski_2001|Trumbore_unpub,Howland Forest,676.1852757515434,182,1,Gaudinski_2001,0,0
AmeriFlux,CA-Qcu,"Quebec - Eastern Boreal, Black Spruce/Jack Pine Cutover",49.2671,-74.0365,Howland Forest,609.8639619422969,38,3,Fernandez_1993a|Gaudinski_2001|Trumbore_unpub,Howland Forest,609.8639619422969,148,2,Gaudinski_2001|Trumbore_unpub,Howland Forest,609.8639619422969,182,1,Gaudinski_2001,0,0
AmeriFlux,CA-Qfo,"Quebec - Eastern Boreal, Mature Black Spruce",49.6925,-74.3421,Howland Forest,659.5079475124227,38,3,Fernandez_1993a|Gaudinski_2001|Trumbore_unpub,Howland Forest,659.5079475124227,148,2,Gaudinski_2001|Trumbore_unpub,Howland Forest,659.5079475124227,182,1,Gaudinski_2001,0,0
AmeriFlux,CA-RBM,Richmond Brackish Marsh,49.1313,-123.1964,LoganHill,289.4238682565933,7,1,Lawrence_2015,Andrews Experimental Forest,548.8202705978363,12,2,Sollins_2006|Sollins_2009,Chiquito,1359.537396774916,11,1,Wang_2000,0,0
AmeriFlux,CA-RPn,Robinsons_Natural_Bog_NL,48.2604,-58.6632,Bear Brook Watershed,813.4069765638766,16,1,Ohno_2017,Howland Forest,835.8295629348195,148,2,Gaudinski_2001|Trumbore_unpub,Howland Forest,835.8295629348195,182,1,Gaudinski_2001,0,0
AmeriFlux,CA-RPp,Robinsons_Peatland_Pasture_NL,48.2632,-58.667,Bear Brook Watershed,813.2776056290074,16,1,Ohno_2017,Howland Forest,835.6757005990224,148,2,Gaudinski_2001|Trumbore_unpub,Howland Forest,835.6757005990224,182,1,Gaudinski_2001,0,0
AmeriFlux,CA-SCB,Scotty Creek Bog,61.3089,-121.2984,Donnely Flats,1237.9783276083508,63,1,Manies_2004,Matador,1428.6748875741132,9,1,Martel_1974,Camp creek fire,1272.4838190564305,6,1,Holden_2019,0,0
AmeriFlux,CA-SCC,Scotty Creek Landscape,61.3079,-121.2992,Donnely Flats,1237.9743084282134,63,1,Manies_2004,Matador,1428.6193533860853,9,1,Martel_1974,Camp creek fire,1272.4940748726378,6,1,Holden_2019,0,0
AmeriFlux,CA-SF1,"Saskatchewan - Western Boreal, forest burned in 1977",54.485,-105.8176,Waldheim,215.87999681916278,7,1,Martel_1974,Matador,433.2718965080734,9,1,Martel_1974,CZ_Old_Black_Spruce,490.3870903832339,1,1,Czimczik_2007,0,0
AmeriFlux,CA-SF2,"Saskatchewan - Western Boreal, forest burned in 1989",54.2539,-105.8775,Waldheim,190.03048742637327,7,1,Martel_1974,Matador,407.8035982766439,9,1,Martel_1974,CZ_Old_Black_Spruce,503.8782920926818,1,1,Czimczik_2007,0,0
AmeriFlux,CA-SF3,"Saskatchewan - Western Boreal, forest burned in 1998",54.0916,-106.0053,Waldheim,170.49006857319864,7,1,Martel_1974,Matador,387.99336454598284,9,1,Martel_1974,CZ_Old_Black_Spruce,518.9898468553006,1,1,Czimczik_2007,0,0
AmeriFlux,CA-SJ1,"Saskatchewan - Western Boreal, Jack Pine forest harvested in 1994",53.908,-104.656,Waldheim,194.608737807241,7,1,Martel_1974,Matador,409.87289480756965,9,1,Martel_1974,CZ_Old_Black_Spruce,451.12337546839404,1,1,Czimczik_2007,0,0
AmeriFlux,CA-SJ2,"Saskatchewan - Western Boreal, Jack Pine forest harvested in 2002",53.945,-104.649,Waldheim,197.9697698440409,7,1,Martel_1974,Matador,413.5511793894146,9,1,Martel_1974,CZ_Old_Black_Spruce,448.59390255053404,1,1,Czimczik_2007,0,0
AmeriFlux,CA-SJ3,"Saskatchewan - Western Boreal, Jack Pine forest harvested in 1975 (BOREAS Young Jack Pine)",53.8758,-104.6453,Waldheim,192.46134257002478,7,1,Martel_1974,Matador,407.29570232084853,9,1,Martel_1974,CZ_Old_Black_Spruce,452.4100918033405,1,1,Czimczik_2007,0,0
AmeriFlux,CA-SMC,Smith Creek,63.1534,-123.2522,Donnely Flats,1089.8708282845334,63,1,Manies_2004,Hess Creek,1254.6033010101733,22,1,O'Donnell_2011,Camp creek fire,1103.0345986941195,6,1,Holden_2019,0,0
AmeriFlux,CA-TP1,Ontario - Turkey Point 2002 Plantation White Pine,42.6609,-80.5595,Kellogg Biological Station,397.57562276091915,1,1,Sollins_2009,Kellogg Biological Station,397.57562276091915,7,1,Sollins_2009,Harvard Forest,684.9706165252871,175,1,Savage_2013,0,0
AmeriFlux,CA-TP2,Ontario - Turkey Point 1989 Plantation White Pine,42.7744,-80.4588,Kellogg Biological Station,406.511474282181,1,1,Sollins_2009,Kellogg Biological Station,406.511474282181,7,1,Sollins_2009,Harvard Forest,676.5107293267118,175,1,Savage_2013,0,0
AmeriFlux,CA-TP3,Ontario - Turkey Point 1974 Plantation White Pine,42.7068,-80.3483,CVNWR Peatland 3,404.805001976387,10,1,Schaney_2020,Kellogg Biological Station,415.0590470984165,7,1,Sollins_2009,Harvard Forest,667.5915406684758,175,1,Savage_2013,0,0
AmeriFlux,CA-TP4,Ontario - Turkey Point 1939 Plantation White Pine,42.7102,-80.3574,CVNWR Peatland 3,405.3320241726454,10,1,Schaney_2020,Kellogg Biological Station,414.33588751211283,7,1,Sollins_2009,Harvard Forest,668.3279111567065,175,1,Savage_2013,0,0
AmeriFlux,CA-TPD,Ontario - Turkey Point Mature Deciduous,42.6353,-80.5577,Kellogg Biological Station,397.6113290521817,1,1,Sollins_2009,Kellogg Biological Station,397.6113290521817,7,1,Sollins_2009,Harvard Forest,684.909813087805,175,1,Savage_2013,0,0
AmeriFlux,CA-TVC,Trail Valley Creek,68.7462,-133.5017,TOOL,639.1523319759057,3,1,Nave_2021,Hess Creek,750.9166736247741,22,1,O'Donnell_2011,Camp creek fire,723.9199770385504,6,1,Holden_2019,0,0
AmeriFlux,CA-WP1,"Alberta - Western Peatland - LaBiche River,Black Spruce/Larch Fen",54.9538,-112.467,Waldheim,465.7253332685471,7,1,Martel_1974,Matador,554.2305915095264,9,1,Martel_1974,CZ_Old_Black_Spruce,886.9654995949048,1,1,Czimczik_2007,0,0
AmeriFlux,CA-WP2,Alberta - Western Peatland - Poor Fen (Sphagnum moss),55.5375,-112.3343,Waldheim,496.39627670793953,7,1,Martel_1974,Matador,603.9337640238713,9,1,Martel_1974,CZ_Old_Black_Spruce,867.0846693926017,1,1,Czimczik_2007,0,0
AmeriFlux,CA-WP3,Alberta - Western Peatland - Rich Fen  (Carex),54.47,-113.32,Waldheim,490.10588396120926,7,1,Martel_1974,Matador,547.8569638033753,9,1,Martel_1974,CZ_Old_Black_Spruce,953.1072049485026,1,1,Czimczik_2007,0,0
AmeriFlux,CL-ACF,Alerce Costero Forest,-40.1726,-73.4439,Nahuelbuta,267.9453010929599,40,1,Scheibe_2022,Londrina_2,2790.2192807783485,3,1,Pessenda_2001,ZF2,4393.765081099571,5,1,Trumbore_2006,0,0
AmeriFlux,CL-SDF,Senda Darwin Forest,-41.883,-73.676,Nahuelbuta,458.9135337967913,40,1,Scheibe_2022,Londrina_2,2919.717238667462,3,1,Pessenda_2001,ZF2,4578.264179917647,5,1,Trumbore_2006,0,0
AmeriFlux,CL-SDP,Senda Darwin Peatland,-41.879,-73.666,Nahuelbuta,458.35866729956865,40,1,Scheibe_2022,Londrina_2,2918.7910820449615,3,1,Pessenda_2001,ZF2,4577.553903466505,5,1,Trumbore_2006,0,0
AmeriFlux,CO-GV1,Guatavita Station 1,4.9139,-73.7365,PACU,328.2891777114419,4,1,Posada_2011,Susua State Forest,1640.2096011027143,8,1,Sollins_2009,ZF2,1726.4718672223069,5,1,Trumbore_2006,0,0
AmeriFlux,CO-GV2,Guatavita Station 2,4.9168,-73.7429,PACU,327.52049839957147,4,1,Posada_2011,Susua State Forest,1640.23514361067,8,1,Sollins_2009,ZF2,1727.2488980701553,5,1,Trumbore_2006,0,0
AmeriFlux,CR-Fsc,Filadelfia sugar cane cropland,10.4189,-85.4732,La Selva,159.3612470111464,1,1,Kleber_2005,Susua State Forest,2171.401865994214,8,1,Sollins_2009,ZF2,3156.186111670543,5,1,Trumbore_2006,0,0
AmeriFlux,CR-Nmr,Nicoya melon-rice cropland,10.0829,-85.4694,La Selva,163.3881982330136,1,1,Kleber_2005,Susua State Forest,2187.1635191945397,8,1,Sollins_2009,ZF2,3139.705828766815,5,1,Trumbore_2006,0,0
AmeriFlux,CR-SoC,Soltis Center,10.3827,-84.621,La Selva,66.29730141826413,1,1,Kleber_2005,Susua State Forest,2089.1232960635602,8,1,Sollins_2009,ZF2,3070.785636951802,5,1,Trumbore_2006,0,0
AmeriFlux,MX-Aog,Alamos Old-Growth tropical dry forest,26.9968,-108.7892,Chiricahua Rhyolite,545.8913571423913,6,1,Heckman_2010,Chiricahua Rhyolite,545.8913571423913,18,1,Heckman_2010,Sedgwick Reserve,1372.852285102501,9,1,Fierer_2005,0,0
AmeriFlux,MX-Asf,Alamos Mid-Secondary tropical dry forest,27.0046,-108.7795,Chiricahua Rhyolite,545.1097845795797,6,1,Heckman_2010,Chiricahua Rhyolite,545.1097845795797,18,1,Heckman_2010,Sedgwick Reserve,1373.0015453573658,9,1,Fierer_2005,0,0
AmeriFlux,MX-BRN,Bernal,20.7168,-99.9413,Western Coastal Plain,1323.419080226373,20,1,Butnor_2017,Western Coastal Plain,1323.419080226373,20,1,Butnor_2017,Treynor,2309.658901916004,9,1,Harden_2002,0,0
AmeriFlux,MX-CLS,"Coastal Lagoon, Gulf of California",27.9541,-110.9726,SRER,440.1498135272449,3,1,Nave_2021,Chiricahua Rhyolite,466.78047608089037,18,1,Heckman_2010,Sedgwick Reserve,1141.8555036979512,9,1,Fierer_2005,0,0
AmeriFlux,MX-EMg,El Mogor,32.0298,-116.6045,Joshua_Tree,201.30377597256185,12,1,Nowinski_2021,Camp_Osceola,239.40874694713932,53,1,Nowinski_2009,Sedgwick Reserve,436.4527189002391,9,1,Fierer_2005,0,0
AmeriFlux,MX-ISD,San Isidro,25.3004,-101.3924,JORN,968.3001289582872,3,1,Nave_2021,Western Coastal Plain,1021.7864292389768,20,1,Butnor_2017,Treynor,1842.2441857603717,9,1,Harden_2002,0,0
AmeriFlux,MX-Iit,Instituto de Ingenieria y Tecnologia - UACJ,31.7434,-106.4316,JORN,101.84419632241764,3,1,Nave_2021,Chiricahua Rhyolite,269.60818668267046,18,1,Heckman_2010,Fallbrook,1303.0114302377817,2,1,Ewing_2006,0,0
AmeriFlux,MX-Lpa,La Paz,24.1292,-110.438,SRER,866.1378893379101,3,1,Nave_2021,Chiricahua Rhyolite,870.1207607497464,18,1,Heckman_2010,Sedgwick Reserve,1497.7022673718245,9,1,Fierer_2005,0,0
AmeriFlux,MX-Oak,"Encino, North American monsoon oak savanna",29.9591,-110.4615,SRER,219.9173214953266,3,1,Nave_2021,Chiricahua Rhyolite,242.2368925207218,18,1,Heckman_2010,Sedgwick Reserve,1043.0685348686702,9,1,Fierer_2005,0,0
AmeriFlux,MX-PMm,Puerto Morelos mangrove,20.8462,-86.8992,DSNY,979.790658731244,3,1,Nave_2021,Western Coastal Plain,1285.0633456173605,20,1,Butnor_2017,Treynor,2404.974663047344,9,1,Harden_2002,0,0
AmeriFlux,MX-Ray,"Rayon, monsoon subtropical shrubland",29.7446,-110.5306,SRER,242.60968823249084,3,1,Nave_2021,Chiricahua Rhyolite,266.52668499583166,18,1,Heckman_2010,Sedgwick Reserve,1050.660163298862,9,1,Fierer_2005,0,0
AmeriFlux,MX-Sgt,Sonoran short arid Mangrove,29.3408,-112.2796,SRER,317.40209536588657,3,1,Nave_2021,Catalina CZO conifer,372.2406231775385,18,1,Lybrand_2017,Sedgwick Reserve,943.7688081135218,9,1,Fierer_2005,0,0
AmeriFlux,MX-Tes,"Tesopaco, secondary tropical dry forest",27.8446,-109.2977,Chiricahua Rhyolite,449.5532062000119,6,1,Heckman_2010,Chiricahua Rhyolite,449.5532062000119,18,1,Heckman_2010,Sedgwick Reserve,1273.5335239816454,9,1,Fierer_2005,0,0
AmeriFlux,PE-AMG,Los Amigos,-12.5598,-70.1018,Abejaico,679.1001782994554,8,1,Finstad_2020,Pessenda_2001_Humaita IId,955.5902959653442,2,1,Pessenda_2001,ZF2,1564.875329100355,5,1,Trumbore_2006,0,0
AmeriFlux,PE-BRE,El Breo,-7.1026,-77.1619,Nuevo Satipo,279.22323164403656,8,1,Finstad_2020,Pessenda_2001_Humaita IId,1559.2420677175937,2,1,Pessenda_2001,ZF2,1955.5613416153456,5,1,Trumbore_2006,0,0
AmeriFlux,PE-PAN,Panguana,-9.6237,-74.9315,Rodal E,87.77706833786452,12,1,Finstad_2020,Pessenda_2001_Humaita IId,1329.2177761177006,2,1,Pessenda_2001,ZF2,1816.8415376347311,5,1,Trumbore_2006,0,0
AmeriFlux,PE-QFR,Quistococha Forest Reserve,-3.8344,-73.319,San Jorge,28.93491476455421,5,1,Kelly_2017,Pessenda_2001_Humaita IId,1209.7843960096604,2,1,Pessenda_2001,ZF2,1473.491257025955,5,1,Trumbore_2006,0,0
AmeriFlux,PE-TNR,Tambopata,-12.8314,-69.2836,"km 46:-8.73,-63.97",738.0393538843734,4,1,de_Freitas_2001,Pessenda_2001_Humaita IId,903.8098675962034,2,1,Pessenda_2001,ZF2,1525.1704925835954,5,1,Trumbore_2006,0,0
AmeriFlux,US-A03,ARM-AMF3-Oliktok,70.4953,-149.8823,TOOL,204.91748658612858,3,1,Nave_2021,Hess Creek,549.3656383381951,22,1,O'Donnell_2011,Barrow,257.64034165855315,49,1,Vaughn_2018,0,0
AmeriFlux,US-A32,ARM-SGP Medford hay pasture,36.8193,-97.8198,OAES,192.14787908205034,4,1,Beem-Miller_2022,MO Ozark BREA,538.137972298348,30,1,McFarlane_2013,Treynor,518.5670701050554,9,1,Harden_2002,0,0
AmeriFlux,US-A39,ARM-SGP-Morrison,36.3776,-96.069,OAES,289.97123954524824,4,1,Beem-Miller_2022,MO Ozark BREA,430.6798643607648,30,1,McFarlane_2013,Treynor,533.6929096647291,9,1,Harden_2002,0,0
AmeriFlux,US-A74,ARM SGP milo field,36.8085,-97.5489,OAES,206.29171073041928,4,1,Beem-Miller_2022,MO Ozark BREA,516.9229215404883,30,1,McFarlane_2013,Treynor,511.69406842977673,9,1,Harden_2002,0,0
AmeriFlux,US-ADR,Amargosa Desert Research Site (ADRS),36.7653,-116.6933,TEAK,207.41418374041112,5,1,Beem-Miller_2022,Trumbore Shaver,223.79911075397564,53,3,Koarashi_2012|Trumbore_1996|Trumbore_unpublished,Chiquito,224.7109811102231,11,1,Wang_2000,0,0
AmeriFlux,US-AF1,MPG - Apricot Lane Farms,34.3108,-118.9244,San Dimas Experimental Forest,108.63546745153683,2,1,Quideau_2001,San Dimas Experimental Forest,108.63546745153683,8,1,Quideau_2001,Sedgwick Reserve,111.85223852748506,9,1,Fierer_2005,0,0
AmeriFlux,US-AR1,ARM USDA UNL OSU Woodward Switchgrass 1,36.4267,-99.42,OAES,117.57422347308552,4,1,Beem-Miller_2022,MO Ozark BREA,686.144322536996,30,1,McFarlane_2013,Treynor,620.1737702914464,9,1,Harden_2002,0,0
AmeriFlux,US-AR2,ARM USDA UNL OSU Woodward Switchgrass 2,36.6358,-99.5975,OAES,144.59352265556186,4,1,Beem-Miller_2022,Dinesen,675.6939550704718,18,1,Harden_2002,Treynor,608.776975393742,9,1,Harden_2002,0,0
AmeriFlux,US-ARM,ARM Southern Great Plains site- Lamont,36.6058,-97.4888,OAES,193.91447494311555,4,1,Beem-Miller_2022,MO Ozark BREA,522.5559086633284,30,1,McFarlane_2013,Treynor,531.5706602132238,9,1,Harden_2002,0,0
AmeriFlux,US-ARb,ARM Southern Great Plains burn site- Lamont,35.5497,-98.0402,OAES,93.51767970124439,4,1,Beem-Miller_2022,MO Ozark BREA,627.5633168508757,30,1,McFarlane_2013,Treynor,658.441898916672,9,1,Harden_2002,0,0
AmeriFlux,US-ARc,ARM Southern Great Plains control site- Lamont,35.5465,-98.04,OAES,93.47917279970251,4,1,Beem-Miller_2022,MO Ozark BREA,627.7589190038838,30,1,McFarlane_2013,Treynor,658.7752384424225,9,1,Harden_2002,0,0
AmeriFlux,US-ASH,USSL San Joaquin Valley Almond High Salinity,36.1697,-120.201,Trumbore Falbrook,101.9164627490646,14,2,Trumbore_1996|Trumbore_unpublished,Trumbore Falbrook,101.9164627490646,31,3,Koarashi_2012|Trumbore_1996|Trumbore_unpublished,Fallbrook,101.9164627490646,59,1,Wang_2000,0,0
AmeriFlux,US-ASL,USSL San Joaquin Valley Almond Low Salinity,36.9466,-120.1024,SJER,37.479859624703366,5,2,Beem-Miller_2022|Nave_2021,China Hat,62.235959645946124,21,1,Baisden_2002,Musick,74.40423125159593,16,1,Wang_2000,0,0
AmeriFlux,US-ASM,USSL San Joaquin Valley Almond Medium Salinity,36.1777,-120.2026,Trumbore Falbrook,101.49009814585258,14,2,Trumbore_1996|Trumbore_unpublished,Trumbore Falbrook,101.49009814585258,31,3,Koarashi_2012|Trumbore_1996|Trumbore_unpublished,Fallbrook,101.49009814585258,59,1,Wang_2000,0,0
AmeriFlux,US-AaG,Arkansas Grassland,33.1105,-91.6282,Goodwin Creek,212.26330194301923,30,1,Harden_1999,Western Coastal Plain,280.9551575881989,20,1,Butnor_2017,Treynor,963.5178546294325,9,1,Harden_2002,0,0
AmeriFlux,US-Act,Acton Lake Flux Tower Site,39.582,-84.755,Kellogg Biological Station,318.6432903375493,1,1,Sollins_2009,Kellogg Biological Station,318.6432903375493,7,1,Sollins_2009,Dinesen,918.2712378637929,7,1,Harden_2002,0,0
AmeriFlux,US-Akn,Savannah River Site,33.3825,-81.5653,Calhoun,130.57009747363847,21,1,Richter_1999,Southern Piedmont,327.3116048447577,20,1,Butnor_2017,Harvard Forest,1305.9952355533442,175,1,Savage_2013,0,0
AmeriFlux,US-An1,Anaktuvuk River Severe Burn,68.99,-150.28,TOOL,51.691380982271795,3,1,Nave_2021,Hess Creek,384.9567107785889,22,1,O'Donnell_2011,Barrow,347.08598667349344,49,1,Vaughn_2018,0,0
AmeriFlux,US-An2,Anaktuvuk River Moderate Burn,68.95,-150.21,TOOL,46.59415101169964,3,1,Nave_2021,Hess Creek,380.1218151728162,22,1,O'Donnell_2011,Barrow,352.2887653958388,49,1,Vaughn_2018,0,0
AmeriFlux,US-An3,Anaktuvuk River Unburned,68.93,-150.27,TOOL,46.93480307433613,3,1,Nave_2021,Hess Creek,378.3090273610261,22,1,O'Donnell_2011,Barrow,352.47061725181135,49,1,Vaughn_2018,0,0
AmeriFlux,US-AoL,Low Density Apple Orchard,43.2513,-85.7648,Kellogg Biological Station,98.58829333604082,1,1,Sollins_2009,Kellogg Biological Station,98.58829333604082,7,1,Sollins_2009,Dinesen,798.4152048740333,7,1,Harden_2002,0,0
AmeriFlux,US-Atq,Atqasuk,70.4696,-157.4089,Barrow,94.86448160179971,27,1,Vaughn_2018,Hess Creek,648.1739397881562,22,1,O'Donnell_2011,Barrow,94.86448160179971,49,1,Vaughn_2018,0,0
AmeriFlux,US-Aud,Audubon Research Ranch,31.5907,-110.5104,SRER,47.01918028348596,3,1,Nave_2021,Mt. Lemmon Granite,94.50006183021637,9,1,Heckman_2010,Sedgwick Reserve,952.5588241663655,9,1,Fierer_2005,0,0
AmeriFlux,US-BCM,Blue Cypress Marsh,27.6953,-80.7114,DSNY,85.76440969606996,4,1,Beem-Miller_2022,Southern Piedmont,658.553617261567,20,1,Butnor_2017,Harvard Forest,1820.1781536373776,175,1,Savage_2013,0,0
AmeriFlux,US-BMM,Bangtail Mountain Meadow,45.783,-110.7776,winter range_YNP,107.51223450722222,28,1,Frank_2011,Matador,596.8445164682454,9,1,Martel_1974,Chiquito,1174.6887976753796,11,1,Wang_2000,0,0
AmeriFlux,US-BRG,Bayles Road Grassland Tower,39.2167,-86.5406,Kellogg Biological Station,367.3853264772098,1,1,Sollins_2009,NERP,325.3502835874105,23,1,Obrien_2013,Dinesen,789.1337330487734,7,1,Harden_2002,0,0
AmeriFlux,US-BSM,Barnstable Great Marsh,41.7297,-70.3644,MA Harvard Forest,173.9976271533331,36,1,McFarlane_2013,MA Harvard Forest,173.9976271533331,30,1,McFarlane_2013,HarvardForest,174.58936690904483,24,1,Borken_2006,0,0
AmeriFlux,US-BWa,INFLUX - NIST Turfgrass Site,39.1389,-77.2175,SERC,63.18455818100288,3,1,Nave_2021,Atlantic Coast Flatwoods,505.9481522627168,16,1,Butnor_2017,Harvard Forest,566.4497001228557,175,1,Savage_2013,0,0
AmeriFlux,US-BWb,INFLUX - Montgomery County pasture site,39.1955,-77.4509,BLAN,54.06014575244667,3,1,Beem-Miller_2022,Atlantic Coast Flatwoods,512.4688523350694,16,1,Butnor_2017,Harvard Forest,577.0335697155666,175,1,Savage_2013,0,0
AmeriFlux,US-BZB,Bonanza Creek Thermokarst Bog,64.6955,-148.3208,BONA,64.34427368667765,3,1,Nave_2021,Hess Creek,101.00009605198343,22,1,O'Donnell_2011,CPCRW,65.1463408138989,2,1,Schuur_2006,0,0
AmeriFlux,US-BZF,Bonanza Creek Rich Fen,64.7013,-148.3121,BONA,63.580471022675404,3,1,Nave_2021,Hess Creek,100.49538319602952,22,1,O'Donnell_2011,CPCRW,64.38161323589716,2,1,Schuur_2006,0,0
AmeriFlux,US-BZL,Goldstream Valley Thermokarst Lake,64.9194,-147.8222,BONA,30.46613559659339,3,1,Nave_2021,Hess Creek,88.49029911378908,22,1,O'Donnell_2011,CPCRW,31.40877539418019,2,1,Schuur_2006,0,0
AmeriFlux,US-BZS,Bonanza Creek Black Spruce,64.6963,-148.3235,BONA,64.3507778888063,3,1,Nave_2021,Hess Creek,100.87931887446301,22,1,O'Donnell_2011,CPCRW,65.15009655679417,2,1,Schuur_2006,0,0
AmeriFlux,US-BZo,Bonanza Creek Old Thermokarst Bog,64.6936,-148.33,BONA,64.776713766524,3,1,Nave_2021,EML,101.00720440619317,29,1,Hicks_Pries_2012,CPCRW,65.57483355573133,2,1,Schuur_2006,0,0
AmeriFlux,US-Bd4,Burdette Farm Rice Field - 4N,35.8139,-89.9862,Nelson Farm,125.16871609359191,21,1,Harden_1999,MO Ozark BREA,380.1337799933916,30,1,McFarlane_2013,Treynor,771.9938726533286,9,1,Harden_2002,0,0
AmeriFlux,US-Bd5,Burdette Farm Rice Field - Seagraves South,35.8105,-90.0194,Nelson Farm,124.72388238755588,21,1,Harden_1999,MO Ozark BREA,378.95714679756065,30,1,McFarlane_2013,Treynor,770.4583307565439,9,1,Harden_2002,0,0
AmeriFlux,US-Bd6,Burdette Farm Rice - Seagraves North,35.814,-90.0194,Nelson Farm,125.11304438989507,21,1,Harden_1999,MO Ozark BREA,378.6199788562891,30,1,McFarlane_2013,Treynor,770.1504386510733,9,1,Harden_2002,0,0
AmeriFlux,US-BdA,Burdette Farm Rice Field - AWD,35.8089,-90.0327,Nelson Farm,124.5395666192396,21,1,Harden_1999,MO Ozark BREA,378.5141812346298,30,1,McFarlane_2013,Treynor,769.8663210030314,9,1,Harden_2002,0,0
AmeriFlux,US-BdC,Burdette Farm Rice Field - conventional,35.8089,-90.0284,Nelson Farm,124.54035900221035,21,1,Harden_1999,MO Ozark BREA,378.70694248371626,30,1,McFarlane_2013,Treynor,770.1031230757244,9,1,Harden_2002,0,0
AmeriFlux,US-BgC,Big Chico Creek,39.8125,-121.8135,MFFR,47.265759811928255,9,1,Wang_2018,BSpp,77.05037436424524,6,1,Rasmussen_2018,Chiquito,366.3690306830003,11,1,Wang_2000,0,0
AmeriFlux,US-Bi1,Bouldin Island Alfalfa,38.0992,-121.4993,Turlock Lake,95.35950073699497,8,1,Baisden_2007,Tennessee Valley,94.71481176549996,88,1,Berhe_2012,Chiquito,227.0087276481694,11,1,Wang_2000,0,0
AmeriFlux,US-Bi2,Bouldin Island corn,38.1091,-121.5351,Turlock Lake,98.59084633612522,8,1,Baisden_2007,Tennessee Valley,92.05667326856981,88,1,Berhe_2012,Chiquito,230.32048779153288,11,1,Wang_2000,0,0
AmeriFlux,US-Bkg,Brookings,44.3453,-96.8362,Dinesen,319.18496085913097,37,1,Harden_2002,Dinesen,319.18496085913097,18,1,Harden_2002,Dinesen,319.18496085913097,7,1,Harden_2002,0,0
AmeriFlux,US-Blk,Black Hills,44.158,-103.65,NOGP,360.2566312704558,3,1,Nave_2021,Dinesen,733.3576096551764,18,1,Harden_2002,Dinesen,733.3576096551764,7,1,Harden_2002,0,0
AmeriFlux,US-Bo1,Bondville,40.0062,-88.2904,Kellogg Biological Station,360.05716908129943,1,1,Sollins_2009,NERP,204.13567198979823,23,1,Obrien_2013,Dinesen,617.3592209041876,7,1,Harden_2002,0,0
AmeriFlux,US-Bo2,Bondville (companion site),40.009,-88.29,Kellogg Biological Station,359.8006286519668,1,1,Sollins_2009,NERP,203.82371509829056,23,1,Obrien_2013,Dinesen,617.2841374561282,7,1,Harden_2002,0,0
AmeriFlux,US-Br1,Brooks Field Site 10- Ames,41.9749,-93.6906,Tama_County_Iowa,115.62212703634872,2,1,Trumbore_1990,Tama_County_Iowa,115.62212703634872,12,1,Trumbore_1990,Dinesen,134.89904020927918,7,1,Harden_2002,0,0
AmeriFlux,US-Br2,Brooks Field Site 1011- Ames,41.9757,-93.6925,Tama_County_Iowa,115.76110116285204,2,1,Trumbore_1990,Tama_County_Iowa,115.76110116285204,12,1,Trumbore_1990,Dinesen,134.76414916794243,7,1,Harden_2002,0,0
AmeriFlux,US-Br3,Brooks Field Site 11- Ames,41.9747,-93.6936,Tama_County_Iowa,115.87016404303243,2,1,Trumbore_1990,Tama_County_Iowa,115.87016404303243,12,1,Trumbore_1990,Dinesen,134.6518880450044,7,1,Harden_2002,0,0
AmeriFlux,US-Bsg,Burns Sagebrush,43.4712,-119.6909,Andrews Experimental Forest,213.85899339456725,2,2,Sollins_2006|Sollins_2009,Andrews Experimental Forest,213.85899339456725,12,2,Sollins_2006|Sollins_2009,Chiquito,692.0093979760796,11,1,Wang_2000,0,0
AmeriFlux,US-CC1,Coloma Corn 1,44.0732,-89.6787,ARL,89.7140721040467,24,1,Szymanski_2019,NERP,274.3000377858765,23,1,Obrien_2013,Dinesen,526.3900418984156,7,1,Harden_2002,0,0
AmeriFlux,US-CC2,Coloma Corn 2,44.1039,-89.6196,ARL,91.89416172903344,24,1,Szymanski_2019,NERP,275.388151101551,23,1,Obrien_2013,Dinesen,532.160792102274,7,1,Harden_2002,0,0
AmeriFlux,US-CF1,CAF-LTAR Cook East,46.7815,-117.0821,EarlyEvansCreek1,348.4159401416718,6,1,Trumbore_2021,Andrews Experimental Forest,483.5035589978142,12,2,Sollins_2006|Sollins_2009,Chiquito,1072.1085217759164,11,1,Wang_2000,0,0
AmeriFlux,US-CF2,CAF-LTAR Cook West,46.784,-117.0908,EarlyEvansCreek1,349.0902341708237,6,1,Trumbore_2021,Andrews Experimental Forest,483.1078105060423,12,2,Sollins_2006|Sollins_2009,Chiquito,1072.2692627710549,11,1,Wang_2000,0,0
AmeriFlux,US-CF3,CAF-LTAR Boyd North,46.7551,-117.1261,EarlyEvansCreek1,351.6467039604445,6,1,Trumbore_2021,Andrews Experimental Forest,479.0862462714214,12,2,Sollins_2006|Sollins_2009,Chiquito,1068.6470212171387,11,1,Wang_2000,0,0
AmeriFlux,US-CF4,CAF-LTAR Boyd South,46.7518,-117.1285,EarlyEvansCreek1,351.816623926816,6,1,Trumbore_2021,Andrews Experimental Forest,478.73045732009456,12,2,Sollins_2006|Sollins_2009,Chiquito,1068.2545737530265,11,1,Wang_2000,0,0
AmeriFlux,US-CGG,Concord Grazed Grassland,37.938,-121.9761,Windy,105.45229622710323,19,1,Wang_1999,Tennessee Valley,49.77918860490612,88,1,Berhe_2012,Musick,259.2054587939377,16,1,Wang_2000,0,0
AmeriFlux,US-CLF,Cole Farm,40.6366,-77.9424,BLAN,175.6278398296034,3,1,Nave_2021,Harvard Forest,523.7441773657756,88,2,Gaudinski_2000|Savage_unpub,Harvard Forest,522.569723511124,175,1,Savage_2013,0,0
AmeriFlux,US-CMW,Charleston Mesquite Woodland,31.6637,-110.1777,SRER,67.96745584162868,3,1,Nave_2021,Chiricahua Rhyolite,88.43174928521907,18,1,Heckman_2010,Sedgwick Reserve,978.2680083795548,9,1,Fierer_2005,0,0
AmeriFlux,US-CPk,Chimney Park,41.068,-106.1187,RMNP,100.45203260808162,3,1,Beem-Miller_2022,AZ_Mollisol,813.4961437872805,34,1,Heckman_2018,Treynor,877.0715966760284,9,1,Harden_2002,0,0
AmeriFlux,US-CRK,Davy Crockett National Forest,31.4629,-95.3415,Western Coastal Plain,215.16521619616324,20,1,Butnor_2017,Western Coastal Plain,215.16521619616324,20,1,Butnor_2017,Treynor,1079.2439181999396,9,1,Harden_2002,0,0
AmeriFlux,US-CRT,Curtice Walter-Berger cropland,41.6285,-83.3471,Kellogg Biological Station,190.3503760624209,1,1,Sollins_2009,Kellogg Biological Station,190.3503760624209,7,1,Sollins_2009,Harvard Forest,925.5629419604287,175,1,Savage_2013,0,0
AmeriFlux,US-CS1,Central Sands Irrigated Agricultural Field,44.1031,-89.5379,ARL,90.657022550838,24,1,Szymanski_2019,NERP,272.6694024214044,23,1,Obrien_2013,Dinesen,537.8866384246121,7,1,Harden_2002,0,0
AmeriFlux,US-CS2,Tri county school Pine Forest,44.1467,-89.5002,ARL,95.10387714859115,24,1,Szymanski_2019,NERP,275.9809205269878,23,1,Obrien_2013,Dinesen,542.8097852227014,7,1,Harden_2002,0,0
AmeriFlux,US-CS3,Central Sands Irrigated Agricultural Field,44.1394,-89.5727,ARL,95.07013031973244,24,1,Szymanski_2019,NERP,277.47550994189857,23,1,Obrien_2013,Dinesen,537.3234139238835,7,1,Harden_2002,0,0
AmeriFlux,US-CS4,Central Sands Irrigated Agricultural Field,44.1597,-89.5475,ARL,96.99589278822504,24,1,Szymanski_2019,NERP,278.7615695630445,23,1,Obrien_2013,Dinesen,540.1629690859498,7,1,Harden_2002,0,0
AmeriFlux,US-CS5,Central Sands Irrigated Agricultural Field,44.1095,-89.5377,ARL,91.35938711945101,24,1,Szymanski_2019,NERP,273.31738722711907,23,1,Obrien_2013,Dinesen,538.2315542698823,7,1,Harden_2002,0,0
AmeriFlux,US-CS6,Central Sands Irrigated Agricultural Field,44.4297,-89.544,TREE,118.35969810508219,3,1,Nave_2021,NERP,306.55380098180956,23,1,Obrien_2013,Dinesen,555.2623048686057,7,1,Harden_2002,0,0
AmeriFlux,US-CS7,Central Sands Forest,44.4375,-89.5443,TREE,117.49205064330063,3,1,Nave_2021,NERP,307.3741177015038,23,1,Obrien_2013,Dinesen,555.6891674678384,7,1,Harden_2002,0,0
AmeriFlux,US-CS8,Central Sands Irrigated Agricultural Field,44.4338,-89.5364,TREE,117.92212994452447,3,1,Nave_2021,NERP,306.7689707779107,23,1,Obrien_2013,Dinesen,556.0143851049035,7,1,Harden_2002,0,0
AmeriFlux,US-CdM,Cedar Mesa,37.5241,-109.7471,MOAB,86.46849989832167,3,1,Nave_2021,AZ_Mollisol,311.3787982551678,34,1,Heckman_2018,Chiquito,830.5623109123228,11,1,Wang_2000,0,0
AmeriFlux,US-Ced,Cedar Bridge,39.8379,-74.3791,Richards,210.1227944389937,3,1,Butman_2007,Harvard Forest,352.3013992064738,88,2,Gaudinski_2000|Savage_unpub,Harvard Forest,350.92385316684636,175,1,Savage_2013,0,0
AmeriFlux,US-Cst,Crossett Experimental Forest,33.0442,-91.9204,Goodwin Creek,237.76269674900558,30,1,Harden_1999,Western Coastal Plain,261.2341650885632,20,1,Butnor_2017,Treynor,961.2667622391753,9,1,Harden_2002,0,0
AmeriFlux,US-Ctn,Cottonwood,43.95,-101.8466,NOGP,321.8633216103597,3,1,Nave_2021,Dinesen,590.3810518777859,18,1,Harden_2002,Dinesen,590.3810518777859,7,1,Harden_2002,0,0
AmeriFlux,US-CwG,Coweeta Grassland,34.9682,-83.3951,GRSM,80.72889083813673,3,1,Nave_2021,Oak Ridge Reservation,138.27992555517753,12,1,Swanston_2005,Treynor,1272.6949048803071,9,1,Harden_2002,0,0
AmeriFlux,US-Cwt,Coweeta,35.0592,-83.4275,GRSM,70.35069829164449,3,1,Nave_2021,Oak Ridge Reservation,128.41352250310362,12,1,Swanston_2005,Treynor,1264.331427458706,9,1,Harden_2002,0,0
AmeriFlux,US-DCS,Dwarf Cypress Swamp,25.7626,-80.9078,DSNY,267.8608924236446,3,1,Nave_2021,Southern Piedmont,832.2425400682663,20,1,Butnor_2017,Harvard Forest,2026.9232286514846,175,1,Savage_2013,0,0
AmeriFlux,US-DFC,"US Dairy Forage Research Center, Prairie du Sac",43.3448,-89.7117,ARL,27.380554674602266,24,1,Szymanski_2019,NERP,205.9451469240733,23,1,Obrien_2013,Dinesen,491.03622791168766,7,1,Harden_2002,0,0
AmeriFlux,US-DFK,Dairy Forage Research Center - Kernza,43.3453,-89.7154,ARL,27.684844172798794,24,1,Szymanski_2019,NERP,206.16702114314157,23,1,Obrien_2013,Dinesen,490.7736477404701,7,1,Harden_2002,0,0
AmeriFlux,US-DS1,Staten Corn 1,38.1335,-121.539,Turlock Lake,100.35536861835439,8,1,Baisden_2007,Tennessee Valley,92.61319610190553,88,1,Berhe_2012,Chiquito,231.72374652665755,11,1,Wang_2000,0,0
AmeriFlux,US-DS3,Staten Rice 1,38.1235,-121.549,Turlock Lake,100.47812315604428,8,1,Baisden_2007,Tennessee Valley,91.41738447879757,88,1,Berhe_2012,Chiquito,232.07473948379203,11,1,Wang_2000,0,0
AmeriFlux,US-Dea,California UC ANR Desert Research and Extension Center Alfalfa,32.8136,-115.4423,Joshua_Tree,143.68075374610598,12,1,Nowinski_2021,Camp_Osceola,201.06519446037092,53,1,Nowinski_2009,Sedgwick Reserve,474.74423110517796,9,1,Fierer_2005,0,0
AmeriFlux,US-Deu,California UC ANR Desert Research and Extension Center Urban Farm Tower,32.8056,-115.4456,Joshua_Tree,144.19734618911798,12,1,Nowinski_2021,Camp_Osceola,201.5363737541697,53,1,Nowinski_2009,Sedgwick Reserve,474.88206449123743,9,1,Fierer_2005,0,0
AmeriFlux,US-Dia,Diablo,37.6773,-121.5296,Windy,79.0151275849719,19,1,Wang_1999,Turlock Lake,82.8432697870187,19,1,Baisden_2002,Musick,212.25736481706275,16,1,Wang_2000,0,0
AmeriFlux,US-Dix,Fort Dix,39.9712,-74.4346,Richards,202.33944176126417,3,1,Butman_2007,Harvard Forest,342.1814036570217,88,2,Gaudinski_2000|Savage_unpub,Harvard Forest,340.801223634246,175,1,Savage_2013,0,0
AmeriFlux,US-Dk1,Duke Forest-open field,35.9712,-79.0934,MLBS,201.92642586956438,3,1,Nave_2021,Atlantic Coast Flatwoods,225.793665246843,16,1,Butnor_2017,Harvard Forest,940.1649631028924,175,1,Savage_2013,0,0
AmeriFlux,US-Dk2,Duke Forest-hardwoods,35.9736,-79.1004,MLBS,201.32405397476197,3,1,Nave_2021,Atlantic Coast Flatwoods,226.43905008495318,16,1,Butnor_2017,Harvard Forest,940.3316380558484,175,1,Savage_2013,0,0
AmeriFlux,US-Dk3,Duke Forest - loblolly pine,35.9782,-79.0942,MLBS,201.27506995654184,3,1,Nave_2021,Atlantic Coast Flatwoods,226.37197136878586,16,1,Butnor_2017,Harvard Forest,939.5871947597407,175,1,Savage_2013,0,0
AmeriFlux,US-Dmg,Dutch Slough Marsh Gilbert Tract,38.0015,-121.6691,Turlock Lake,103.39990381525588,8,1,Baisden_2007,Tennessee Valley,77.57049839962421,88,1,Berhe_2012,Chiquito,236.85941522404337,11,1,Wang_2000,0,0
AmeriFlux,US-EA4,EAA Field Research Park Woodland,29.6633,-98.3816,CLBJ,422.69130813915956,7,2,Beem-Miller_2022|Nave_2021,Western Coastal Plain,520.8701802853059,20,1,Butnor_2017,Treynor,1302.6621274531756,9,1,Harden_2002,0,0
AmeriFlux,US-EA5,Uvalde Ranch Mesquite Woodland,29.3584,-99.9576,CLBJ,503.4028927520081,7,2,Beem-Miller_2022|Nave_2021,Western Coastal Plain,676.6364759327914,20,1,Butnor_2017,Treynor,1369.5989585208897,9,1,Harden_2002,0,0
AmeriFlux,US-EA6,Camp Wood Shield Ranch Oak Savannah,29.6561,-99.9588,CLBJ,473.96499331189773,7,2,Beem-Miller_2022|Nave_2021,Western Coastal Plain,667.9353110439838,20,1,Butnor_2017,Treynor,1337.7439770110204,9,1,Harden_2002,0,0
AmeriFlux,US-EDN,Eden Landing Ecological Reserve,37.6156,-122.114,Santa Cruz,71.49989348221114,58,1,Lawrence_2021,Tennessee Valley,44.91972664065229,88,1,Berhe_2012,Musick,259.71556074378066,16,1,Wang_2000,0,0
AmeriFlux,US-EPM,Edwards Plateau Martin,30.8167,-99.8619,CLBJ,359.40247508641863,7,2,Beem-Miller_2022|Nave_2021,Western Coastal Plain,639.4455077076761,20,1,Butnor_2017,Treynor,1211.3083852384866,9,1,Harden_2002,0,0
AmeriFlux,US-Elm,Everglades (long hydroperiod marsh),25.5519,-80.7826,DSNY,293.3748137824248,3,1,Nave_2021,Southern Piedmont,858.8104472508901,20,1,Butnor_2017,Harvard Forest,2044.4126016532252,175,1,Savage_2013,0,0
AmeriFlux,US-Esm,Everglades (short hydroperiod marsh),25.4379,-80.5946,DSNY,310.2522350821777,3,1,Nave_2021,Southern Piedmont,878.6574996841717,20,1,Butnor_2017,Harvard Forest,2049.804326118093,175,1,Savage_2013,0,0
AmeriFlux,US-EvM,Everglades Saltwater intrusion marsh,25.3539,-80.381,DSNY,325.46028820907367,3,1,Nave_2021,Southern Piedmont,896.8948131285069,20,1,Butnor_2017,Harvard Forest,2051.387410776108,175,1,Savage_2013,0,0
AmeriFlux,US-FPe,Fort Peck,48.3077,-105.1019,Matador,342.623678471188,1,1,Martel_1974,Matador,342.623678471188,9,1,Martel_1974,CZ_Old_Black_Spruce,954.4118736220792,1,1,Czimczik_2007,0,0
AmeriFlux,US-FR1,Freeman Ranch- Grassland,29.93,-98.01,CLBJ,388.22148622977573,7,2,Beem-Miller_2022|Nave_2021,Western Coastal Plain,478.2157261830565,20,1,Butnor_2017,Treynor,1267.4254956301595,9,1,Harden_2002,0,0
AmeriFlux,US-FR2,Freeman Ranch- Mesquite Juniper,29.9495,-97.9962,CLBJ,385.92673161034537,7,2,Beem-Miller_2022|Nave_2021,Western Coastal Plain,476.3778436677694,20,1,Butnor_2017,Treynor,1265.0753315304619,9,1,Harden_2002,0,0
AmeriFlux,US-FR3,Freeman Ranch- Woodland,29.94,-97.99,CLBJ,386.9168511675919,7,2,Beem-Miller_2022|Nave_2021,Western Coastal Plain,476.06823897436817,20,1,Butnor_2017,Treynor,1266.0252473803282,9,1,Harden_2002,0,0
AmeriFlux,US-Fo1,Flux Observations of Carbon from an Airborne Laboratory (FOCAL) Campaign Site 1,70.085,-148.5671,TOOL,161.42513974152516,3,1,Nave_2021,Hess Creek,502.5363137567057,22,1,O'Donnell_2011,Barrow,321.79482688892887,49,1,Vaughn_2018,0,0
AmeriFlux,US-Fo2,Flux Observations of Carbon from an Airborne Laboratory (FOCAL) Campaign Site 2,70.0229,-148.6598,TOOL,153.96860762271643,3,1,Nave_2021,Hess Creek,495.53299026989544,22,1,O'Donnell_2011,Barrow,322.01742021532164,49,1,Vaughn_2018,0,0
AmeriFlux,US-Fwf,Flagstaff - Wildfire,35.4454,-111.7718,Flagstaff Basalt,31.920795149143064,4,1,Heckman_2010,Flagstaff Basalt,31.920795149143064,12,1,Heckman_2010,Fallbrook,689.4745857382516,2,1,Ewing_2006,0,0
AmeriFlux,US-GBT,GLEES Brooklyn Tower,41.3658,-106.2397,RMNP,134.51665785533987,3,1,Beem-Miller_2022,AZ_Mollisol,833.9044618261885,34,1,Heckman_2018,Treynor,885.3816887875948,9,1,Harden_2002,0,0
AmeriFlux,US-GCE,Georgia Coastal Ecosystems LTER Flux Tower,31.4441,-81.2835,OSBS,206.62474831229457,1,1,Beem-Miller_2022,Southern Piedmont,354.7627561705977,20,1,Butnor_2017,Harvard Forest,1471.6914345669948,175,1,Savage_2013,0,0
AmeriFlux,US-GL1,Stannard Rock,47.1835,-87.2251,UNDE,205.48443535155448,5,1,Beem-Miller_2022,MI_Spodosol,242.98776195035353,33,1,Heckman_2018,Dinesen,881.8970810067059,7,1,Harden_2002,0,0
AmeriFlux,US-GLE,GLEES,41.3665,-106.2399,RMNP,134.59395234753626,3,1,Beem-Miller_2022,AZ_Mollisol,833.9577387986533,34,1,Heckman_2018,Treynor,885.395566469967,9,1,Harden_2002,0,0
AmeriFlux,US-GMF,Great Mountain Forest,41.9667,-73.2333,Richards,87.82500723233925,3,1,Butman_2007,Harvard Forest,107.60492240542882,88,2,Gaudinski_2000|Savage_unpub,Harvard Forest,106.28945234097255,175,1,Savage_2013,0,0
AmeriFlux,US-GZ1,"Genesee, ID On-farm site Zone 1",46.5008,-116.8068,EarlyEvansCreek1,327.36464244939947,6,1,Trumbore_2021,Andrews Experimental Forest,485.14950671937515,12,2,Sollins_2006|Sollins_2009,Chiquito,1045.3233296597919,11,1,Wang_2000,0,0
AmeriFlux,US-GZ2,"Genesee, ID On-farm site Zone 2",46.4978,-116.8047,EarlyEvansCreek1,327.21891304580845,6,1,Trumbore_2021,Andrews Experimental Forest,485.1276764456862,12,2,Sollins_2006|Sollins_2009,Chiquito,1045.0284162410107,11,1,Wang_2000,0,0
AmeriFlux,US-GZ3,"Genesee, ID On-farm site Zone 3",46.4949,-116.8019,EarlyEvansCreek1,327.0194806190613,6,1,Trumbore_2021,Andrews Experimental Forest,485.1583906136022,12,2,Sollins_2006|Sollins_2009,Chiquito,1044.755140685936,11,1,Wang_2000,0,0
AmeriFlux,US-HB1,North Inlet Crab Haul Creek,33.3455,-79.1957,Atlantic Coast Flatwoods,224.98881976400364,16,1,Butnor_2017,Atlantic Coast Flatwoods,224.98881976400364,16,1,Butnor_2017,Harvard Forest,1190.7943188423246,175,1,Savage_2013,0,0
AmeriFlux,US-HB2,Hobcaw Barony Mature Longleaf Pine,33.3242,-79.244,Atlantic Coast Flatwoods,229.97730059784288,16,1,Butnor_2017,Atlantic Coast Flatwoods,229.97730059784288,16,1,Butnor_2017,Harvard Forest,1195.0402125773744,175,1,Savage_2013,0,0
AmeriFlux,US-HB3,Hobcaw Barony Longleaf Pine Restoration,33.3482,-79.2322,Atlantic Coast Flatwoods,227.46884439543098,16,1,Butnor_2017,Atlantic Coast Flatwoods,227.46884439543098,16,1,Butnor_2017,Harvard Forest,1192.1749373028003,175,1,Savage_2013,0,0
AmeriFlux,US-HB4,Minim Creek Brackish Impoundment,33.2015,-79.2975,Atlantic Coast Flatwoods,242.4519920255194,16,1,Butnor_2017,Atlantic Coast Flatwoods,242.4519920255194,16,1,Butnor_2017,Harvard Forest,1209.386170963788,175,1,Savage_2013,0,0
AmeriFlux,US-HBK,Hubbard Brook Experimental Forest,43.9397,-71.7181,NH Bartlett Forest,37.102883665619565,37,1,McFarlane_2013,NH Bartlett Forest,37.102883665619565,30,1,McFarlane_2013,Harvard Forest,160.07301103004423,156,1,Gaudinski_2001,0,0
AmeriFlux,US-HPY,Hawk Property,40.7692,-74.0853,Richards,124.9582778634837,3,1,Butman_2007,Harvard Forest,252.6271314437203,88,2,Gaudinski_2000|Savage_unpub,Harvard Forest,251.24786953681811,175,1,Savage_2013,0,0
AmeriFlux,US-HRA,Humnoke Farm Rice Field – Field A,34.5852,-91.7517,Nelson Farm,157.6297650950868,21,1,Harden_1999,Western Coastal Plain,425.8006121639243,20,1,Butnor_2017,Treynor,807.2864069277256,9,1,Harden_2002,0,0
AmeriFlux,US-HRC,Humnoke Farm Rice Field – Field C,34.5888,-91.7517,Nelson Farm,157.5975911011428,21,1,Harden_1999,Western Coastal Plain,426.18041087464553,20,1,Butnor_2017,Treynor,806.9202956410184,9,1,Harden_2002,0,0
AmeriFlux,US-HRN,Humnoke Carr North Rice Field,34.5955,-91.7132,Nelson Farm,154.0263028303366,21,1,Harden_1999,Western Coastal Plain,428.01207048004403,20,1,Butnor_2017,Treynor,807.6713815815086,9,1,Harden_2002,0,0
AmeriFlux,US-HRP,Herring River Phragmites,41.938,-70.0552,MA Harvard Forest,186.54180142361554,36,1,McFarlane_2013,MA Harvard Forest,186.54180142361554,30,1,McFarlane_2013,Harvard Forest,187.28368612355712,156,1,Gaudinski_2001,0,0
AmeriFlux,US-HRS,Humnoke Carr South Rice Field,34.5922,-91.7138,Nelson Farm,154.10927906400462,21,1,Harden_1999,Western Coastal Plain,427.6470630466248,20,1,Butnor_2017,Treynor,807.983989499179,9,1,Harden_2002,0,0
AmeriFlux,US-HVa,Happy Valley,69.1423,-148.8412,TOOL,57.54877724643135,3,1,Nave_2021,Hess Creek,397.5067730158561,22,1,O'Donnell_2011,Barrow,374.3373327473724,49,1,Vaughn_2018,0,0
AmeriFlux,US-HVs,Happy Valley Wet Sedge Tundra,69.1672,-148.8569,TOOL,59.90926696533198,3,1,Nave_2021,Hess Creek,400.26998518152527,22,1,O'Donnell_2011,Barrow,372.00300561699726,49,1,Vaughn_2018,0,0
AmeriFlux,US-HWB,USDA ARS Pasture Sytems and Watershed Management Research Unit- Hawbecker Site,40.8608,-77.8488,BLAN,201.1095069373133,3,1,Nave_2021,Harvard Forest,506.18857254115596,88,2,Gaudinski_2000|Savage_unpub,Harvard Forest,505.0423859100473,175,1,Savage_2013,0,0
AmeriFlux,US-Hn1,Hanford 300 Area,46.4089,-119.275,WREF,216.45397068277734,6,1,Beem-Miller_2022,Andrews Experimental Forest,327.7352868862517,12,2,Sollins_2006|Sollins_2009,Chiquito,1017.1892334018885,11,1,Wang_2000,0,0
AmeriFlux,US-Hn2,Hanford 100H grassland,46.6889,-119.4641,WREF,214.2561839035495,6,1,Beem-Miller_2022,Andrews Experimental Forest,341.660443178718,12,2,Sollins_2006|Sollins_2009,Chiquito,1048.5944071441618,11,1,Wang_2000,0,0
AmeriFlux,US-Hn3,Hanford 100H sagebrush,46.6878,-119.4614,WREF,214.38817080194806,6,1,Beem-Miller_2022,Andrews Experimental Forest,341.6927192611619,12,2,Sollins_2006|Sollins_2009,Chiquito,1048.4666188456129,11,1,Wang_2000,0,0
AmeriFlux,US-Hsm,Hill Slough Marsh,38.2368,-122.0212,Hopland_Buck,124.63217872674474,3,1,Foley_2023,Tennessee Valley,62.196465662221826,88,1,Berhe_2012,Chiquito,274.9919195636128,11,1,Wang_2000,0,0
AmeriFlux,US-IL1,Paspalum notatum long rotational grazing,27.1879,-81.1996,DSNY,106.77887167743235,3,1,Nave_2021,Southern Piedmont,679.0814662673284,20,1,Butnor_2017,Harvard Forest,1890.9457318251395,175,1,Savage_2013,0,0
AmeriFlux,US-INa,INFLUX - Cemetery Turfgrass Tower,39.8273,-86.179,Kellogg Biological Station,294.0664361907731,1,1,Sollins_2009,NERP,283.32404387162694,23,1,Obrien_2013,Dinesen,794.0392562973768,7,1,Harden_2002,0,0
AmeriFlux,US-INb,INFLUX - Golf Course,39.8706,-86.0024,Kellogg Biological Station,286.39912823309317,1,1,Sollins_2009,Kellogg Biological Station,286.39912823309317,7,1,Sollins_2009,Dinesen,806.8981421162176,7,1,Harden_2002,0,0
AmeriFlux,US-INc,INFLUX - Downtown Indianapolis (Site-3),39.7833,-86.1652,Kellogg Biological Station,298.5933717750984,1,1,Sollins_2009,NERP,287.9446602444988,23,1,Obrien_2013,Dinesen,796.7005044107511,7,1,Harden_2002,0,0
AmeriFlux,US-INd,INFLUX - Agricultural Site East near Pittsboro,39.8645,-86.5005,Kellogg Biological Station,297.24292541880385,1,1,Sollins_2009,NERP,264.1450251092868,23,1,Obrien_2013,Dinesen,766.6803533858528,7,1,Harden_2002,0,0
AmeriFlux,US-INe,INFLUX - Agricultural Site West near Pittsboro,39.8632,-86.5083,Kellogg Biological Station,297.58362310037046,1,1,Sollins_2009,NERP,263.9032869013969,23,1,Obrien_2013,Dinesen,766.094086852686,7,1,Harden_2002,0,0
AmeriFlux,US-INf,INFLUX - East 21st St (Site 2),39.7978,-86.0183,Kellogg Biological Station,294.60696179506306,1,1,Sollins_2009,NERP,294.3482154321646,23,1,Obrien_2013,Dinesen,808.1024741462099,7,1,Harden_2002,0,0
AmeriFlux,US-INg,INFLUX - Wayne Twp Comm (Site-7),39.7739,-86.2724,Kellogg Biological Station,301.66459673264603,1,1,Sollins_2009,NERP,283.41681361666537,23,1,Obrien_2013,Dinesen,788.3543434503908,7,1,Harden_2002,0,0
AmeriFlux,US-INi,INFLUX - Agricultural Site East of Indianapolis (Site-9a),39.8167,-85.7005,Kellogg Biological Station,289.01496811235364,1,1,Sollins_2009,Kellogg Biological Station,289.01496811235364,7,1,Sollins_2009,Dinesen,833.2749386945604,7,1,Harden_2002,0,0
AmeriFlux,US-INj,INFLUX - Agricultural Site East of Indianapolis (Site-9b),39.8766,-85.7066,Kellogg Biological Station,282.42524893253983,1,1,Sollins_2009,Kellogg Biological Station,282.42524893253983,7,1,Sollins_2009,Dinesen,830.7745122529195,7,1,Harden_2002,0,0
AmeriFlux,US-INn,INFLUX - Agricultural Site West of Indianapolis (Site-14a),39.9468,-86.788,Kellogg Biological Station,297.0912591876977,1,1,Sollins_2009,NERP,243.55541977809068,23,1,Obrien_2013,Dinesen,740.5253326233129,7,1,Harden_2002,0,0
AmeriFlux,US-INp,INFLUX - Agricultural Site West of Indianapolis (Site-14b) ,39.9477,-86.7821,Kellogg Biological Station,296.8061566343465,1,1,Sollins_2009,NERP,243.7176130228938,23,1,Obrien_2013,Dinesen,740.9723623004678,7,1,Harden_2002,0,0
AmeriFlux,US-Ivo,Ivotuk,68.4865,-155.7503,TOOL,259.75578281177883,3,1,Nave_2021,Hess Creek,438.937388269645,22,1,O'Donnell_2011,Barrow,311.5651210918201,49,1,Vaughn_2018,0,0
AmeriFlux,US-JLN,Jackson Lane - natural,39.0574,-75.7531,SERC,72.19303202343622,3,1,Nave_2021,Harvard Forest,490.22379198758716,88,2,Gaudinski_2000|Savage_unpub,Harvard Forest,488.84402704147993,175,1,Savage_2013,0,0
AmeriFlux,US-JLR,Jackson Lane - restored,39.0543,-75.7531,SERC,72.1064457280394,3,1,Nave_2021,Harvard Forest,490.50027886159074,88,2,Gaudinski_2000|Savage_unpub,Harvard Forest,489.1204873413847,175,1,Savage_2013,0,0
AmeriFlux,US-JRn,WV Jacks Run,39.6789,-80.1646,CVNWR Peatland 1,90.49693690378398,7,1,Schaney_2020,Kellogg Biological Station,533.4422752252484,7,1,Sollins_2009,Harvard Forest,739.1467334753586,175,1,Savage_2013,0,0
AmeriFlux,US-KCM,KCMP Tall Tower,44.6886,-93.0728,Willow Creek,265.179531917984,23,1,phillips_2013,Tama_County_Iowa,288.9202655127374,12,1,Trumbore_1990,Dinesen,376.41348252754875,7,1,Harden_2002,0,0
AmeriFlux,US-KGF,Kingman Farm,43.1717,-70.9259,BART,103.38367598007989,2,1,Nave_2021,NH Bartlett Forest,103.48674835422901,30,1,McFarlane_2013,Harvard Forest,124.03014818400615,156,1,Gaudinski_2001,0,0
AmeriFlux,US-KLS,Kansas Land Institute,38.7745,-97.5684,KONA,90.68247209996066,3,1,Nave_2021,Dinesen,379.78490432247537,18,1,Harden_2002,Treynor,312.4098593297496,9,1,Harden_2002,0,0
AmeriFlux,US-KPL,Lily Lake Fen,60.5382,-150.5061,EML,377.0242357480024,9,1,Hicks_Pries_2012,Bodenburg,141.09066593888662,8,1,Clark_2002,CiPEHR,377.0242357480024,89,1,Pegoraro_2021,0,0
AmeriFlux,US-KS1,Kennedy Space Center (slash pine),28.4583,-80.6709,DSNY,83.59290951181129,4,1,Beem-Miller_2022,Southern Piedmont,595.0168572867934,20,1,Butnor_2017,Harvard Forest,1740.6676183842267,175,1,Savage_2013,0,0
AmeriFlux,US-KS2,Kennedy Space Center (scrub oak),28.6086,-80.6715,DSNY,92.13535827268151,4,1,Beem-Miller_2022,Southern Piedmont,582.5697995072442,20,1,Butnor_2017,Harvard Forest,1725.4071968153116,175,1,Savage_2013,0,0
AmeriFlux,US-KS3,Kennedy Space Center (salt marsh),28.7084,-80.7427,DSNY,93.84655519179978,4,1,Beem-Miller_2022,Southern Piedmont,569.7047818383805,20,1,Butnor_2017,Harvard Forest,1718.1197850310193,175,1,Savage_2013,0,0
AmeriFlux,US-KS4,Kennedy Space Center (Spartina marsh),28.6,-80.7207,DSNY,87.69403377759886,4,1,Beem-Miller_2022,Southern Piedmont,580.0363656168696,20,1,Butnor_2017,Harvard Forest,1728.2360670690434,175,1,Savage_2013,0,0
AmeriFlux,US-KUO,KUOM tower,44.9984,-93.1884,Willow Creek,258.745326774008,23,1,phillips_2013,S1_Bog_MEF,279.57874557842365,27,1,McFarlane_2018,Dinesen,402.84173345102386,7,1,Harden_2002,0,0
AmeriFlux,US-KUT,KUOM Turfgrass Field,44.995,-93.1863,Willow Creek,258.72989466351856,23,1,phillips_2013,S1_Bog_MEF,279.96766278316977,27,1,McFarlane_2018,Dinesen,402.57192705566047,7,1,Harden_2002,0,0
AmeriFlux,US-Kyv,Apple Orchard ARS Kearneysville WV,39.3447,-77.8859,BLAN,35.447072767850486,3,1,Nave_2021,Atlantic Coast Flatwoods,531.6196556486293,16,1,Butnor_2017,Harvard Forest,595.0583951335944,175,1,Savage_2013,0,0
AmeriFlux,US-LA1,Pointe-aux-Chenes Brackish Marsh,29.5013,-90.4449,Western Coastal Plain,306.3941326885237,20,1,Butnor_2017,Western Coastal Plain,306.3941326885237,20,1,Butnor_2017,Treynor,1379.3720976013478,9,1,Harden_2002,0,0
AmeriFlux,US-LA2,Salvador WMA Freshwater Marsh,29.8587,-90.2869,LENO,300.6348563093094,3,1,Nave_2021,Western Coastal Plain,300.9764363381347,20,1,Butnor_2017,Treynor,1346.7832639557191,9,1,Harden_2002,0,0
AmeriFlux,US-LA3,Barataria Bay Saline Marsh,29.4936,-89.9153,LENO,311.4702410571968,3,1,Nave_2021,Western Coastal Plain,351.156616026784,20,1,Butnor_2017,Treynor,1397.1725756218907,9,1,Harden_2002,0,0
AmeriFlux,US-LGr,Lockney Grassland,34.1377,-101.4787,OAES,262.44668515553894,3,1,Nave_2021,Chiricahua Rhyolite,768.9854644618372,18,1,Heckman_2010,Treynor,934.681624423268,9,1,Harden_2002,0,0
AmeriFlux,US-LS1,San Pedro River Lewis Springs Sacaton Grassland,31.5615,-110.1403,SRER,76.35246406716801,3,1,Nave_2021,Chiricahua Rhyolite,89.07692075521847,18,1,Heckman_2010,Sedgwick Reserve,985.9856290677609,9,1,Fierer_2005,0,0
AmeriFlux,US-LS2,San Pedro River Lewis Springs Savanna,31.5659,-110.1344,SRER,76.58597554164224,3,1,Nave_2021,Chiricahua Rhyolite,88.36661833407949,18,1,Heckman_2010,Sedgwick Reserve,986.3047762989498,9,1,Fierer_2005,0,0
AmeriFlux,US-LU1,Missouri-Moreau River Basin USDA Certified Organic Farm,38.5048,-92.2487,MO Ozark BREA,26.943167229511673,34,1,McFarlane_2013,MO Ozark BREA,26.943167229511673,30,1,McFarlane_2013,Treynor,414.1289690926497,9,1,Harden_2002,0,0
AmeriFlux,US-LWW,Little Washita Watershed,34.9604,-97.9789,OAES,110.16720340361529,4,1,Beem-Miller_2022,Western Coastal Plain,633.4314441989662,20,1,Butnor_2017,Treynor,719.5806096440676,9,1,Harden_2002,0,0
AmeriFlux,US-Lin,Lindcove Orange Orchard,36.3566,-119.0922,Fallbrook,43.527083802899384,4,1,Ewing_2006,Trumbore Falbrook,44.90464149180109,31,3,Koarashi_2012|Trumbore_1996|Trumbore_unpublished,Fallbrook,43.527083802899384,2,1,Ewing_2006,0,0
AmeriFlux,US-Los,Lost Creek,46.0827,-89.9792,Willow Creek,31.748312606181038,23,1,phillips_2013,S1_Bog_MEF,308.20884192571776,27,1,McFarlane_2018,Dinesen,645.3100648466606,7,1,Harden_2002,0,0
AmeriFlux,US-MAC,MacArthur Agro-Ecology,27.1632,-81.1873,DSNY,109.72571448682656,3,1,Nave_2021,Southern Piedmont,682.0653712424213,20,1,Butnor_2017,Harvard Forest,1892.9904343643755,175,1,Savage_2013,0,0
AmeriFlux,US-MC1,"Creston, Montana pivot-irrigated spring wheat",48.1873,-114.1548,EarlyEvansCreek1,219.37493652026367,6,1,Trumbore_2021,Matador,536.7803491169508,9,1,Martel_1974,Chiquito,1280.771401027744,11,1,Wang_2000,0,0
AmeriFlux,US-MC2,"Creston, Montana pivot-irrigated spring wheat 2",48.1802,-114.2051,EarlyEvansCreek1,220.86883486609264,6,1,Trumbore_2021,Matador,540.2874880561683,9,1,Martel_1974,Chiquito,1278.7426195062997,11,1,Wang_2000,0,0
AmeriFlux,US-MFs,Moore Fields,43.1385,-70.961,BART,106.19908230656925,2,1,Nave_2021,NH Bartlett Forest,106.30113266370384,30,1,McFarlane_2013,Harvard Forest,119.61228256075873,156,1,Gaudinski_2001,0,0
AmeriFlux,US-MG1,MPG Ranch Rangeland Restoration,46.6996,-114.0353,EarlyEvansCreek1,116.29568969505992,6,1,Trumbore_2021,Matador,639.985482809323,9,1,Martel_1974,Chiquito,1130.679419336627,11,1,Wang_2000,0,0
AmeriFlux,US-MH1,"Huntley, Montana irrigated barley site 1",45.9206,-108.2414,winter range_YNP,187.1859479849114,28,1,Frank_2011,Matador,542.9792201720597,9,1,Martel_1974,Dinesen,1138.7545628004775,7,1,Harden_2002,0,0
AmeriFlux,US-MH2,"Huntley, Montana irrigated barley site 2",45.9699,-108.1978,winter range_YNP,193.14700162714072,28,1,Frank_2011,Matador,537.3614579860738,9,1,Martel_1974,Dinesen,1137.441263919478,7,1,Harden_2002,0,0
AmeriFlux,US-MMS,Morgan Monroe State Forest,39.3232,-86.4131,Kellogg Biological Station,353.2114879978002,1,1,Sollins_2009,NERP,319.77426824183743,23,1,Obrien_2013,Dinesen,794.6498742323768,7,1,Harden_2002,0,0
AmeriFlux,US-MN1,"Morris: Corn-Soybean with Cover Crops, Strip Tillage",45.6168,-96.1269,DCFS,285.8583787355757,3,1,Nave_2021,S1_Bog_MEF,293.03653207174364,27,1,McFarlane_2018,Dinesen,439.7458081970677,7,1,Harden_2002,0,0
AmeriFlux,US-MN2,"Morris: Corn-Soybean-Wheat with Cover Crops, Minimal Tillage",45.627,-96.1271,DCFS,285.149174523708,3,1,Nave_2021,S1_Bog_MEF,292.22208769828944,27,1,McFarlane_2018,Dinesen,440.8678976124167,7,1,Harden_2002,0,0
AmeriFlux,US-MN3,"Morris: Corn-Soybean, Conventional Tillage",45.6091,-96.1265,DCFS,286.41080843554215,3,1,Nave_2021,S1_Bog_MEF,293.63951777008856,27,1,McFarlane_2018,Dinesen,438.89567661334456,7,1,Harden_2002,0,0
AmeriFlux,US-MRM,Marsh Resource Meadowlands Mitigation Bank,40.8164,-74.0435,Richards,119.50265341018896,3,1,Butman_2007,Harvard Forest,246.32685031875315,88,2,Gaudinski_2000|Savage_unpub,Harvard Forest,244.94773455945108,175,1,Savage_2013,0,0
AmeriFlux,US-MRf,Mary's River (Fir) site,44.6465,-123.5515,Andrews Experimental Forest,121.14425618118965,2,2,Sollins_2006|Sollins_2009,Andrews Experimental Forest,121.14425618118965,12,2,Sollins_2006|Sollins_2009,Chiquito,900.2738310582766,11,1,Wang_2000,0,0
AmeriFlux,US-MSR,Montana Sun River winter wheat ,47.4758,-111.7207,EarlyEvansCreek1,119.69803333220896,6,1,Trumbore_2021,Matador,462.23682207784225,9,1,Martel_1974,Chiquito,1287.816142314706,11,1,Wang_2000,0,0
AmeriFlux,US-MVF,Montana Vaughn Fallow,47.6867,-111.4659,EarlyEvansCreek1,149.71270763087702,6,1,Trumbore_2021,Matador,432.04693121328694,9,1,Martel_1974,CZ_Old_Black_Spruce,1271.5744519485747,1,1,Czimczik_2007,0,0
AmeriFlux,US-MVW,Montana Vaughn Wheat,47.6729,-111.4889,EarlyEvansCreek1,147.49091901103648,6,1,Trumbore_2021,Matador,434.2960237189284,9,1,Martel_1974,CZ_Old_Black_Spruce,1273.8535349942683,1,1,Czimczik_2007,0,0
AmeriFlux,US-MWA,Jackson Agricultural Field,42.2143,-84.8539,Kellogg Biological Station,49.70805543054778,1,1,Sollins_2009,Kellogg Biological Station,49.70805543054778,7,1,Sollins_2009,Dinesen,863.3233847010802,7,1,Harden_2002,0,0
AmeriFlux,US-MWS,Michigan State University Campus Site - Spartans,42.7293,-84.4737,Kellogg Biological Station,83.94381791294408,1,1,Sollins_2009,Kellogg Biological Station,83.94381791294408,7,1,Sollins_2009,Dinesen,896.4172347084167,7,1,Harden_2002,0,0
AmeriFlux,US-MWW,Allegan Wetland,42.6689,-86.0229,Kellogg Biological Station,58.81487555435489,1,1,Sollins_2009,Kellogg Biological Station,58.81487555435489,7,1,Sollins_2009,Dinesen,769.6671832562834,7,1,Harden_2002,0,0
AmeriFlux,US-Me1,Metolius - Eyerly burn,44.5794,-121.5,Andrews Experimental Forest,62.011030093452405,2,2,Sollins_2006|Sollins_2009,Andrews Experimental Forest,62.011030093452405,12,2,Sollins_2006|Sollins_2009,Chiquito,837.2763291924135,11,1,Wang_2000,0,0
AmeriFlux,US-Me2,Metolius mature ponderosa pine,44.4526,-121.5589,Andrews Experimental Forest,50.69018229790704,2,2,Sollins_2006|Sollins_2009,Andrews Experimental Forest,50.69018229790704,12,2,Sollins_2006|Sollins_2009,Chiquito,824.8287914067384,11,1,Wang_2000,0,0
AmeriFlux,US-Me3,Metolius-second young aged pine,44.3154,-121.6078,Andrews Experimental Forest,42.20087021466423,2,2,Sollins_2006|Sollins_2009,Andrews Experimental Forest,42.20087021466423,12,2,Sollins_2006|Sollins_2009,Chiquito,811.1422986501482,11,1,Wang_2000,0,0
AmeriFlux,US-Me4,Metolius-old aged ponderosa pine,44.4992,-121.6224,Andrews Experimental Forest,48.94351538176928,2,2,Sollins_2006|Sollins_2009,Andrews Experimental Forest,48.94351538176928,12,2,Sollins_2006|Sollins_2009,Chiquito,831.1489995807741,11,1,Wang_2000,0,0
AmeriFlux,US-Me5,Metolius-first young aged pine,44.4372,-121.5668,Andrews Experimental Forest,49.38774101290019,2,2,Sollins_2006|Sollins_2009,Andrews Experimental Forest,49.38774101290019,12,2,Sollins_2006|Sollins_2009,Chiquito,823.3384603102209,11,1,Wang_2000,0,0
AmeriFlux,US-Me6,Metolius Young Pine Burn,44.3233,-121.6078,Andrews Experimental Forest,42.35833846352038,2,2,Sollins_2006|Sollins_2009,Andrews Experimental Forest,42.35833846352038,12,2,Sollins_2006|Sollins_2009,Chiquito,811.9883563014911,11,1,Wang_2000,0,0
AmeriFlux,US-Mi1,LTAR UCB (Upper Chesapeake Bay) Miscanthus 1,41.7727,-80.6313,CVNWR Peatland 3,311.510724011899,10,1,Schaney_2020,Kellogg Biological Station,399.696977949931,7,1,Sollins_2009,Harvard Forest,700.6537239946438,175,1,Savage_2013,0,0
AmeriFlux,US-Mi2,LTAR UCB (Upper Chesapeake Bay) Miscanthus 2,41.5479,-80.855,CVNWR Peatland 3,295.8682114967206,10,1,Schaney_2020,Kellogg Biological Station,387.57973633154114,7,1,Sollins_2009,Harvard Forest,723.5370067471696,175,1,Savage_2013,0,0
AmeriFlux,US-Mi3,LTAR UCB (Upper Chesapeake Bay) Miscanthus 3,41.8222,-80.637,CVNWR Peatland 3,316.8315498264113,10,1,Schaney_2020,Kellogg Biological Station,398.14982512855704,7,1,Sollins_2009,Harvard Forest,700.2112749113094,175,1,Savage_2013,0,0
AmeriFlux,US-Mj1,Montana Judith Basin wheat field,46.9948,-109.6137,EarlyEvansCreek1,227.35059606071957,6,1,Trumbore_2021,Matador,441.09059008859236,9,1,Martel_1974,CZ_Old_Black_Spruce,1250.0743195893594,1,1,Czimczik_2007,0,0
AmeriFlux,US-Mj2,Montana Judith Basin summer fallow field,46.9957,-109.6295,EarlyEvansCreek1,226.19648139485332,6,1,Trumbore_2021,Matador,441.32331952077834,9,1,Martel_1974,CZ_Old_Black_Spruce,1250.656999981926,1,1,Czimczik_2007,0,0
AmeriFlux,US-Mo1,LTAR CMRB Field 1 (CMRB ASP),39.2298,-92.1167,MO Ozark BREA,54.48514464507539,34,1,McFarlane_2013,MO Ozark BREA,54.48514464507539,30,1,McFarlane_2013,Treynor,368.8038863076534,9,1,Harden_2002,0,0
AmeriFlux,US-Mo2,LTAR CMRB Tucker Prairie (CMRB TP),38.9488,-91.9945,MO Ozark BREA,28.893107563008932,34,1,McFarlane_2013,MO Ozark BREA,28.893107563008932,30,1,McFarlane_2013,Treynor,396.4284845772253,9,1,Harden_2002,0,0
AmeriFlux,US-Mo3,LTAR CMRB Field 3 (CMRB BAU),39.2311,-92.1497,MO Ozark BREA,54.32615549844527,34,1,McFarlane_2013,MO Ozark BREA,54.32615549844527,30,1,McFarlane_2013,Treynor,366.44538702239186,9,1,Harden_2002,0,0
AmeriFlux,US-Mpj,Mountainair Pinyon-Juniper Woodland,34.4385,-106.2377,JORN,212.98074927948232,3,1,Nave_2021,Chiricahua Rhyolite,400.77563798294847,18,1,Heckman_2010,Treynor,1192.57774163994,9,1,Harden_2002,0,0
AmeriFlux,US-Myb,Mayberry Wetland,38.0499,-121.765,Turlock Lake,113.25231850957404,8,1,Baisden_2007,Tennessee Valley,70.88471173104489,88,1,Berhe_2012,Chiquito,246.58543577564134,11,1,Wang_2000,0,0
AmeriFlux,US-NC1,NC_Clearcut,35.8118,-76.7119,Atlantic Coast Flatwoods,145.14851643284703,16,1,Butnor_2017,Atlantic Coast Flatwoods,145.14851643284703,16,1,Butnor_2017,Harvard Forest,842.291469135973,175,1,Savage_2013,0,0
AmeriFlux,US-NC2,NC_Loblolly Plantation,35.803,-76.6685,Atlantic Coast Flatwoods,145.66896812000522,16,1,Butnor_2017,Atlantic Coast Flatwoods,145.66896812000522,16,1,Butnor_2017,Harvard Forest,841.453210557597,175,1,Savage_2013,0,0
AmeriFlux,US-NC3,NC_Clearcut#3,35.799,-76.656,Atlantic Coast Flatwoods,145.68927557864433,16,1,Butnor_2017,Atlantic Coast Flatwoods,145.68927557864433,16,1,Butnor_2017,Harvard Forest,841.3614906391173,175,1,Savage_2013,0,0
AmeriFlux,US-NC4,NC_AlligatorRiver,35.7879,-75.9038,Atlantic Coast Flatwoods,182.22809513299714,16,1,Butnor_2017,Atlantic Coast Flatwoods,182.22809513299714,16,1,Butnor_2017,Harvard Forest,814.9808419372544,175,1,Savage_2013,0,0
AmeriFlux,US-NGC,NGEE Arctic Council,64.8618,-163.7002,Hess Creek,691.5808318157422,41,1,O'Donnell_2011,Hess Creek,691.5808318157422,22,1,O'Donnell_2011,CiPEHR,701.8100769432566,89,1,Pegoraro_2021,0,0
AmeriFlux,US-NMj,Northern Michigan Jack Pine Stand,46.6465,-88.5194,UNDE,90.48541290684439,5,1,Beem-Miller_2022,MI_Spodosol,295.00766000705335,33,1,Heckman_2018,Dinesen,768.8444691836967,7,1,Harden_2002,0,0
AmeriFlux,US-NSW,Newman Seasonal Wetlands,37.3091,-121.0042,Riverbank,43.4525923189527,14,2,Baisden_2002|Baisden_2007,Riverbank,43.4525923189527,21,1,Baisden_2002,Musick,156.70201315150908,16,1,Wang_2000,0,0
AmeriFlux,US-Ne1,Mead - irrigated continuous maize site,41.1651,-96.4766,Treynor,69.75479141058302,46,1,Harden_2002,Dinesen,116.71407939518643,18,1,Harden_2002,Treynor,69.75479141058302,9,1,Harden_2002,0,0
AmeriFlux,US-Ne2,Mead - irrigated maize-soybean rotation site,41.1649,-96.4701,Treynor,69.21082226704691,46,1,Harden_2002,Dinesen,116.26297354166614,18,1,Harden_2002,Treynor,69.21082226704691,9,1,Harden_2002,0,0
AmeriFlux,US-Ne3,Mead - rainfed maize-soybean rotation site,41.1797,-96.4397,Treynor,66.67655798131979,46,1,Harden_2002,Dinesen,113.23325742908769,18,1,Harden_2002,Treynor,66.67655798131979,9,1,Harden_2002,0,0
AmeriFlux,US-Nrf,Nisqually reference,47.0935,-122.6927,LoganHill,61.677349839217456,7,1,Lawrence_2015,Andrews Experimental Forest,319.18878595909615,12,2,Sollins_2006|Sollins_2009,Chiquito,1131.306258122674,11,1,Wang_2000,0,0
AmeriFlux,US-Nrs,Nisqually restoring,47.0936,-122.7079,LoganHill,61.5608598704907,7,1,Lawrence_2015,Andrews Experimental Forest,319.36356542276275,12,2,Sollins_2006|Sollins_2009,Chiquito,1131.6382343059327,11,1,Wang_2000,0,0
AmeriFlux,US-OF1,Osceola Farm Rice Field - SW,35.7371,-90.0492,Nelson Farm,116.56466991105101,21,1,Harden_1999,MO Ozark BREA,384.7392529950509,30,1,McFarlane_2013,Treynor,775.3034152309762,9,1,Harden_2002,0,0
AmeriFlux,US-OF2,Osceola Farm Rice Field - NW,35.7406,-90.0489,Nelson Farm,116.95348941389106,21,1,Harden_1999,MO Ozark BREA,384.4120994376428,30,1,McFarlane_2013,Treynor,775.0098065658904,9,1,Harden_2002,0,0
AmeriFlux,US-ONA,Florida pine flatwoods,27.3836,-81.9509,DSNY,96.7583926824476,3,1,Nave_2021,Southern Piedmont,624.6795350730076,20,1,Butnor_2017,Harvard Forest,1901.5228969166883,175,1,Savage_2013,0,0
AmeriFlux,US-OPE,Optimizing Production Inputs for Economic and Environmental Enhancement (OPE3),39.0293,-76.8457,SERC,29.151821889451796,3,1,Nave_2021,Atlantic Coast Flatwoods,495.1865483101619,16,1,Butnor_2017,Harvard Forest,552.2715679561028,175,1,Savage_2013,0,0
AmeriFlux,US-ORv,Olentangy River Wetland Research Park,40.0201,-83.0183,CVNWR Peatland 1,326.71106196052637,7,1,Schaney_2020,Kellogg Biological Station,331.7424787528221,7,1,Sollins_2009,Harvard Forest,946.17710974145,175,1,Savage_2013,0,0
AmeriFlux,US-OWC,Old Woman Creek,41.3795,-82.5125,Kellogg Biological Station,264.84362766035605,1,1,Sollins_2009,Kellogg Biological Station,264.84362766035605,7,1,Sollins_2009,Harvard Forest,862.5686894736489,175,1,Savage_2013,0,0
AmeriFlux,US-Oho,Oak Openings,41.5545,-83.8438,Kellogg Biological Station,159.71910644087043,1,1,Sollins_2009,Kellogg Biological Station,159.71910644087043,7,1,Sollins_2009,Dinesen,949.8972970965465,7,1,Harden_2002,0,0
AmeriFlux,US-PAS,"Florida, Paspalum notatum pasture",27.3944,-81.951,DSNY,95.74109440282545,3,1,Nave_2021,Southern Piedmont,623.5965532619477,20,1,Butnor_2017,Harvard Forest,1900.4400378458815,175,1,Savage_2013,0,0
AmeriFlux,US-PFb,NW1 Pine-1 CHEESEHEAD 2019,45.972,-90.3232,Willow Creek,26.37647752386325,23,1,phillips_2013,S1_Bog_MEF,293.2465203960313,27,1,McFarlane_2018,Dinesen,618.3174464572847,7,1,Harden_2002,0,0
AmeriFlux,US-PFc,NW2 Aspen-1 CHEESEHEAD 2019,45.9677,-90.3088,Willow Creek,25.250293032593273,23,1,phillips_2013,S1_Bog_MEF,294.42469356365245,27,1,McFarlane_2018,Dinesen,618.7025711366426,7,1,Harden_2002,0,0
AmeriFlux,US-PFe,NW4 Lake-1 CHEESEHEAD 2019,45.9793,-90.3004,Willow Creek,25.74835435785368,23,1,phillips_2013,S1_Bog_MEF,294.1788869131688,27,1,McFarlane_2018,Dinesen,620.0965929292521,7,1,Harden_2002,0,0
AmeriFlux,US-PHM,Plum Island High Marsh,42.7423,-70.8301,MA Harvard Forest,112.05586962125315,36,1,McFarlane_2013,MA Harvard Forest,112.05586962125315,30,1,McFarlane_2013,Harvard Forest,112.6834076233693,156,1,Gaudinski_2001,0,0
AmeriFlux,US-PLM,Plum Island Low Marsh,42.7345,-70.8382,MA Harvard Forest,111.24005219846126,36,1,McFarlane_2013,MA Harvard Forest,111.24005219846126,30,1,McFarlane_2013,Harvard Forest,111.8701413709677,156,1,Gaudinski_2001,0,0
AmeriFlux,US-PLo,Plum Island Oligohaline Marsh,42.7496,-70.9157,MA Harvard Forest,105.38225368847043,36,1,McFarlane_2013,MA Harvard Forest,105.38225368847043,30,1,McFarlane_2013,Harvard Forest,106.00160224067892,156,1,Gaudinski_2001,0,0
AmeriFlux,US-PSH,USSL San Joaquin Valley Pistachio High,36.2347,-119.9247,Trumbore Falbrook,78.41960515978803,14,2,Trumbore_1996|Trumbore_unpublished,Trumbore Falbrook,78.41960515978803,31,3,Koarashi_2012|Trumbore_1996|Trumbore_unpublished,Fallbrook,78.41960515978803,59,1,Wang_2000,0,0
AmeriFlux,US-PSL,USSL San Joaquin Valley Pistachio Low,36.8276,-120.1397,SJER,47.829619142242755,5,2,Beem-Miller_2022|Nave_2021,GRpp,72.97911833318034,6,1,Rasmussen_2018,Fallbrook,76.0411349165035,59,1,Wang_2000,0,0
AmeriFlux,US-PVA,PVAMU Research Farm,30.0958,-95.9695,Western Coastal Plain,284.9760193443987,20,1,Butnor_2017,Western Coastal Plain,284.9760193443987,20,1,Butnor_2017,Treynor,1231.2720352525178,9,1,Harden_2002,0,0
AmeriFlux,US-PeA,5R Pecan Farm Above Canopy,31.4123,-106.0788,JORN,149.51612404109594,3,1,Nave_2021,Chiricahua Rhyolite,307.57585269922185,18,1,Heckman_2010,Fallbrook,1350.103804065423,2,1,Ewing_2006,0,0
AmeriFlux,US-PiU,Pine Upland,26.0004,-80.9261,DSNY,241.58731190037398,3,1,Nave_2021,Southern Piedmont,807.8457796923994,20,1,Butnor_2017,Harvard Forest,2002.9071017132699,175,1,Savage_2013,0,0
AmeriFlux,US-Pon,Ponca City,36.7667,-97.1333,OAES,229.49699777114205,4,1,Beem-Miller_2022,MO Ozark BREA,486.16053937936937,30,1,McFarlane_2013,Treynor,505.80556774379517,9,1,Harden_2002,0,0
AmeriFlux,US-RC1,Cook Agronomy Farm - No Till,46.7837,-117.0777,EarlyEvansCreek1,348.0923016831723,6,1,Trumbore_2021,Andrews Experimental Forest,483.9180389873797,12,2,Sollins_2006|Sollins_2009,Chiquito,1072.4069412705499,11,1,Wang_2000,0,0
AmeriFlux,US-RC2,Cook Agronomy Farm - Conventional Till,46.7776,-117.0807,EarlyEvansCreek1,348.2902888989906,6,1,Trumbore_2021,Andrews Experimental Forest,483.351312042401,12,2,Sollins_2006|Sollins_2009,Chiquito,1071.69953077345,11,1,Wang_2000,0,0
AmeriFlux,US-RC3,WSU Lind Dryland Research Station,46.991,-118.598,WREF,288.1852445047989,6,1,Beem-Miller_2022,Andrews Experimental Forest,410.21290123082133,12,2,Sollins_2006|Sollins_2009,Chiquito,1082.7989150403737,11,1,Wang_2000,0,0
AmeriFlux,US-RC4,Moscow Mountain on-farm site,46.758,-116.949,EarlyEvansCreek1,338.1771057849178,6,1,Trumbore_2021,Andrews Experimental Forest,490.5462846020056,12,2,Sollins_2006|Sollins_2009,Chiquito,1071.3286196014799,11,1,Wang_2000,0,0
AmeriFlux,US-RC5,Moses Lake on-farm site,47.01,-119.248,WREF,245.86668372994194,6,1,Beem-Miller_2022,Andrews Experimental Forest,379.94763510282934,12,2,Sollins_2006|Sollins_2009,Chiquito,1084.0052906433007,11,1,Wang_2000,0,0
AmeriFlux,US-RFE,RockyFlats - East site,39.8771,-105.169,NIWO,40.36175504273707,7,2,Beem-Miller_2022|Nave_2021,AZ_Mollisol,772.8011513412206,34,1,Heckman_2018,Treynor,817.3838894542482,9,1,Harden_2002,0,0
AmeriFlux,US-RFW,RockyFlats - West site,39.8751,-105.2184,NIWO,36.86474433615075,7,2,Beem-Miller_2022|Nave_2021,AZ_Mollisol,769.4661141188411,34,1,Heckman_2018,Treynor,821.5393852668464,9,1,Harden_2002,0,0
AmeriFlux,US-RGA,Arkansas Corn Farm,34.4159,-91.6733,Nelson Farm,153.22469633920946,21,1,Harden_1999,Western Coastal Plain,410.4146669734394,20,1,Butnor_2017,Treynor,827.410232300439,9,1,Harden_2002,0,0
AmeriFlux,US-RGB,Butte County Rice Farm,39.5782,-121.8579,MFFR,47.91090403715099,9,1,Wang_2018,BSpp,102.69774734077578,6,1,Rasmussen_2018,Chiquito,349.45142555448433,11,1,Wang_2000,0,0
AmeriFlux,US-RGF,Stanislaus County Forage Farm,37.6995,-121.1369,Turlock Lake,48.755447530565164,8,1,Baisden_2007,Turlock Lake,48.75980443013727,19,1,Baisden_2002,Musick,180.98164895266223,16,1,Wang_2000,0,0
AmeriFlux,US-RGG,Glenn County Rice Farm,39.5944,-122.0253,MFFR,61.918950300476034,9,1,Wang_2018,BSpp,101.14061717663625,6,1,Rasmussen_2018,Chiquito,360.7368214618172,11,1,Wang_2000,0,0
AmeriFlux,US-RGW,Desha County Rice Farm,33.6216,-91.4306,Goodwin Creek,163.4329697371925,30,1,Harden_1999,Western Coastal Plain,339.3038686647689,20,1,Butnor_2017,Treynor,917.4051773519567,9,1,Harden_2002,0,0
AmeriFlux,US-RGo,Glenn County Organic Rice Farm,39.6805,-122.0026,MFFR,59.808237531862666,9,1,Wang_2018,BSpp,91.44066361010752,6,1,Rasmussen_2018,Chiquito,366.2331363894615,11,1,Wang_2000,0,0
AmeriFlux,US-RRC,Rice Rivers Center Marsh,37.3344,-77.2065,SERC,181.99417947153302,3,1,Nave_2021,Atlantic Coast Flatwoods,305.329715129621,16,1,Butnor_2017,Harvard Forest,718.5274821743421,175,1,Savage_2013,0,0
AmeriFlux,US-Rls,RCEW Low Sagebrush,43.1439,-116.7356,Andrews Experimental Forest,450.6848593239598,2,2,Sollins_2006|Sollins_2009,Andrews Experimental Forest,450.6848593239598,12,2,Sollins_2006|Sollins_2009,Chiquito,685.3004113589689,11,1,Wang_2000,0,0
AmeriFlux,US-Rms,RCEW Mountain Big Sagebrush,43.0645,-116.7486,Andrews Experimental Forest,452.4450587668769,2,2,Sollins_2006|Sollins_2009,Andrews Experimental Forest,452.4450587668769,12,2,Sollins_2006|Sollins_2009,Chiquito,676.5848598079729,11,1,Wang_2000,0,0
AmeriFlux,US-Ro1,Rosemount- G21,44.7143,-93.0898,Willow Creek,264.9880835148148,23,1,phillips_2013,Tama_County_Iowa,292.00283569319487,12,1,Trumbore_1990,Dinesen,378.2644647105263,7,1,Harden_2002,0,0
AmeriFlux,US-Ro2,Rosemount- C7,44.7288,-93.0888,Willow Creek,264.15720884587006,23,1,phillips_2013,Tama_County_Iowa,293.5584990080681,12,1,Trumbore_1990,Dinesen,379.7168855599724,7,1,Harden_2002,0,0
AmeriFlux,US-Ro3,Rosemount- G19,44.7217,-93.0893,Willow Creek,264.5638630186249,23,1,phillips_2013,Tama_County_Iowa,292.79685939526115,12,1,Trumbore_1990,Dinesen,379.0051467769272,7,1,Harden_2002,0,0
AmeriFlux,US-Ro4,Rosemount Prairie,44.6781,-93.0723,Willow Creek,265.7128753277804,23,1,phillips_2013,Tama_County_Iowa,287.77220059282547,12,1,Trumbore_1990,Dinesen,375.413379448533,7,1,Harden_2002,0,0
AmeriFlux,US-Ro5,Rosemount I18_South,44.691,-93.0576,Willow Creek,263.99937396765745,23,1,phillips_2013,Tama_County_Iowa,288.9218572002168,12,1,Trumbore_1990,Dinesen,377.23278375318495,7,1,Harden_2002,0,0
AmeriFlux,US-Ro6,Rosemount I18_North,44.6946,-93.0578,Willow Creek,263.81901990024534,23,1,phillips_2013,Tama_County_Iowa,289.3163213531934,12,1,Trumbore_1990,Dinesen,377.5742543323178,7,1,Harden_2002,0,0
AmeriFlux,US-Rwe,RCEW Reynolds Mountain East,43.0653,-116.7591,Andrews Experimental Forest,451.60887815535256,2,2,Sollins_2006|Sollins_2009,Andrews Experimental Forest,451.60887815535256,12,2,Sollins_2006|Sollins_2009,Chiquito,676.4018918638675,11,1,Wang_2000,0,0
AmeriFlux,US-Rwf,RCEW Upper Sheep Prescibed Fire,43.1207,-116.7231,Andrews Experimental Forest,452.44025000335057,2,2,Sollins_2006|Sollins_2009,Andrews Experimental Forest,452.44025000335057,12,2,Sollins_2006|Sollins_2009,Chiquito,683.168121454836,11,1,Wang_2000,0,0
AmeriFlux,US-Rws,Reynolds Creek Wyoming big sagebrush,43.1675,-116.7132,Andrews Experimental Forest,451.628628955105,2,2,Sollins_2006|Sollins_2009,Andrews Experimental Forest,451.628628955105,12,2,Sollins_2006|Sollins_2009,Chiquito,688.3611233010679,11,1,Wang_2000,0,0
AmeriFlux,US-SB1,Sweet Briar Land-Atmosphere Research Station,37.5734,-79.0848,MLBS,128.9143696984232,3,1,Nave_2021,Atlantic Coast Flatwoods,369.69818257674075,16,1,Butnor_2017,Harvard Forest,804.5633433417677,175,1,Savage_2013,0,0
AmeriFlux,US-SB2,Sweet Briar Grass,37.5607,-79.0883,MLBS,128.38990635774073,3,1,Nave_2021,Atlantic Coast Flatwoods,368.5763025705491,16,1,Butnor_2017,Harvard Forest,805.7855815734096,175,1,Savage_2013,0,0
AmeriFlux,US-SB3,Sweet Briar Clearcut,37.5752,-79.0872,MLBS,128.7379956717985,3,1,Nave_2021,Atlantic Coast Flatwoods,369.97203831287237,16,1,Butnor_2017,Harvard Forest,804.5694862869888,175,1,Savage_2013,0,0
AmeriFlux,US-SCc,Southern California Climate Gradient - Desert Chaparral,33.6094,-116.4505,Joshua_Tree,25.238625788380798,12,1,Nowinski_2021,Camp_Osceola,73.7124279266643,53,1,Nowinski_2009,Sedgwick Reserve,352.6887930927972,9,1,Fierer_2005,0,0
AmeriFlux,US-SCf,Southern California Climate Gradient - Oak/Pine Forest,33.8079,-116.7717,Joshua_Tree,34.92172004939161,12,1,Nowinski_2021,Camp_Osceola,41.47211668130068,53,1,Nowinski_2009,Sedgwick Reserve,317.19274905353325,9,1,Fierer_2005,0,0
AmeriFlux,US-SCg,Southern California Climate Gradient - Grassland,33.7365,-117.6946,San Dimas Experimental Forest,51.79144602550153,2,1,Quideau_2001,San Dimas Experimental Forest,51.79144602550153,8,1,Quideau_2001,Sedgwick Reserve,241.61360269549255,9,1,Fierer_2005,0,0
AmeriFlux,US-SCs,Southern California Climate Gradient - Coastal Sage,33.7343,-117.6959,San Dimas Experimental Forest,52.023259792925565,2,1,Quideau_2001,San Dimas Experimental Forest,52.023259792925565,8,1,Quideau_2001,Sedgwick Reserve,241.6176089516994,9,1,Fierer_2005,0,0
AmeriFlux,US-SCw,Southern California Climate Gradient - Pinyon/Juniper Woodland,33.6047,-116.4527,Joshua_Tree,25.79198244793337,12,1,Nowinski_2021,Camp_Osceola,74.04908108542466,53,1,Nowinski_2009,Sedgwick Reserve,352.6874284660697,9,1,Fierer_2005,0,0
AmeriFlux,US-SDU,South Denver Urban Tower,39.6594,-105.0127,NIWO,65.51450443760683,7,2,Beem-Miller_2022|Nave_2021,AZ_Mollisol,767.6326703440818,34,1,Heckman_2018,Treynor,810.3017135308646,9,1,Harden_2002,0,0
AmeriFlux,US-SFP,Sioux Falls Portable,43.2408,-96.902,Dinesen,216.055953551666,37,1,Harden_2002,Dinesen,216.055953551666,18,1,Harden_2002,Dinesen,216.055953551666,7,1,Harden_2002,0,0
AmeriFlux,US-SHC,Sagehen Creek Field Station,39.4315,-120.2398,Blodgett,68.35433112454305,6,1,Rasmussen_2005,Blodgett,68.35433112454305,18,1,Rasmussen_2005,Chiquito,259.4234113833314,11,1,Wang_2000,0,0
AmeriFlux,US-SHS,Secaucus High School Site,40.8052,-74.0457,Richards,120.20301005791654,3,1,Butman_2007,Harvard Forest,247.41969514024018,88,2,Gaudinski_2000|Savage_unpub,Harvard Forest,246.04039005583087,175,1,Savage_2013,0,0
AmeriFlux,US-SJ1,San Joaquin (Freshwater Marsh Tower 1),33.6623,-117.8514,San Dimas Experimental Forest,60.516958209823436,2,1,Quideau_2001,San Dimas Experimental Forest,60.516958209823436,8,1,Quideau_2001,Sedgwick Reserve,232.83604247522783,9,1,Fierer_2005,0,0
AmeriFlux,US-SJ2,San Joaquin (Freshwater Marsh Tower 2),33.6596,-117.855,San Dimas Experimental Forest,60.86559448576092,2,1,Quideau_2001,San Dimas Experimental Forest,60.86559448576092,8,1,Quideau_2001,Sedgwick Reserve,232.700383041773,9,1,Fierer_2005,0,0
AmeriFlux,US-SM1,Texas SmartFarm Project,36.3934,-100.9537,OAES,202.65757277085962,3,1,Nave_2021,Dinesen,767.418000331659,18,1,Harden_2002,Treynor,702.195658183536,9,1,Harden_2002,0,0
AmeriFlux,US-SO2,Sky Oaks- Old Stand,33.3738,-116.6228,Joshua_Tree,55.11139906109742,12,1,Nowinski_2021,Camp_Osceola,91.64758985086637,53,1,Nowinski_2009,Sedgwick Reserve,348.50417333980414,9,1,Fierer_2005,0,0
AmeriFlux,US-SO3,Sky Oaks- Young Stand,33.3771,-116.6226,Joshua_Tree,54.76535613511513,12,1,Nowinski_2021,Camp_Osceola,91.29737040374638,53,1,Nowinski_2009,Sedgwick Reserve,348.36026993703314,9,1,Fierer_2005,0,0
AmeriFlux,US-SO4,Sky Oaks- New Stand,33.3845,-116.6406,Joshua_Tree,54.67942294916245,12,1,Nowinski_2021,Camp_Osceola,90.08735713157071,53,1,Nowinski_2009,Sedgwick Reserve,346.49739426623535,9,1,Fierer_2005,0,0
AmeriFlux,US-SP2,"Slashpine-Mize-clearcut-3yr,regen",29.7648,-82.2448,OSBS,25.68402748330896,1,1,Beem-Miller_2022,Southern Piedmont,385.142100553219,20,1,Butnor_2017,Harvard Forest,1679.38406285749,175,1,Savage_2013,0,0
AmeriFlux,US-SSH,Susquehanna Shale Hills Critical Zone Observatory,40.6658,-77.9041,BLAN,179.09955770560123,3,1,Nave_2021,Harvard Forest,519.4266375794401,88,2,Gaudinski_2000|Savage_unpub,Harvard Forest,518.2543302684128,175,1,Savage_2013,0,0
AmeriFlux,US-SZ1,"St. John, WA On-farm site Zone 1",47.1245,-117.5306,WREF,368.257107706364,6,1,Beem-Miller_2022,Andrews Experimental Forest,479.228861533285,12,2,Sollins_2006|Sollins_2009,Chiquito,1104.6884751735677,11,1,Wang_2000,0,0
AmeriFlux,US-SZ2,"St. John, WA On-farm site Zone 2",47.1226,-117.5271,WREF,368.42582794439494,6,1,Beem-Miller_2022,Andrews Experimental Forest,479.2951529323348,12,2,Sollins_2006|Sollins_2009,Chiquito,1104.513497331146,11,1,Wang_2000,0,0
AmeriFlux,US-SZ3,"St. John, WA On-farm site Zone 3",47.1261,-117.5267,WREF,368.5969146795318,6,1,Beem-Miller_2022,Andrews Experimental Forest,479.5691124231566,12,2,Sollins_2006|Sollins_2009,Chiquito,1104.9033028575782,11,1,Wang_2000,0,0
AmeriFlux,US-Sag,Sag River,69.5131,-148.5676,TOOL,99.9528697190863,3,1,Nave_2021,Hess Creek,438.98231301353144,22,1,O'Donnell_2011,Barrow,356.0736458406543,49,1,Vaughn_2018,0,0
AmeriFlux,US-SdH,Nebraska SandHills Dry Valley,42.0693,-101.4072,STER,224.32645221948235,3,1,Nave_2021,Dinesen,508.6779652573982,18,1,Harden_2002,Treynor,489.4630461070238,9,1,Harden_2002,0,0
AmeriFlux,US-Seg,Sevilleta grassland,34.3623,-106.702,JORN,197.42585973457807,3,1,Nave_2021,Chiricahua Rhyolite,365.1555103351406,18,1,Heckman_2010,Chiquito,1166.542363073536,11,1,Wang_2000,0,0
AmeriFlux,US-Ses,Sevilleta shrubland,34.3349,-106.7442,JORN,194.162794282291,3,1,Nave_2021,Chiricahua Rhyolite,360.30298309053245,18,1,Heckman_2010,Chiquito,1163.9225969267216,11,1,Wang_2000,0,0
AmeriFlux,US-Shd,Shidler- Oklahoma,36.9333,-96.6833,KONZ,241.241542592531,3,1,Nave_2021,MO Ozark BREA,442.1284852959268,30,1,McFarlane_2013,Treynor,479.10742649937885,9,1,Harden_2002,0,0
AmeriFlux,US-Si1,Staten Island Fallow,38.1747,-121.5047,Turlock Lake,100.54438372940545,8,1,Baisden_2007,Musick_Amador,94.79951058079557,28,1,Trumbore_1993,Chiquito,230.91122398597898,11,1,Wang_2000,0,0
AmeriFlux,US-Si2,Staten Island Flooded,38.1758,-121.5167,Turlock Lake,101.45937303390856,8,1,Baisden_2007,Musick_Amador,95.72100761694492,28,1,Trumbore_1993,Chiquito,231.91175951964647,11,1,Wang_2000,0,0
AmeriFlux,US-Skr,Shark River Slough (Tower SRS-6)  Everglades,25.3629,-81.0776,DSNY,309.1925944321703,3,1,Nave_2021,Southern Piedmont,865.0392237867412,20,1,Butnor_2017,Harvard Forest,2074.5197602658363,175,1,Savage_2013,0,0
AmeriFlux,US-Slt,Silas Little- New Jersey,39.9138,-74.596,SERC,203.54684572319616,3,1,Nave_2021,Harvard Forest,355.0690883359977,88,2,Gaudinski_2000|Savage_unpub,Harvard Forest,353.6880393595592,175,1,Savage_2013,0,0
AmeriFlux,US-Snd,Sherman Island,38.0366,-121.754,Turlock Lake,111.77509010688496,8,1,Baisden_2007,Tennessee Valley,71.35754708370403,88,1,Berhe_2012,Chiquito,245.17632199286007,11,1,Wang_2000,0,0
AmeriFlux,US-Sne,Sherman Island Restored Wetland,38.0369,-121.7547,Turlock Lake,111.84461259430684,8,1,Baisden_2007,Tennessee Valley,71.30856233350734,88,1,Berhe_2012,Chiquito,245.2452987068318,11,1,Wang_2000,0,0
AmeriFlux,US-Snf,Sherman Barn,38.0402,-121.7272,Turlock Lake,109.790262811287,8,1,Baisden_2007,Tennessee Valley,73.72050806847619,88,1,Berhe_2012,Chiquito,243.10614619431857,11,1,Wang_2000,0,0
AmeriFlux,US-Srr,Suisun marsh - Rush Ranch,38.2006,-122.0264,Hopland_Buck,127.10720815467589,3,1,Foley_2023,Tennessee Valley,59.13556550249206,88,1,Berhe_2012,Chiquito,273.91001692865734,11,1,Wang_2000,0,0
AmeriFlux,US-StJ,St Jones Reserve,39.0882,-75.4372,SERC,99.51056841785955,3,1,Nave_2021,Harvard Forest,471.56728968597577,88,2,Gaudinski_2000|Savage_unpub,Harvard Forest,470.1860775966337,175,1,Savage_2013,0,0
AmeriFlux,US-StS,Strawberry Swamp,33.3302,-79.2492,Atlantic Coast Flatwoods,229.94516542171402,16,1,Butnor_2017,Atlantic Coast Flatwoods,229.94516542171402,16,1,Butnor_2017,Harvard Forest,1194.6915483448713,175,1,Savage_2013,0,0
AmeriFlux,US-Sta,Saratoga,41.3966,-106.8024,RMNP,163.40327383575433,3,1,Beem-Miller_2022,AZ_Mollisol,810.2757011634887,34,1,Heckman_2018,Treynor,932.1731731203478,9,1,Harden_2002,0,0
AmeriFlux,US-TCS,Tall Cypress Swamp,25.8221,-81.1017,DSNY,258.21132985581954,3,1,Nave_2021,Southern Piedmont,817.7475543640222,20,1,Butnor_2017,Harvard Forest,2027.7599366028821,175,1,Savage_2013,0,0
AmeriFlux,US-TEF,Tenderfoot Creek Experimental Forest,46.9522,-110.8851,EarlyEvansCreek1,132.8832541420232,6,1,Trumbore_2021,Matador,480.1033714947179,9,1,Martel_1974,Chiquito,1273.3492287306335,11,1,Wang_2000,0,0
AmeriFlux,US-TFF,Thompson Farm Forest,43.1084,-70.9523,BART,109.61705561636532,2,1,Nave_2021,NH Bartlett Forest,109.71906745257027,30,1,McFarlane_2013,Harvard Forest,118.40284113079349,156,1,Gaudinski_2001,0,0
AmeriFlux,US-TaS,Taylor Slough/Panhandle,25.1908,-80.6391,DSNY,335.74677521161755,3,1,Nave_2021,Southern Piedmont,901.1850993977109,20,1,Butnor_2017,Harvard Forest,2077.1681494649274,175,1,Savage_2013,0,0
AmeriFlux,US-Ton,Tonzi Ranch,38.4309,-120.966,ANpp,47.6568050285979,5,1,Rasmussen_2018,Musick_Amador,41.29282977839376,28,1,Trumbore_1993,Chiquito,205.9606580363592,11,1,Wang_2000,0,0
AmeriFlux,US-TrS,Trout Lake Area South Sparkling Bog,46.0034,-89.7053,UNDE,28.715455676468025,3,1,Nave_2021,S1_Bog_MEF,330.81515126416707,27,1,McFarlane_2018,Dinesen,653.6678056829311,7,1,Harden_2002,0,0
AmeriFlux,US-Tur,Turner Ranch,45.5571,-111.2286,winter range_YNP,109.47541830637806,28,1,Frank_2011,Matador,632.7687656094196,9,1,Martel_1974,Chiquito,1133.1660853511198,11,1,Wang_2000,0,0
AmeriFlux,US-Tw1,Twitchell Wetland West Pond,38.1074,-121.6469,Turlock Lake,106.886673661359,8,1,Baisden_2007,Tennessee Valley,82.75026549166489,88,1,Berhe_2012,Chiquito,239.25821256618377,11,1,Wang_2000,0,0
AmeriFlux,US-Tw2,Twitchell Corn,38.0969,-121.6365,Turlock Lake,105.52169007774569,8,1,Baisden_2007,Tennessee Valley,83.2149609493112,88,1,Berhe_2012,Chiquito,237.97332319967842,11,1,Wang_2000,0,0
AmeriFlux,US-Tw3,Twitchell Alfalfa,38.1152,-121.6469,Turlock Lake,107.31579537259506,8,1,Baisden_2007,Tennessee Valley,83.0527030817181,88,1,Berhe_2012,Chiquito,239.58975447917067,11,1,Wang_2000,0,0
AmeriFlux,US-Tw4,Twitchell East End Wetland,38.1027,-121.6413,Turlock Lake,106.20325111031379,8,1,Baisden_2007,Tennessee Valley,83.0331324037705,88,1,Berhe_2012,Chiquito,238.6063363560774,11,1,Wang_2000,0,0
AmeriFlux,US-Tw5,East Pond Wetland,38.1072,-121.6426,Turlock Lake,106.54826759523601,8,1,Baisden_2007,Tennessee Valley,83.09600356247176,88,1,Berhe_2012,Chiquito,238.90188650110633,11,1,Wang_2000,0,0
AmeriFlux,US-Twt,Twitchell Island,38.1087,-121.6531,Turlock Lake,107.4302019851088,8,1,Baisden_2007,Tennessee Valley,82.29131515191631,88,1,Berhe_2012,Chiquito,239.81486847051494,11,1,Wang_2000,0,0
AmeriFlux,US-Tx1,Stiles Farm Prairie,30.6176,-97.2938,CLBJ,310.6187106390703,7,2,Beem-Miller_2022|Nave_2021,Western Coastal Plain,396.3569144996997,20,1,Butnor_2017,Treynor,1182.2181460525885,9,1,Harden_2002,0,0
AmeriFlux,US-Tx2,Riesel Farm Native Prairie,31.4802,-96.8827,CLBJ,223.13187766180724,7,2,Beem-Miller_2022|Nave_2021,Western Coastal Plain,358.8075556303222,20,1,Butnor_2017,Treynor,1082.6566822822444,9,1,Harden_2002,0,0
AmeriFlux,US-Tx3,Riesel Farm Aspirational Agriculture,31.4777,-96.8883,CLBJ,223.24713944574717,7,2,Beem-Miller_2022|Nave_2021,Western Coastal Plain,359.2912691449499,20,1,Butnor_2017,Treynor,1082.9846117019833,9,1,Harden_2002,0,0
AmeriFlux,US-Tx4,Riesel Farm Traditional Agriculture,31.4693,-96.8865,CLBJ,224.19127253793684,7,2,Beem-Miller_2022|Nave_2021,Western Coastal Plain,358.984904798441,20,1,Butnor_2017,Treynor,1083.897796261155,9,1,Harden_2002,0,0
AmeriFlux,US-Tx5,Texas A&M University Farm,30.5328,-96.4252,Western Coastal Plain,315.19590404935593,20,1,Butnor_2017,Western Coastal Plain,315.19590404935593,20,1,Butnor_2017,Treynor,1184.4125903385632,9,1,Harden_2002,0,0
AmeriFlux,US-Tx6,La Copita Grassland - Savanna,27.6666,-98.2089,Western Coastal Plain,610.023836526335,20,1,Butnor_2017,Western Coastal Plain,610.023836526335,20,1,Butnor_2017,Treynor,1519.1694899190454,9,1,Harden_2002,0,0
AmeriFlux,US-Tx7,La Copita Shrubland - Savanna,27.665,-98.2007,Western Coastal Plain,609.4960909776654,20,1,Butnor_2017,Western Coastal Plain,609.4960909776654,20,1,Butnor_2017,Treynor,1519.2305607281169,9,1,Harden_2002,0,0
AmeriFlux,US-Tx8,Danciger Lowland Hardwood Forest,29.1659,-95.829,Western Coastal Plain,323.9819595305584,20,1,Butnor_2017,Western Coastal Plain,323.9819595305584,20,1,Butnor_2017,Treynor,1334.4277893597257,9,1,Harden_2002,0,0
AmeriFlux,US-Tx9,Sargent Unit Salt Marsh,28.7805,-95.6144,Western Coastal Plain,337.32032734802857,20,1,Butnor_2017,Western Coastal Plain,337.32032734802857,20,1,Butnor_2017,Treynor,1377.1790050467662,9,1,Harden_2002,0,0
AmeriFlux,US-UC1,LTAR UCB (Upper Chesapeake Bay) EC1,40.7536,-78.0056,BLAN,188.3750379542088,3,1,Nave_2021,Harvard Forest,523.080697038866,88,2,Gaudinski_2000|Savage_unpub,Harvard Forest,521.9262137221858,175,1,Savage_2013,0,0
AmeriFlux,US-UC2,LTAR UCB (Upper Chesapeake Bay) EC2,40.7559,-77.9998,BLAN,188.64608680117252,3,1,Nave_2021,Harvard Forest,522.5302358138379,88,2,Gaudinski_2000|Savage_unpub,Harvard Forest,521.3758006922668,175,1,Savage_2013,0,0
AmeriFlux,US-UG1,East River Riparian,38.923,-106.9524,NIWO,172.17356339531574,7,2,Beem-Miller_2022|Nave_2021,AZ_Mollisol,588.0490394307104,34,1,Heckman_2018,Treynor,993.6494237654898,9,1,Harden_2002,0,0
AmeriFlux,US-ULM,ULM Flux Tower,32.457,-91.9743,Western Coastal Plain,202.3059539731509,20,1,Butnor_2017,Western Coastal Plain,202.3059539731509,20,1,Butnor_2017,Treynor,1021.6943171449841,9,1,Harden_2002,0,0
AmeriFlux,US-UTB,UFLUX Bonneville Salt Flats,40.7848,-113.8299,ONAQ,134.64893423799955,3,1,Beem-Miller_2022,ANrf,597.1322878183348,6,1,Rasmussen_2018,Chiquito,603.4725478310404,11,1,Wang_2000,0,0
AmeriFlux,US-UTM,UFLUX Matheson,38.5879,-109.5775,MOAB,41.20052757052452,3,1,Nave_2021,AZ_Mollisol,421.88112231250625,34,1,Heckman_2018,Chiquito,851.7855777062441,11,1,Wang_2000,0,0
AmeriFlux,US-UTN,UFLUX Nephi,39.6896,-111.8814,ONAQ,72.90331702356814,3,1,Nave_2021,Flagstaff Basalt,503.88306036524483,12,1,Heckman_2010,Chiquito,687.3962402341649,11,1,Wang_2000,0,0
AmeriFlux,US-UTV,UFLUX Desert View,40.1266,-109.9546,ONAQ,212.36066624556042,3,1,Nave_2021,AZ_Mollisol,571.1914046062727,34,1,Heckman_2018,Chiquito,858.4791749213653,11,1,Wang_2000,0,0
AmeriFlux,US-UTW,UFLUX Wellington,39.4453,-110.7288,ONAQ,168.23758794643575,3,1,Nave_2021,AZ_Mollisol,482.88513899190514,34,1,Heckman_2018,Chiquito,772.7906137592989,11,1,Wang_2000,0,0
AmeriFlux,US-Uaf,"University of Alaska, Fairbanks",64.8663,-147.8555,BONA,36.38789160655732,3,1,Nave_2021,Hess Creek,92.54532948414453,22,1,O'Donnell_2011,CPCRW,37.37271785439463,2,1,Schuur_2006,0,0
AmeriFlux,US-UiA,University of Illinois Switchgrass,40.0646,-88.1961,Kellogg Biological Station,349.8852851336533,1,1,Sollins_2009,NERP,197.6378750219651,23,1,Obrien_2013,Dinesen,622.7206345702976,7,1,Harden_2002,0,0
AmeriFlux,US-UiB,University of Illinois Miscanthus,40.0628,-88.1984,Kellogg Biological Station,350.1647558356053,1,1,Sollins_2009,NERP,197.83434844341613,23,1,Obrien_2013,Dinesen,622.6024434795141,7,1,Harden_2002,0,0
AmeriFlux,US-UiC,University of Illinois Maize-Soy,40.0628,-88.1961,Kellogg Biological Station,350.0363398367504,1,1,Sollins_2009,NERP,197.83798940616956,23,1,Obrien_2013,Dinesen,622.7870687207533,7,1,Harden_2002,0,0
AmeriFlux,US-UiD,University of Illinois Restored Native Prairie,40.0646,-88.1985,Kellogg Biological Station,350.0193399924842,1,1,Sollins_2009,NERP,197.63407629080484,23,1,Obrien_2013,Dinesen,622.5279668575691,7,1,Harden_2002,0,0
AmeriFlux,US-UiE,University of Illinois Sorghum-Soy,40.0629,-88.2033,Kellogg Biological Station,350.4301482763955,1,1,Sollins_2009,NERP,197.8161020504387,23,1,Obrien_2013,Dinesen,622.2054335596058,7,1,Harden_2002,0,0
AmeriFlux,US-UiF,University of Illinois Miscanthus 2,40.0665,-88.2015,Kellogg Biological Station,350.0277336190545,1,1,Sollins_2009,NERP,197.41837638086963,23,1,Obrien_2013,Dinesen,622.2170404052204,7,1,Harden_2002,0,0
AmeriFlux,US-UiG,University of Illinois Maize-Soy 2,40.0629,-88.2009,Kellogg Biological Station,350.29601750248327,1,1,Sollins_2009,NERP,197.81948677427008,23,1,Obrien_2013,Dinesen,622.3980756436118,7,1,Harden_2002,0,0
AmeriFlux,US-Upa,Upad,70.2815,-148.8848,TOOL,181.1723910850943,3,1,Nave_2021,Hess Creek,524.1666343391788,22,1,O'Donnell_2011,Barrow,301.3140664614954,49,1,Vaughn_2018,0,0
AmeriFlux,US-VFP,Virginia Coast Reserve Fowling Point,37.4111,-75.8333,SERC,176.303225295543,3,1,Nave_2021,Atlantic Coast Flatwoods,339.39730482915223,16,1,Butnor_2017,Harvard Forest,648.200005878496,175,1,Savage_2013,0,0
AmeriFlux,US-Var,Vaira Ranch- Ione,38.4133,-120.9508,ANpp,47.989813511701506,5,1,Rasmussen_2018,Musick_Amador,40.4196282342407,28,1,Trumbore_1993,Chiquito,203.70621619552546,11,1,Wang_2000,0,0
AmeriFlux,US-Vcm,Valles Caldera Mixed Conifer,35.8884,-106.5321,MOAB,364.75775502527995,3,1,Nave_2021,AZ_Mollisol,466.55196778819663,34,1,Heckman_2018,Treynor,1112.953723403625,9,1,Harden_2002,0,0
AmeriFlux,US-Vcp,Valles Caldera Ponderosa Pine,35.8642,-106.5967,MOAB,362.7895879420985,3,1,Nave_2021,AZ_Mollisol,460.3999600718642,34,1,Heckman_2018,Treynor,1119.2633238400447,9,1,Harden_2002,0,0
AmeriFlux,US-Vcs,Valles Caldera Sulphur Springs Mixed Conifer,35.9193,-106.6142,MOAB,357.2055916247176,3,1,Nave_2021,AZ_Mollisol,459.7719848405996,34,1,Heckman_2018,Treynor,1117.0478540452102,9,1,Harden_2002,0,0
AmeriFlux,US-WEP,West Edge Parking Lot,43.1421,-70.9543,BART,105.94631877226003,2,1,Nave_2021,NH Bartlett Forest,106.04854812084785,30,1,McFarlane_2013,Harvard Forest,120.28647599321538,156,1,Gaudinski_2001,0,0
AmeriFlux,US-WPT,Winous Point North Marsh,41.4646,-82.9962,Kellogg Biological Station,224.69603363100936,1,1,Sollins_2009,Kellogg Biological Station,224.69603363100936,7,1,Sollins_2009,Harvard Forest,900.1882787071944,175,1,Savage_2013,0,0
AmeriFlux,US-Wdn,Walden,40.7838,-106.2618,RMNP,82.76233993137653,3,1,Beem-Miller_2022,AZ_Mollisol,781.2296911478098,34,1,Heckman_2018,Treynor,891.9014193789269,9,1,Harden_2002,0,0
AmeriFlux,US-Wgr,Willamette Grass,45.1129,-122.656,ABBY,76.56375901545886,3,1,Nave_2021,Andrews Experimental Forest,104.57418729183023,12,2,Sollins_2006|Sollins_2009,Chiquito,920.8429533915702,11,1,Wang_2000,0,0
AmeriFlux,US-Whs,Walnut Gulch Lucky Hills Shrub,31.7438,-110.0522,Chiricahua Rhyolite,74.6923968530834,6,1,Heckman_2010,Chiricahua Rhyolite,74.6923968530834,18,1,Heckman_2010,Sedgwick Reserve,985.8285800200175,9,1,Fierer_2005,0,0
AmeriFlux,US-Wi0,Young red pine (YRP),46.6188,-91.0814,Willow Creek,118.77836178247223,23,1,phillips_2013,S1_Bog_MEF,204.99873136661088,27,1,McFarlane_2018,Dinesen,640.1710832564382,7,1,Harden_2002,0,0
AmeriFlux,US-Wi1,Intermediate hardwood (IHW),46.7305,-91.2329,Willow Creek,135.73542457331757,23,1,phillips_2013,S1_Bog_MEF,188.88458969377095,27,1,McFarlane_2018,Dinesen,644.5141268629229,7,1,Harden_2002,0,0
AmeriFlux,US-Wi2,Intermediate red pine (IRP),46.6869,-91.1528,Willow Creek,128.0736904425967,23,1,phillips_2013,S1_Bog_MEF,196.55827331884527,27,1,McFarlane_2018,Dinesen,643.614304438565,7,1,Harden_2002,0,0
AmeriFlux,US-Wi3,Mature hardwood (MHW),46.6347,-91.0987,Willow Creek,120.98000130573857,23,1,phillips_2013,S1_Bog_MEF,202.97834759811215,27,1,McFarlane_2018,Dinesen,640.9374605668099,7,1,Harden_2002,0,0
AmeriFlux,US-Wi4,Mature red pine (MRP),46.7393,-91.1663,Willow Creek,133.20667401822905,23,1,phillips_2013,S1_Bog_MEF,192.93417974021094,27,1,McFarlane_2018,Dinesen,648.0095349197003,7,1,Harden_2002,0,0
AmeriFlux,US-Wi5,Mixed young jack pine (MYJP),46.6531,-91.0858,Willow Creek,121.90509192537819,23,1,phillips_2013,S1_Bog_MEF,202.84568927774362,27,1,McFarlane_2018,Dinesen,643.1906703112764,7,1,Harden_2002,0,0
AmeriFlux,US-Wi6,Pine barrens #1 (PB1),46.6249,-91.2982,Willow Creek,130.68820738645934,23,1,phillips_2013,S1_Bog_MEF,190.41158558531595,27,1,McFarlane_2018,Dinesen,631.899426027215,7,1,Harden_2002,0,0
AmeriFlux,US-Wi7,Red pine clearcut (RPCC),46.6491,-91.0693,Willow Creek,120.75966322082895,23,1,phillips_2013,S1_Bog_MEF,204.1639342486135,27,1,McFarlane_2018,Dinesen,643.5004760907864,7,1,Harden_2002,0,0
AmeriFlux,US-Wi8,Young hardwood clearcut (YHW),46.7223,-91.2524,Willow Creek,136.0389018688487,23,1,phillips_2013,S1_Bog_MEF,188.00539585390726,27,1,McFarlane_2018,Dinesen,642.961443274745,7,1,Harden_2002,0,0
AmeriFlux,US-Wi9,Young Jack pine (YJP),46.7385,-91.0746,Willow Creek,128.8347542859524,23,1,phillips_2013,S1_Bog_MEF,199.22014220408727,27,1,McFarlane_2018,Dinesen,651.6501455343212,7,1,Harden_2002,0,0
AmeriFlux,US-Wjs,Willard Juniper Savannah,34.4255,-105.8615,JORN,223.37589094739144,3,1,Nave_2021,Chiricahua Rhyolite,425.28431438712306,18,1,Heckman_2010,Treynor,1168.0839518074436,9,1,Harden_2002,0,0
AmeriFlux,US-Wkg,Walnut Gulch Kendall Grasslands,31.7365,-109.9419,Chiricahua Rhyolite,64.75833988616114,6,1,Heckman_2010,Chiricahua Rhyolite,64.75833988616114,18,1,Heckman_2010,Sedgwick Reserve,995.7980838335726,9,1,Fierer_2005,0,0
AmeriFlux,US-Wlr,Walnut River Watershed (Smileyburg),37.5208,-96.855,KONZ,177.52086388351643,3,1,Nave_2021,MO Ozark BREA,429.2064473307794,30,1,McFarlane_2013,Treynor,418.4661804016264,9,1,Harden_2002,0,0
AmeriFlux,US-Wpp,Willamette Poplar,44.1369,-123.1824,Andrews Experimental Forest,84.83996653848344,2,2,Sollins_2006|Sollins_2009,Andrews Experimental Forest,84.83996653848344,12,2,Sollins_2006|Sollins_2009,Chiquito,836.5022546986869,11,1,Wang_2000,0,0
AmeriFlux,US-Wwt,Willamette Wheat,45.1089,-122.6664,ABBY,77.25540491941908,3,1,Nave_2021,Andrews Experimental Forest,104.49780313285854,12,2,Sollins_2006|Sollins_2009,Chiquito,920.7009360403501,11,1,Wang_2000,0,0
AmeriFlux,US-YK1,"Yukon-Kuskokwim Delta, Izaviknek-Kingaglia uplands, Burned 2015",61.2723,-163.2228,EML,769.8961967973819,9,1,Hicks_Pries_2012,Bodenburg,746.0755512352076,8,1,Clark_2002,CiPEHR,769.8961967973819,89,1,Pegoraro_2021,0,0
AmeriFlux,US-YK2,"Yukon-Kuskokwim Delta, Izaviknek-Kingaglia uplands, Unburned",61.2548,-163.259,EML,772.5213374154775,9,1,Hicks_Pries_2012,Bodenburg,748.2999968521308,8,1,Clark_2002,CiPEHR,772.5213374154775,89,1,Pegoraro_2021,0,0
AmeriFlux,US-YNS,North Star Yedoma,64.8939,-147.6374,BONA,29.841337456430146,3,1,Nave_2021,Hess Creek,95.95946018482087,22,1,O'Donnell_2011,CPCRW,31.044638849607743,2,1,Schuur_2006,0,0
AmeriFlux,US-Ylw,Yellow Cab urban,29.7894,-95.3536,Western Coastal Plain,246.35027917155386,20,1,Butnor_2017,Western Coastal Plain,246.35027917155386,20,1,Butnor_2017,Treynor,1265.2616499010946,9,1,Harden_2002,0,0
AmeriFlux,US-xYE,NEON Yellowstone Northern Range (Frog Rock) (YELL),44.9535,-110.5391,winter range_YNP,29.601013242212865,28,1,Frank_2011,Matador,678.9766064025341,9,1,Martel_1974,Chiquito,1117.4244936265782,11,1,Wang_2000,0,0
NEON,HARV,Harvard Forest & Quabbin Watershed NEON,42.53691,-72.17265,HARV,0.0,5,1,Beem-Miller_2022,MA Harvard Forest,0.12881940120547147,30,1,McFarlane_2013,Harvard Forest,0.6933198803324289,156,1,Gaudinski_2001,3,3
NEON,SOAP,Soaproot Saddle NEON,37.03337,-119.26219,SOAP,0.0,9,2,Beem-Miller_2022|Nave_2021,Trumbore Musick,0.9400053648049138,51,3,Koarashi_2012|Trumbore_1996|Trumbore_unpublished,Musick,0.9400053648049138,16,1,Wang_2000,3,3
NEON,HEAL,Healy NEON,63.875798,-149.21335,HEAL,0.012019028764481094,3,1,Nave_2021,EML,1.9902916140166955,29,1,Hicks_Pries_2012,CiPEHR,0.7564003756693849,70,1,Hicks_Pries_2016,2,3
NEON,BART,Bartlett Experimental Forest NEON,44.063889,-71.287375,BART,0.0,7,1,Beem-Miller_2022,NH Bartlett Forest,0.10308265795131626,30,1,McFarlane_2013,Harvard Forest,184.19909505298475,156,1,Gaudinski_2001,2,2
NEON,TEAK,Lower Teakettle NEON,37.00583,-119.00602,TEAK,0.0,5,1,Beem-Miller_2022,Trumbore Shaver,16.413017256756294,53,3,Koarashi_2012|Trumbore_1996|Trumbore_unpublished,Musick,23.664534060305773,16,1,Wang_2000,1,3
NEON,BARR,Utqiaġvik NEON,71.28241,-156.61936,BARR,0.02888210306534546,3,1,Nave_2021,Hess Creek,707.819266416278,22,1,O'Donnell_2011,Barrow,2.6089624089176238,49,1,Vaughn_2018,1,2
NEON,BONA,Caribou-Poker Creeks Research Watershed NEON,65.15401,-147.50258,BONA,0.5534077235870639,3,1,Nave_2021,Hess Creek,80.38398359709205,22,1,O'Donnell_2011,CPCRW,1.4494407908713722,2,1,Schuur_2006,1,2
NEON,DEJU,Delta Junction NEON,63.88112,-145.75136,DEJU,0.0,3,1,Nave_2021,EML,171.42767813735898,29,1,Hicks_Pries_2012,Tower_12-Mile,17.843648850316985,3,1,Schuur_2006,1,2
NEON,ABBY,Abby Road NEON,45.762439,-122.33032,ABBY,0.0012662044054463164,3,1,Nave_2021,Andrews Experimental Forest,168.91116024209447,12,2,Sollins_2006|Sollins_2009,Chiquito,981.491824405887,11,1,Wang_2000,1,1
NEON,BLAN,Blandy Experimental Farm NEON,39.033698,-78.041788,BLAN,0.0,3,1,Beem-Miller_2022,Atlantic Coast Flatwoods,498.9622760213337,16,1,Butnor_2017,Harvard Forest,627.3481316469538,175,1,Savage_2013,1,1
NEON,CLBJ,Lyndon B. Johnson National Grassland NEON,33.40123,-97.57,CLBJ,0.0,7,2,Beem-Miller_2022|Nave_2021,Western Coastal Plain,496.6914768981061,20,1,Butnor_2017,Treynor,879.9713121232928,9,1,Harden_2002,1,1
NEON,CPER,Central Plains Experimental Range NEON,40.815536,-104.74559,CPER,0.0,4,1,Beem-Miller_2022,Dinesen,797.0087719470972,18,1,Harden_2002,Treynor,764.6141885521573,9,1,Harden_2002,1,1
NEON,DCFS,Dakota Coteau Field Site NEON,47.16165,-99.10656,DCFS,0.0,10,1,Beem-Miller_2022,S1_Bog_MEF,427.5964716232547,27,1,McFarlane_2018,Dinesen,677.8899835077527,7,1,Harden_2002,1,1
NEON,DELA,Dead Lake NEON,32.541727,-87.803877,DELA,0.0014459602358382192,3,1,Nave_2021,Southern Piedmont,275.67258009637925,20,1,Butnor_2017,Treynor,1184.6335559769373,9,1,Harden_2002,1,1
NEON,DSNY,Disney Wilderness Preserve NEON,28.12505,-81.43619,DSNY,0.0,4,1,Beem-Miller_2022,Southern Piedmont,578.4557898318251,20,1,Butnor_2017,Harvard Forest,1805.3779464138786,175,1,Savage_2013,1,1
NEON,GRSM,Great Smoky Mountains National Park NEON,35.68896,-83.50195,GRSM,0.0,3,1,Nave_2021,Oak Ridge Reservation,78.4127746917261,12,1,Swanston_2005,Treynor,1218.756690252764,9,1,Harden_2002,1,1
NEON,JERC,The Jones Center At Ichauway NEON,31.194839,-84.468623,JERC,0.0,1,1,Beem-Miller_2022,Southern Piedmont,139.27261345994813,20,1,Butnor_2017,Treynor,1492.4562075763824,9,1,Harden_2002,1,1
NEON,JORN,Jornada Experimental Range NEON,32.590694,-106.84254,JORN,0.0015567289730438968,3,1,Nave_2021,Chiricahua Rhyolite,242.20815204396916,18,1,Heckman_2010,Fallbrook,1225.7274569543383,2,1,Ewing_2006,1,1
NEON,KONA,Konza Prairie Agroecosystem NEON,39.110446,-96.612935,KONA,0.001456040826035018,3,1,Nave_2021,Dinesen,310.2804166962087,18,1,Harden_2002,Treynor,242.94419009532527,9,1,Harden_2002,1,1
NEON,KONZ,Konza Prairie Biological Station NEON,39.100774,-96.563075,KONZ,0.0013686593143693183,3,1,Nave_2021,Dinesen,309.780211725557,18,1,Harden_2002,Treynor,242.55914756128718,9,1,Harden_2002,1,1
NEON,LENO,Lenoir Landing NEON,31.853861,-88.161181,LENO,0.004246370357966036,3,1,Nave_2021,Southern Piedmont,315.80280089396996,20,1,Butnor_2017,Treynor,1231.4446108645802,9,1,Harden_2002,1,1
NEON,MLBS,Mountain Lake Biological Station NEON,37.378314,-80.524847,MLBS,0.0038308896150861423,3,1,Nave_2021,Oak Ridge Reservation,371.23824749558815,12,1,Swanston_2005,Harvard Forest,911.8384923114144,175,1,Savage_2013,1,1
NEON,MOAB,Moab NEON,38.248283,-109.38827,MOAB,0.005226161552530958,3,1,Nave_2021,AZ_Mollisol,396.433182860344,34,1,Heckman_2018,Chiquito,864.4852023792347,11,1,Wang_2000,1,1
NEON,NIWO,Niwot Ridge NEON,40.05425,-105.58237,NIWO,0.0,7,2,Beem-Miller_2022|Nave_2021,AZ_Mollisol,759.9823402717099,34,1,Heckman_2018,Treynor,847.5728508834541,9,1,Harden_2002,1,1
NEON,NOGP,Northern Great Plains Research Laboratory NEON,46.76972,-100.91535,NOGP,0.0,3,1,Nave_2021,S1_Bog_MEF,570.0460449513038,27,1,McFarlane_2018,Dinesen,719.4009662851261,7,1,Harden_2002,1,1
NEON,OAES,Marvin Klemme Range Research Station NEON,35.410599,-99.058779,OAES,0.0,4,1,Beem-Miller_2022,MO Ozark BREA,712.1688710720215,30,1,McFarlane_2013,Treynor,705.8065561394845,9,1,Harden_2002,1,1
NEON,ONAQ,Onaqui NEON,40.177599,-112.45245,ONAQ,0.0,3,1,Beem-Miller_2022,Flagstaff Basalt,561.4914932603349,12,1,Heckman_2010,Chiquito,664.8803027731725,11,1,Wang_2000,1,1
NEON,OSBS,Ordway-Swisher Biological Station NEON,29.689282,-81.993431,OSBS,0.0,1,1,Beem-Miller_2022,Southern Piedmont,407.33289450217364,20,1,Butnor_2017,Harvard Forest,1674.8590577654847,175,1,Savage_2013,1,1
NEON,RMNP,Rocky Mountains NEON,40.275903,-105.54596,RMNP,0.0,3,1,Beem-Miller_2022,AZ_Mollisol,779.4364887025645,34,1,Heckman_2018,Treynor,839.9191396916497,9,1,Harden_2002,1,1
NEON,SCBI,Smithsonian Conservation Biology Institute NEON,38.892925,-78.139494,SCBI,0.0,5,1,Beem-Miller_2022,Atlantic Coast Flatwoods,484.783447181337,16,1,Butnor_2017,Harvard Forest,643.9355828587078,175,1,Savage_2013,1,1
NEON,SERC,Smithsonian Environmental Research Center NEON,38.890131,-76.560014,SERC,0.005681498546108388,3,1,Nave_2021,Atlantic Coast Flatwoods,482.436624565662,16,1,Butnor_2017,Harvard Forest,547.091769935144,175,1,Savage_2013,1,1
NEON,SJER,San Joaquin Experimental Range NEON,37.10878,-119.73228,SJER,0.0,5,2,Beem-Miller_2022|Nave_2021,GRpp,32.368431061774416,6,1,Rasmussen_2018,Musick,41.882509555239466,16,1,Wang_2000,1,1
NEON,SRER,Santa Rita Experimental Range NEON,31.91068,-110.83549,SRER,0.0,3,1,Nave_2021,Mt. Lemmon Granite,57.29211849731725,9,1,Heckman_2010,Sedgwick Reserve,910.315739471055,9,1,Fierer_2005,1,1
NEON,STEI,Steigerwaldt-Chequamegon NEON,45.50894,-89.58637,STEI,0.00044862632213465216,2,1,Nave_2021,MI_Spodosol,359.39557752860037,33,1,Heckman_2018,Dinesen,623.0627287739327,7,1,Harden_2002,1,1
NEON,STER,North Sterling NEON,40.461894,-103.02929,STER,0.001162850283421202,3,1,Nave_2021,Dinesen,663.9010421915901,18,1,Harden_2002,Treynor,626.2920818899028,9,1,Harden_2002,1,1
NEON,TALL,Talladega National Forest NEON,32.95047,-87.393259,TALL,0.0,3,1,Beem-Miller_2022,Southern Piedmont,243.966904115744,20,1,Butnor_2017,Treynor,1169.4381603791965,9,1,Harden_2002,1,1
NEON,TOOL,Toolik Field Station NEON,68.66109,-149.37047,TOOL,0.0,3,1,Nave_2021,Hess Creek,344.51956045641987,22,1,O'Donnell_2011,CPCRW,396.9460843988755,2,1,Schuur_2006,1,1
NEON,TREE,Treehaven NEON,45.49369,-89.58571,TREE,0.003941461851568402,3,1,Nave_2021,MI_Spodosol,359.4688709490393,33,1,Heckman_2018,Dinesen,621.9980449411886,7,1,Harden_2002,1,1
NEON,UKFS,University of Kansas Field Station NEON,39.040431,-95.19215,UKFS,0.0,4,1,Beem-Miller_2022,MO Ozark BREA,261.03453352891484,30,1,McFarlane_2013,Treynor,239.41787074217018,9,1,Harden_2002,1,1
NEON,UNDE,University of Notre Dame Environmental Research Center NEON,46.23391,-89.537254,UNDE,0.0,5,1,Beem-Miller_2022,S1_Bog_MEF,329.5865323181624,27,1,McFarlane_2018,Dinesen,680.9892267370245,7,1,Harden_2002,1,1
NEON,WOOD,Chase Lake National Wildlife Refuge NEON,47.1282,-99.241334,WOOD,0.0,4,1,Beem-Miller_2022,S1_Bog_MEF,438.18418591487625,27,1,McFarlane_2018,Dinesen,679.4810424147773,7,1,Harden_2002,1,1
NEON,WREF,Wind River Experimental Forest NEON,45.82049,-121.95191,WREF,0.0,6,1,Beem-Miller_2022,Andrews Experimental Forest,175.19018735852268,12,2,Sollins_2006|Sollins_2009,Chiquito,979.7477018559106,11,1,Wang_2000,1,1
NEON,GUAN,Guanica Forest NEON,17.96955,-66.8687,Susua State Forest,12.44150117731947,1,1,Sollins_2009,Susua State Forest,12.44150117731947,8,1,Sollins_2009,ZF2,2398.8574085032983,5,1,Trumbore_2006,0,2
NEON,LAJA,Lajas Experimental Station NEON,18.021261,-67.076889,Susua State Forest,17.921191125116987,1,1,Sollins_2009,Susua State Forest,17.921191125116987,8,1,Sollins_2009,ZF2,2411.4285203562226,5,1,Trumbore_2006,0,2
NEON,ORNL,Oak Ridge NEON,35.964128,-84.282588,Oak Ridge Reservation,1.6705092128194245,4,1,Swanston_2005,Oak Ridge Reservation,1.6705092128194245,12,1,Swanston_2005,Treynor,1143.2304786593083,9,1,Harden_2002,0,2
NEON,PUUM,Pu'u Maka'ala Natural Area Reserve NEON,19.55309,-155.31731,Olaa (2ky),14.744172214263665,9,1,Torn_1997,HI_Andisol,43.96115568847748,30,1,Heckman_2018,Sedgwick Reserve,3848.087130645232,9,1,Fierer_2005,0,1
NEON,YELL,Yellowstone National Park NEON,44.95348,-110.53914,winter range_YNP,29.603829052624,28,1,Frank_2011,Matador,678.9796067985005,9,1,Martel_1974,Chiquito,1117.420719810647,11,1,Wang_2000,0,0
