site,site_id,param_index_subset,param_name,param_label_short,obs_index,obs_block_name,obs_family,obs_label_short,obs_label_full,y_obs,y_prior,y_opt,obs_sigma,obs_variance,gain_value,abs_gain_value,rank_within_param_by_abs_gain
Harvard Forest,US-Ha1,0,log_tau[soil_active],$\tau_{\mathrm{active}}$,0,resp_14C,resp_delta14C,resp[1],resp_14C[1],136.4397430419922,401.5320739746094,139.88217163085938,15.0,225.0,-0.000222410484441931,0.000222410484441931,1
Harvard Forest,US-Ha1,0,log_tau[soil_active],$\tau_{\mathrm{active}}$,1,resp_14C,resp_delta14C,resp[2],resp_14C[2],137.98480224609375,379.51458740234375,135.53135681152344,15.0,225.0,-0.00019290525466351003,0.00019290525466351003,2
Harvard Forest,US-Ha1,0,log_tau[soil_active],$\tau_{\mathrm{active}}$,2,resp_14C,resp_delta14C,resp[3],resp_14C[3],111.25503540039062,356.6755676269531,130.28033447265625,15.0,225.0,-0.00015648991887023202,0.00015648991887023202,4
Harvard Forest,US-Ha1,0,log_tau[soil_active],$\tau_{\mathrm{active}}$,3,resp_14C,resp_delta14C,resp[4],resp_14C[4],122.13999938964844,357.9119873046875,128.779541015625,15.0,225.0,-0.00014288941353705648,0.00014288941353705648,5
Harvard Forest,US-Ha1,0,log_tau[soil_active],$\tau_{\mathrm{active}}$,4,resp_14C,resp_delta14C,resp[5],resp_14C[5],116.20269775390625,361.8148498535156,127.8724594116211,15.0,225.0,-0.00013341849173708557,0.00013341849173708557,6
Harvard Forest,US-Ha1,0,log_tau[soil_active],$\tau_{\mathrm{active}}$,5,resp_14C,resp_delta14C,resp[6],resp_14C[6],133.4375,364.6566467285156,126.0113296508789,15.0,225.0,-0.00011666433369263186,0.00011666433369263186,7
Harvard Forest,US-Ha1,0,log_tau[soil_active],$\tau_{\mathrm{active}}$,6,resp_14C,resp_delta14C,resp[7],resp_14C[7],140.80340576171875,325.9229736328125,120.10479736328125,15.0,225.0,-8.595733515726169e-05,8.595733515726169e-05,9
Harvard Forest,US-Ha1,0,log_tau[soil_active],$\tau_{\mathrm{active}}$,7,resp_14C,resp_delta14C,resp[8],resp_14C[8],154.47369384765625,319.8359375,118.4300308227539,15.0,225.0,-7.529733655872675e-05,7.529733655872675e-05,10
Harvard Forest,US-Ha1,0,log_tau[soil_active],$\tau_{\mathrm{active}}$,8,resp_14C,resp_delta14C,resp[9],resp_14C[9],102.98429870605469,328.4015197753906,116.58540344238281,15.0,225.0,-5.7511566797769376e-05,5.7511566797769376e-05,18
Harvard Forest,US-Ha1,0,log_tau[soil_active],$\tau_{\mathrm{active}}$,9,resp_14C,resp_delta14C,resp[10],resp_14C[10],104.1613998413086,324.26251220703125,115.2850570678711,15.0,225.0,-4.996874972837149e-05,4.996874972837149e-05,25
Harvard Forest,US-Ha1,0,log_tau[soil_active],$\tau_{\mathrm{active}}$,10,resp_14C,resp_delta14C,resp[11],resp_14C[11],122.69345092773438,316.0093078613281,113.92848205566406,15.0,225.0,-4.417383777670338e-05,4.417383777670338e-05,26
Harvard Forest,US-Ha1,0,log_tau[soil_active],$\tau_{\mathrm{active}}$,11,resp_14C,resp_delta14C,resp[12],resp_14C[12],127.38351440429688,305.64947509765625,112.1668472290039,15.0,225.0,-3.67397281708151e-05,3.67397281708151e-05,27
Harvard Forest,US-Ha1,0,log_tau[soil_active],$\tau_{\mathrm{active}}$,12,resp_14C,resp_delta14C,resp[13],resp_14C[13],113.92005157470703,301.0716857910156,111.2138900756836,15.0,225.0,-3.236736183325347e-05,3.236736183325347e-05,28
Harvard Forest,US-Ha1,0,log_tau[soil_active],$\tau_{\mathrm{active}}$,13,resp_14C,resp_delta14C,resp[14],resp_14C[14],109.93000030517578,299.8355407714844,110.24927520751953,15.0,225.0,-2.6419382836072152e-05,2.6419382836072152e-05,31
Harvard Forest,US-Ha1,0,log_tau[soil_active],$\tau_{\mathrm{active}}$,14,resp_14C,resp_delta14C,resp[15],resp_14C[15],106.99749755859375,300.1088562011719,110.18736267089844,15.0,225.0,-2.5871297314200613e-05,2.5871297314200613e-05,33
Harvard Forest,US-Ha1,0,log_tau[soil_active],$\tau_{\mathrm{active}}$,15,resp_14C,resp_delta14C,resp[16],resp_14C[16],122.77144622802734,307.1606750488281,108.77448272705078,15.0,225.0,-1.3225266625496232e-05,1.3225266625496232e-05,36
Harvard Forest,US-Ha1,0,log_tau[soil_active],$\tau_{\mathrm{active}}$,16,resp_14C,resp_delta14C,resp[17],resp_14C[17],120.05235290527344,307.1628112792969,108.76177978515625,15.0,225.0,-1.3145716403736793e-05,1.3145716403736793e-05,37
Harvard Forest,US-Ha1,0,log_tau[soil_active],$\tau_{\mathrm{active}}$,17,resp_14C,resp_delta14C,resp[18],resp_14C[18],107.79945373535156,307.18109130859375,108.75013732910156,15.0,225.0,-1.3063472906655879e-05,1.3063472906655879e-05,38
Harvard Forest,US-Ha1,0,log_tau[soil_active],$\tau_{\mathrm{active}}$,18,resp_14C,resp_delta14C,resp[19],resp_14C[19],119.70320129394531,307.3861389160156,108.13028717041016,15.0,225.0,-9.129940527057523e-06,9.129940527057523e-06,40
Harvard Forest,US-Ha1,0,log_tau[soil_active],$\tau_{\mathrm{active}}$,19,resp_14C,resp_delta14C,resp[20],resp_14C[20],114.34712982177734,302.12091064453125,107.26660919189453,15.0,225.0,-6.650196127333577e-06,6.650196127333577e-06,42
Harvard Forest,US-Ha1,0,log_tau[soil_active],$\tau_{\mathrm{active}}$,20,resp_14C,resp_delta14C,resp[21],resp_14C[21],104.18087005615234,291.1162109375,105.6877212524414,15.0,225.0,-2.933947809690543e-06,2.933947809690543e-06,45
Harvard Forest,US-Ha1,0,log_tau[soil_active],$\tau_{\mathrm{active}}$,21,resp_14C,resp_delta14C,resp[22],resp_14C[22],100.25813293457031,282.7997741699219,104.24925994873047,15.0,225.0,1.2511897536465184e-06,1.2511897536465184e-06,47
Harvard Forest,US-Ha1,0,log_tau[soil_active],$\tau_{\mathrm{active}}$,22,resp_14C,resp_delta14C,resp[23],resp_14C[23],99.98873901367188,277.275390625,103.07030487060547,15.0,225.0,5.24068476888498e-06,5.24068476888498e-06,44
Harvard Forest,US-Ha1,0,log_tau[soil_active],$\tau_{\mathrm{active}}$,23,resp_14C,resp_delta14C,resp[24],resp_14C[24],104.9538345336914,283.1192626953125,100.32575225830078,15.0,225.0,2.325581156167982e-05,2.325581156167982e-05,35
Harvard Forest,US-Ha1,0,log_tau[soil_active],$\tau_{\mathrm{active}}$,24,resp_14C,resp_delta14C,resp[25],resp_14C[25],91.1726303100586,273.7500915527344,99.00109100341797,15.0,225.0,2.4582936623574665e-05,2.4582936623574665e-05,34
Harvard Forest,US-Ha1,0,log_tau[soil_active],$\tau_{\mathrm{active}}$,25,resp_14C,resp_delta14C,resp[26],resp_14C[26],102.58723449707031,264.3684997558594,97.6373062133789,15.0,225.0,2.5914211138376886e-05,2.5914211138376886e-05,32
Harvard Forest,US-Ha1,0,log_tau[soil_active],$\tau_{\mathrm{active}}$,26,resp_14C,resp_delta14C,resp[27],resp_14C[27],105.08200073242188,254.3699188232422,95.97330474853516,15.0,225.0,2.8060865603253452e-05,2.8060865603253452e-05,30
Harvard Forest,US-Ha1,0,log_tau[soil_active],$\tau_{\mathrm{active}}$,27,resp_14C,resp_delta14C,resp[28],resp_14C[28],117.83086395263672,254.2222137451172,95.93190002441406,15.0,225.0,2.8167341510746904e-05,2.8167341510746904e-05,29
Harvard Forest,US-Ha1,0,log_tau[soil_active],$\tau_{\mathrm{active}}$,28,resp_14C,resp_delta14C,resp[29],resp_14C[29],86.36949920654297,217.25071716308594,81.06224060058594,15.0,225.0,5.5226362805925245e-05,5.5226362805925245e-05,19
Harvard Forest,US-Ha1,0,log_tau[soil_active],$\tau_{\mathrm{active}}$,29,resp_14C,resp_delta14C,resp[30],resp_14C[30],68.09839630126953,203.5430450439453,65.74876403808594,15.0,225.0,6.748996514669473e-05,6.748996514669473e-05,11
Harvard Forest,US-Ha1,0,log_tau[soil_active],$\tau_{\mathrm{active}}$,30,resp_14C,resp_delta14C,resp[31],resp_14C[31],69.05946350097656,196.36236572265625,64.53846740722656,15.0,225.0,6.430454252977446e-05,6.430454252977446e-05,14
Harvard Forest,US-Ha1,0,log_tau[soil_active],$\tau_{\mathrm{active}}$,31,resp_14C,resp_delta14C,resp[32],resp_14C[32],49.174835205078125,194.8347930908203,63.55397415161133,15.0,225.0,6.394786474779052e-05,6.394786474779052e-05,15
Harvard Forest,US-Ha1,0,log_tau[soil_active],$\tau_{\mathrm{active}}$,32,resp_14C,resp_delta14C,resp[33],resp_14C[33],70.2677993774414,197.75401306152344,62.33152389526367,15.0,225.0,6.58456433640671e-05,6.58456433640671e-05,12
Harvard Forest,US-Ha1,0,log_tau[soil_active],$\tau_{\mathrm{active}}$,33,resp_14C,resp_delta14C,resp[34],resp_14C[34],69.19176483154297,184.539794921875,59.58330535888672,15.0,225.0,5.97189746488335e-05,5.97189746488335e-05,17
Harvard Forest,US-Ha1,0,log_tau[soil_active],$\tau_{\mathrm{active}}$,34,resp_14C,resp_delta14C,resp[35],resp_14C[35],79.25586700439453,187.20851135253906,59.323665618896484,15.0,225.0,6.10405991916205e-05,6.10405991916205e-05,16
Harvard Forest,US-Ha1,0,log_tau[soil_active],$\tau_{\mathrm{active}}$,35,resp_14C,resp_delta14C,resp[36],resp_14C[36],81.99440002441406,196.52978515625,58.75614547729492,15.0,225.0,6.553785036070522e-05,6.553785036070522e-05,13
Harvard Forest,US-Ha1,0,log_tau[soil_active],$\tau_{\mathrm{active}}$,36,resp_14C,resp_delta14C,resp[37],resp_14C[37],70.0555648803711,174.48721313476562,55.94802474975586,15.0,225.0,5.495922387598606e-05,5.495922387598606e-05,20
Harvard Forest,US-Ha1,0,log_tau[soil_active],$\tau_{\mathrm{active}}$,37,resp_14C,resp_delta14C,resp[38],resp_14C[38],68.07653045654297,174.2688446044922,55.530399322509766,15.0,225.0,5.479677605017119e-05,5.479677605017119e-05,22
Harvard Forest,US-Ha1,0,log_tau[soil_active],$\tau_{\mathrm{active}}$,38,resp_14C,resp_delta14C,resp[39],resp_14C[39],70.96666717529297,175.1734161376953,54.021324157714844,15.0,225.0,5.4876922954174575e-05,5.4876922954174575e-05,21
Harvard Forest,US-Ha1,0,log_tau[soil_active],$\tau_{\mathrm{active}}$,39,resp_14C,resp_delta14C,resp[40],resp_14C[40],67.48580169677734,168.19500732421875,52.88175582885742,15.0,225.0,5.149142869818025e-05,5.149142869818025e-05,23
Harvard Forest,US-Ha1,0,log_tau[soil_active],$\tau_{\mathrm{active}}$,40,resp_14C,resp_delta14C,resp[41],resp_14C[41],61.942665100097656,169.115478515625,50.361637115478516,15.0,225.0,5.086757213861554e-05,5.086757213861554e-05,24
Harvard Forest,US-Ha1,0,log_tau[soil_active],$\tau_{\mathrm{active}}$,41,c_stock,C_stocks,C[1],c_stock[1],2035.449951171875,1091.6514892578125,1216.065185546875,624.3914537371568,389864.6875,3.753703564595483e-07,3.753703564595483e-07,48
Harvard Forest,US-Ha1,0,log_tau[soil_active],$\tau_{\mathrm{active}}$,42,c_stock,C_stocks,C[2],c_stock[2],5551.34716796875,2752.367431640625,4155.62890625,1562.6807895408454,2441971.25,-1.3724026029418052e-07,1.3724026029418052e-07,49
Harvard Forest,US-Ha1,0,log_tau[soil_active],$\tau_{\mathrm{active}}$,43,c_stock,C_stocks,C[3],c_stock[3],4953.3837890625,1390.5198974609375,4967.63427734375,1545.2521638878231,2387804.25,-1.955569335504381e-08,1.955569335504381e-08,50
Harvard Forest,US-Ha1,0,log_tau[soil_active],$\tau_{\mathrm{active}}$,44,israd_soil_active_1996,pool_delta14C,israd_active_1996,israd_soil_active_1996,29.563507080078125,284.2281799316406,164.91644287109375,35.5226445576225,1261.8582763671875,-0.00010105026712867559,0.00010105026712867559,8
Harvard Forest,US-Ha1,0,log_tau[soil_active],$\tau_{\mathrm{active}}$,45,israd_soil_active_2007,pool_delta14C,israd_active_2007,israd_soil_active_2007,15.806249618530273,67.50889587402344,66.20610809326172,21.24855952148948,451.50128173828125,-6.2795407027376025e-06,6.2795407027376025e-06,43
Harvard Forest,US-Ha1,0,log_tau[soil_active],$\tau_{\mathrm{active}}$,46,israd_soil_active_2011,pool_delta14C,israd_active_2011,israd_soil_active_2011,63.67599868774414,46.45952224731445,47.23358154296875,15.0,225.0,1.7454128490206945e-06,1.7454128490206945e-06,46
Harvard Forest,US-Ha1,0,log_tau[soil_active],$\tau_{\mathrm{active}}$,47,israd_soil_passive_1996,pool_delta14C,israd_passive_1996,israd_soil_passive_1996,-74.4139404296875,2316.31884765625,-69.30477905273438,27.447183833512412,753.347900390625,1.2132439454342892e-05,1.2132439454342892e-05,39
Harvard Forest,US-Ha1,0,log_tau[soil_active],$\tau_{\mathrm{active}}$,48,israd_soil_passive_2007,pool_delta14C,israd_passive_2007,israd_soil_passive_2007,-86.4000015258789,2191.39794921875,-67.81243133544922,29.18437044082575,851.7274780273438,7.699703200685292e-06,7.699703200685292e-06,41
Harvard Forest,US-Ha1,0,log_tau[soil_active],$\tau_{\mathrm{active}}$,49,israd_soil_slow_2011,pool_delta14C,israd_slow_2011,israd_soil_slow_2011,1.124901533126831,399.896240234375,56.8382682800293,16.031945761887712,257.0232849121094,0.00018830376288193375,0.00018830376288193375,3
Harvard Forest,US-Ha1,1,log_tau[soil_slow],$\tau_{\mathrm{slow}}$,0,resp_14C,resp_delta14C,resp[1],resp_14C[1],136.4397430419922,401.5320739746094,139.88217163085938,15.0,225.0,-0.0009379025553846841,0.0009379025553846841,3
Harvard Forest,US-Ha1,1,log_tau[soil_slow],$\tau_{\mathrm{slow}}$,1,resp_14C,resp_delta14C,resp[2],resp_14C[2],137.98480224609375,379.51458740234375,135.53135681152344,15.0,225.0,-0.0007760207377758593,0.0007760207377758593,4
Harvard Forest,US-Ha1,1,log_tau[soil_slow],$\tau_{\mathrm{slow}}$,2,resp_14C,resp_delta14C,resp[3],resp_14C[3],111.25503540039062,356.6755676269531,130.28033447265625,15.0,225.0,-0.0005331824093403555,0.0005331824093403555,19
Harvard Forest,US-Ha1,1,log_tau[soil_slow],$\tau_{\mathrm{slow}}$,3,resp_14C,resp_delta14C,resp[4],resp_14C[4],122.13999938964844,357.9119873046875,128.779541015625,15.0,225.0,-0.0003652955580075678,0.0003652955580075678,29
Harvard Forest,US-Ha1,1,log_tau[soil_slow],$\tau_{\mathrm{slow}}$,4,resp_14C,resp_delta14C,resp[5],resp_14C[5],116.20269775390625,361.8148498535156,127.8724594116211,15.0,225.0,-0.0002271448702124955,0.0002271448702124955,33
Harvard Forest,US-Ha1,1,log_tau[soil_slow],$\tau_{\mathrm{slow}}$,5,resp_14C,resp_delta14C,resp[6],resp_14C[6],133.4375,364.6566467285156,126.0113296508789,15.0,225.0,-2.0723500408310347e-05,2.0723500408310347e-05,46
Harvard Forest,US-Ha1,1,log_tau[soil_slow],$\tau_{\mathrm{slow}}$,6,resp_14C,resp_delta14C,resp[7],resp_14C[7],140.80340576171875,325.9229736328125,120.10479736328125,15.0,225.0,2.988914250860457e-05,2.988914250860457e-05,43
Harvard Forest,US-Ha1,1,log_tau[soil_slow],$\tau_{\mathrm{slow}}$,7,resp_14C,resp_delta14C,resp[8],resp_14C[8],154.47369384765625,319.8359375,118.4300308227539,15.0,225.0,0.00010255102096376665,0.00010255102096376665,37
Harvard Forest,US-Ha1,1,log_tau[soil_slow],$\tau_{\mathrm{slow}}$,8,resp_14C,resp_delta14C,resp[9],resp_14C[9],102.98429870605469,328.4015197753906,116.58540344238281,15.0,225.0,0.00033970273186987405,0.00033970273186987405,30
Harvard Forest,US-Ha1,1,log_tau[soil_slow],$\tau_{\mathrm{slow}}$,9,resp_14C,resp_delta14C,resp[10],resp_14C[10],104.1613998413086,324.26251220703125,115.2850570678711,15.0,225.0,0.0003858051124434165,0.0003858051124434165,28
Harvard Forest,US-Ha1,1,log_tau[soil_slow],$\tau_{\mathrm{slow}}$,10,resp_14C,resp_delta14C,resp[11],resp_14C[11],122.69345092773438,316.0093078613281,113.92848205566406,15.0,225.0,0.00038833255084939195,0.00038833255084939195,27
Harvard Forest,US-Ha1,1,log_tau[soil_slow],$\tau_{\mathrm{slow}}$,11,resp_14C,resp_delta14C,resp[12],resp_14C[12],127.38351440429688,305.64947509765625,112.1668472290039,15.0,225.0,0.00039443817762251234,0.00039443817762251234,25
Harvard Forest,US-Ha1,1,log_tau[soil_slow],$\tau_{\mathrm{slow}}$,12,resp_14C,resp_delta14C,resp[13],resp_14C[13],113.92005157470703,301.0716857910156,111.2138900756836,15.0,225.0,0.0004077521600365441,0.0004077521600365441,24
Harvard Forest,US-Ha1,1,log_tau[soil_slow],$\tau_{\mathrm{slow}}$,13,resp_14C,resp_delta14C,resp[14],resp_14C[14],109.93000030517578,299.8355407714844,110.24927520751953,15.0,225.0,0.0004552838479098738,0.0004552838479098738,22
Harvard Forest,US-Ha1,1,log_tau[soil_slow],$\tau_{\mathrm{slow}}$,14,resp_14C,resp_delta14C,resp[15],resp_14C[15],106.99749755859375,300.1088562011719,110.18736267089844,15.0,225.0,0.0004618956305916775,0.0004618956305916775,21
Harvard Forest,US-Ha1,1,log_tau[soil_slow],$\tau_{\mathrm{slow}}$,15,resp_14C,resp_delta14C,resp[16],resp_14C[16],122.77144622802734,307.1606750488281,108.77448272705078,15.0,225.0,0.0006148417771756841,0.0006148417771756841,14
Harvard Forest,US-Ha1,1,log_tau[soil_slow],$\tau_{\mathrm{slow}}$,16,resp_14C,resp_delta14C,resp[17],resp_14C[17],120.05235290527344,307.1628112792969,108.76177978515625,15.0,225.0,0.0006155026549433468,0.0006155026549433468,13
Harvard Forest,US-Ha1,1,log_tau[soil_slow],$\tau_{\mathrm{slow}}$,17,resp_14C,resp_delta14C,resp[18],resp_14C[18],107.79945373535156,307.18109130859375,108.75013732910156,15.0,225.0,0.0006163104368523871,0.0006163104368523871,12
Harvard Forest,US-Ha1,1,log_tau[soil_slow],$\tau_{\mathrm{slow}}$,18,resp_14C,resp_delta14C,resp[19],resp_14C[19],119.70320129394531,307.3861389160156,108.13028717041016,15.0,225.0,0.0006497738709144903,0.0006497738709144903,8
Harvard Forest,US-Ha1,1,log_tau[soil_slow],$\tau_{\mathrm{slow}}$,19,resp_14C,resp_delta14C,resp[20],resp_14C[20],114.34712982177734,302.12091064453125,107.26660919189453,15.0,225.0,0.0006374289200955552,0.0006374289200955552,9
Harvard Forest,US-Ha1,1,log_tau[soil_slow],$\tau_{\mathrm{slow}}$,20,resp_14C,resp_delta14C,resp[21],resp_14C[21],104.18087005615234,291.1162109375,105.6877212524414,15.0,225.0,0.0006019786738036684,0.0006019786738036684,15
Harvard Forest,US-Ha1,1,log_tau[soil_slow],$\tau_{\mathrm{slow}}$,21,resp_14C,resp_delta14C,resp[22],resp_14C[22],100.25813293457031,282.7997741699219,104.24925994873047,15.0,225.0,0.0005881831887938453,0.0005881831887938453,17
Harvard Forest,US-Ha1,1,log_tau[soil_slow],$\tau_{\mathrm{slow}}$,22,resp_14C,resp_delta14C,resp[23],resp_14C[23],99.98873901367188,277.275390625,103.07030487060547,15.0,225.0,0.00058930425385713,0.00058930425385713,16
Harvard Forest,US-Ha1,1,log_tau[soil_slow],$\tau_{\mathrm{slow}}$,23,resp_14C,resp_delta14C,resp[24],resp_14C[24],104.9538345336914,283.1192626953125,100.32575225830078,15.0,225.0,0.0007499516478137494,0.0007499516478137494,5
Harvard Forest,US-Ha1,1,log_tau[soil_slow],$\tau_{\mathrm{slow}}$,24,resp_14C,resp_delta14C,resp[25],resp_14C[25],91.1726303100586,273.7500915527344,99.00109100341797,15.0,225.0,0.0007037208526480636,0.0007037208526480636,6
Harvard Forest,US-Ha1,1,log_tau[soil_slow],$\tau_{\mathrm{slow}}$,25,resp_14C,resp_delta14C,resp[26],resp_14C[26],102.58723449707031,264.3684997558594,97.6373062133789,15.0,225.0,0.0006592944138652277,0.0006592944138652277,7
Harvard Forest,US-Ha1,1,log_tau[soil_slow],$\tau_{\mathrm{slow}}$,26,resp_14C,resp_delta14C,resp[27],resp_14C[27],105.08200073242188,254.3699188232422,95.97330474853516,15.0,225.0,0.0006181379297030321,0.0006181379297030321,10
Harvard Forest,US-Ha1,1,log_tau[soil_slow],$\tau_{\mathrm{slow}}$,27,resp_14C,resp_delta14C,resp[28],resp_14C[28],117.83086395263672,254.2222137451172,95.93190002441406,15.0,225.0,0.0006179828359525987,0.0006179828359525987,11
Harvard Forest,US-Ha1,1,log_tau[soil_slow],$\tau_{\mathrm{slow}}$,28,resp_14C,resp_delta14C,resp[29],resp_14C[29],86.36949920654297,217.25071716308594,81.06224060058594,15.0,225.0,0.00046497787014522296,0.00046497787014522296,20
Harvard Forest,US-Ha1,1,log_tau[soil_slow],$\tau_{\mathrm{slow}}$,29,resp_14C,resp_delta14C,resp[30],resp_14C[30],68.09839630126953,203.5430450439453,65.74876403808594,15.0,225.0,6.526215637189146e-05,6.526215637189146e-05,41
Harvard Forest,US-Ha1,1,log_tau[soil_slow],$\tau_{\mathrm{slow}}$,30,resp_14C,resp_delta14C,resp[31],resp_14C[31],69.05946350097656,196.36236572265625,64.53846740722656,15.0,225.0,1.2997617466139623e-05,1.2997617466139623e-05,47
Harvard Forest,US-Ha1,1,log_tau[soil_slow],$\tau_{\mathrm{slow}}$,31,resp_14C,resp_delta14C,resp[32],resp_14C[32],49.174835205078125,194.8347930908203,63.55397415161133,15.0,225.0,-2.3671735627901636e-05,2.3671735627901636e-05,44
Harvard Forest,US-Ha1,1,log_tau[soil_slow],$\tau_{\mathrm{slow}}$,32,resp_14C,resp_delta14C,resp[33],resp_14C[33],70.2677993774414,197.75401306152344,62.33152389526367,15.0,225.0,-6.794502474146338e-05,6.794502474146338e-05,40
Harvard Forest,US-Ha1,1,log_tau[soil_slow],$\tau_{\mathrm{slow}}$,33,resp_14C,resp_delta14C,resp[34],resp_14C[34],69.19176483154297,184.539794921875,59.58330535888672,15.0,225.0,-0.00017559413324860562,0.00017559413324860562,36
Harvard Forest,US-Ha1,1,log_tau[soil_slow],$\tau_{\mathrm{slow}}$,34,resp_14C,resp_delta14C,resp[35],resp_14C[35],79.25586700439453,187.20851135253906,59.323665618896484,15.0,225.0,-0.00018760439933226372,0.00018760439933226372,35
Harvard Forest,US-Ha1,1,log_tau[soil_slow],$\tau_{\mathrm{slow}}$,35,resp_14C,resp_delta14C,resp[36],resp_14C[36],81.99440002441406,196.52978515625,58.75614547729492,15.0,225.0,-0.0002181129419380504,0.0002181129419380504,34
Harvard Forest,US-Ha1,1,log_tau[soil_slow],$\tau_{\mathrm{slow}}$,36,resp_14C,resp_delta14C,resp[37],resp_14C[37],70.0555648803711,174.48721313476562,55.94802474975586,15.0,225.0,-0.00031019178623587965,0.00031019178623587965,32
Harvard Forest,US-Ha1,1,log_tau[soil_slow],$\tau_{\mathrm{slow}}$,37,resp_14C,resp_delta14C,resp[38],resp_14C[38],68.07653045654297,174.2688446044922,55.530399322509766,15.0,225.0,-0.00032671757705170744,0.00032671757705170744,31
Harvard Forest,US-Ha1,1,log_tau[soil_slow],$\tau_{\mathrm{slow}}$,38,resp_14C,resp_delta14C,resp[39],resp_14C[39],70.96666717529297,175.1734161376953,54.021324157714844,15.0,225.0,-0.0003924564125210628,0.0003924564125210628,26
Harvard Forest,US-Ha1,1,log_tau[soil_slow],$\tau_{\mathrm{slow}}$,39,resp_14C,resp_delta14C,resp[40],resp_14C[40],67.48580169677734,168.19500732421875,52.88175582885742,15.0,225.0,-0.0004235870180509528,0.0004235870180509528,23
Harvard Forest,US-Ha1,1,log_tau[soil_slow],$\tau_{\mathrm{slow}}$,40,resp_14C,resp_delta14C,resp[41],resp_14C[41],61.942665100097656,169.115478515625,50.361637115478516,15.0,225.0,-0.0005382663905670874,0.0005382663905670874,18
Harvard Forest,US-Ha1,1,log_tau[soil_slow],$\tau_{\mathrm{slow}}$,41,c_stock,C_stocks,C[1],c_stock[1],2035.449951171875,1091.6514892578125,1216.065185546875,624.3914537371568,389864.6875,5.091030322964345e-06,5.091030322964345e-06,48
Harvard Forest,US-Ha1,1,log_tau[soil_slow],$\tau_{\mathrm{slow}}$,42,c_stock,C_stocks,C[2],c_stock[2],5551.34716796875,2752.367431640625,4155.62890625,1562.6807895408454,2441971.25,5.742076174083868e-07,5.742076174083868e-07,49
Harvard Forest,US-Ha1,1,log_tau[soil_slow],$\tau_{\mathrm{slow}}$,43,c_stock,C_stocks,C[3],c_stock[3],4953.3837890625,1390.5198974609375,4967.63427734375,1545.2521638878231,2387804.25,-5.297366544764987e-08,5.297366544764987e-08,50
Harvard Forest,US-Ha1,1,log_tau[soil_slow],$\tau_{\mathrm{slow}}$,44,israd_soil_active_1996,pool_delta14C,israd_active_1996,israd_soil_active_1996,29.563507080078125,284.2281799316406,164.91644287109375,35.5226445576225,1261.8582763671875,-0.0013705116079859448,0.0013705116079859448,2
Harvard Forest,US-Ha1,1,log_tau[soil_slow],$\tau_{\mathrm{slow}}$,45,israd_soil_active_2007,pool_delta14C,israd_active_2007,israd_soil_active_2007,15.806249618530273,67.50889587402344,66.20610809326172,21.24855952148948,451.50128173828125,-8.516729682602172e-05,8.516729682602172e-05,38
Harvard Forest,US-Ha1,1,log_tau[soil_slow],$\tau_{\mathrm{slow}}$,46,israd_soil_active_2011,pool_delta14C,israd_active_2011,israd_soil_active_2011,63.67599868774414,46.45952224731445,47.23358154296875,15.0,225.0,2.3671700709528304e-05,2.3671700709528304e-05,45
Harvard Forest,US-Ha1,1,log_tau[soil_slow],$\tau_{\mathrm{slow}}$,47,israd_soil_passive_1996,pool_delta14C,israd_passive_1996,israd_soil_passive_1996,-74.4139404296875,2316.31884765625,-69.30477905273438,27.447183833512412,753.347900390625,4.467183587312725e-05,4.467183587312725e-05,42
Harvard Forest,US-Ha1,1,log_tau[soil_slow],$\tau_{\mathrm{slow}}$,48,israd_soil_passive_2007,pool_delta14C,israd_passive_2007,israd_soil_passive_2007,-86.4000015258789,2191.39794921875,-67.81243133544922,29.18437044082575,851.7274780273438,-7.224072577949278e-05,7.224072577949278e-05,39
Harvard Forest,US-Ha1,1,log_tau[soil_slow],$\tau_{\mathrm{slow}}$,49,israd_soil_slow_2011,pool_delta14C,israd_slow_2011,israd_soil_slow_2011,1.124901533126831,399.896240234375,56.8382682800293,16.031945761887712,257.0232849121094,-0.002464004639312279,0.002464004639312279,1
Harvard Forest,US-Ha1,2,log_tau[soil_passive],$\tau_{\mathrm{passive}}$,0,resp_14C,resp_delta14C,resp[1],resp_14C[1],136.4397430419922,401.5320739746094,139.88217163085938,15.0,225.0,-0.001191422363865725,0.001191422363865725,2
Harvard Forest,US-Ha1,2,log_tau[soil_passive],$\tau_{\mathrm{passive}}$,1,resp_14C,resp_delta14C,resp[2],resp_14C[2],137.98480224609375,379.51458740234375,135.53135681152344,15.0,225.0,-0.0009796663938083322,0.0009796663938083322,4
Harvard Forest,US-Ha1,2,log_tau[soil_passive],$\tau_{\mathrm{passive}}$,2,resp_14C,resp_delta14C,resp[3],resp_14C[3],111.25503540039062,356.6755676269531,130.28033447265625,15.0,225.0,-0.0006873529322443928,0.0006873529322443928,21
Harvard Forest,US-Ha1,2,log_tau[soil_passive],$\tau_{\mathrm{passive}}$,3,resp_14C,resp_delta14C,resp[4],resp_14C[4],122.13999938964844,357.9119873046875,128.779541015625,15.0,225.0,-0.0005196130635333687,0.0005196130635333687,30
Harvard Forest,US-Ha1,2,log_tau[soil_passive],$\tau_{\mathrm{passive}}$,4,resp_14C,resp_delta14C,resp[5],resp_14C[5],116.20269775390625,361.8148498535156,127.8724594116211,15.0,225.0,-0.0003858433373585361,0.0003858433373585361,38
Harvard Forest,US-Ha1,2,log_tau[soil_passive],$\tau_{\mathrm{passive}}$,5,resp_14C,resp_delta14C,resp[6],resp_14C[6],133.4375,364.6566467285156,126.0113296508789,15.0,225.0,-0.00017574645893008852,0.00017574645893008852,43
Harvard Forest,US-Ha1,2,log_tau[soil_passive],$\tau_{\mathrm{passive}}$,6,resp_14C,resp_delta14C,resp[7],resp_14C[7],140.80340576171875,325.9229736328125,120.10479736328125,15.0,225.0,-4.130228323626629e-05,4.130228323626629e-05,46
Harvard Forest,US-Ha1,2,log_tau[soil_passive],$\tau_{\mathrm{passive}}$,7,resp_14C,resp_delta14C,resp[8],resp_14C[8],154.47369384765625,319.8359375,118.4300308227539,15.0,225.0,4.7892781016881554e-05,4.7892781016881554e-05,45
Harvard Forest,US-Ha1,2,log_tau[soil_passive],$\tau_{\mathrm{passive}}$,8,resp_14C,resp_delta14C,resp[9],resp_14C[9],102.98429870605469,328.4015197753906,116.58540344238281,15.0,225.0,0.0002930271683181203,0.0002930271683181203,42
Harvard Forest,US-Ha1,2,log_tau[soil_passive],$\tau_{\mathrm{passive}}$,9,resp_14C,resp_delta14C,resp[10],resp_14C[10],104.1613998413086,324.26251220703125,115.2850570678711,15.0,225.0,0.0003546495255472914,0.0003546495255472914,40
Harvard Forest,US-Ha1,2,log_tau[soil_passive],$\tau_{\mathrm{passive}}$,10,resp_14C,resp_delta14C,resp[11],resp_14C[11],122.69345092773438,316.0093078613281,113.92848205566406,15.0,225.0,0.00037559074577532846,0.00037559074577532846,39
Harvard Forest,US-Ha1,2,log_tau[soil_passive],$\tau_{\mathrm{passive}}$,11,resp_14C,resp_delta14C,resp[12],resp_14C[12],127.38351440429688,305.64947509765625,112.1668472290039,15.0,225.0,0.0004044759663581487,0.0004044759663581487,37
Harvard Forest,US-Ha1,2,log_tau[soil_passive],$\tau_{\mathrm{passive}}$,12,resp_14C,resp_delta14C,resp[13],resp_14C[13],113.92005157470703,301.0716857910156,111.2138900756836,15.0,225.0,0.00042942248981007363,0.00042942248981007363,35
Harvard Forest,US-Ha1,2,log_tau[soil_passive],$\tau_{\mathrm{passive}}$,13,resp_14C,resp_delta14C,resp[14],resp_14C[14],109.93000030517578,299.8355407714844,110.24927520751953,15.0,225.0,0.00048811486156392523,0.00048811486156392523,33
Harvard Forest,US-Ha1,2,log_tau[soil_passive],$\tau_{\mathrm{passive}}$,14,resp_14C,resp_delta14C,resp[15],resp_14C[15],106.99749755859375,300.1088562011719,110.18736267089844,15.0,225.0,0.0004954177362962471,0.0004954177362962471,32
Harvard Forest,US-Ha1,2,log_tau[soil_passive],$\tau_{\mathrm{passive}}$,15,resp_14C,resp_delta14C,resp[16],resp_14C[16],122.77144622802734,307.1606750488281,108.77448272705078,15.0,225.0,0.0006659275773060199,0.0006659275773060199,25
Harvard Forest,US-Ha1,2,log_tau[soil_passive],$\tau_{\mathrm{passive}}$,16,resp_14C,resp_delta14C,resp[17],resp_14C[17],120.05235290527344,307.1628112792969,108.76177978515625,15.0,225.0,0.0006667715144375371,0.0006667715144375371,24
Harvard Forest,US-Ha1,2,log_tau[soil_passive],$\tau_{\mathrm{passive}}$,17,resp_14C,resp_delta14C,resp[18],resp_14C[18],107.79945373535156,307.18109130859375,108.75013732910156,15.0,225.0,0.0006677344019829944,0.0006677344019829944,23
Harvard Forest,US-Ha1,2,log_tau[soil_passive],$\tau_{\mathrm{passive}}$,18,resp_14C,resp_delta14C,resp[19],resp_14C[19],119.70320129394531,307.3861389160156,108.13028717041016,15.0,225.0,0.0007100181914969034,0.0007100181914969034,16
Harvard Forest,US-Ha1,2,log_tau[soil_passive],$\tau_{\mathrm{passive}}$,19,resp_14C,resp_delta14C,resp[20],resp_14C[20],114.34712982177734,302.12091064453125,107.26660919189453,15.0,225.0,0.0007095331020538393,0.0007095331020538393,17
Harvard Forest,US-Ha1,2,log_tau[soil_passive],$\tau_{\mathrm{passive}}$,20,resp_14C,resp_delta14C,resp[21],resp_14C[21],104.18087005615234,291.1162109375,105.6877212524414,15.0,225.0,0.0006943310974292385,0.0006943310974292385,20
Harvard Forest,US-Ha1,2,log_tau[soil_passive],$\tau_{\mathrm{passive}}$,21,resp_14C,resp_delta14C,resp[22],resp_14C[22],100.25813293457031,282.7997741699219,104.24925994873047,15.0,225.0,0.0006982879808126723,0.0006982879808126723,18
Harvard Forest,US-Ha1,2,log_tau[soil_passive],$\tau_{\mathrm{passive}}$,22,resp_14C,resp_delta14C,resp[23],resp_14C[23],99.98873901367188,277.275390625,103.07030487060547,15.0,225.0,0.0007140154580959948,0.0007140154580959948,15
Harvard Forest,US-Ha1,2,log_tau[soil_passive],$\tau_{\mathrm{passive}}$,23,resp_14C,resp_delta14C,resp[24],resp_14C[24],104.9538345336914,283.1192626953125,100.32575225830078,15.0,225.0,0.0009241713329329234,0.0009241713329329234,5
Harvard Forest,US-Ha1,2,log_tau[soil_passive],$\tau_{\mathrm{passive}}$,24,resp_14C,resp_delta14C,resp[25],resp_14C[25],91.1726303100586,273.7500915527344,99.00109100341797,15.0,225.0,0.0008924807140360547,0.0008924807140360547,7
Harvard Forest,US-Ha1,2,log_tau[soil_passive],$\tau_{\mathrm{passive}}$,25,resp_14C,resp_delta14C,resp[26],resp_14C[26],102.58723449707031,264.3684997558594,97.6373062133789,15.0,225.0,0.0008617536713567284,0.0008617536713567284,8
Harvard Forest,US-Ha1,2,log_tau[soil_passive],$\tau_{\mathrm{passive}}$,26,resp_14C,resp_delta14C,resp[27],resp_14C[27],105.08200073242188,254.3699188232422,95.97330474853516,15.0,225.0,0.0008371516069305284,0.0008371516069305284,10
Harvard Forest,US-Ha1,2,log_tau[soil_passive],$\tau_{\mathrm{passive}}$,27,resp_14C,resp_delta14C,resp[28],resp_14C[28],117.83086395263672,254.2222137451172,95.93190002441406,15.0,225.0,0.0008375288859092962,0.0008375288859092962,9
Harvard Forest,US-Ha1,2,log_tau[soil_passive],$\tau_{\mathrm{passive}}$,28,resp_14C,resp_delta14C,resp[29],resp_14C[29],86.36949920654297,217.25071716308594,81.06224060058594,15.0,225.0,0.0008981845630658258,0.0008981845630658258,6
Harvard Forest,US-Ha1,2,log_tau[soil_passive],$\tau_{\mathrm{passive}}$,29,resp_14C,resp_delta14C,resp[30],resp_14C[30],68.09839630126953,203.5430450439453,65.74876403808594,15.0,225.0,0.000822489964806409,0.000822489964806409,11
Harvard Forest,US-Ha1,2,log_tau[soil_passive],$\tau_{\mathrm{passive}}$,30,resp_14C,resp_delta14C,resp[31],resp_14C[31],69.05946350097656,196.36236572265625,64.53846740722656,15.0,225.0,0.000763954769004248,0.000763954769004248,12
Harvard Forest,US-Ha1,2,log_tau[soil_passive],$\tau_{\mathrm{passive}}$,31,resp_14C,resp_delta14C,resp[32],resp_14C[32],49.174835205078125,194.8347930908203,63.55397415161133,15.0,225.0,0.0007455930406472308,0.0007455930406472308,14
Harvard Forest,US-Ha1,2,log_tau[soil_passive],$\tau_{\mathrm{passive}}$,32,resp_14C,resp_delta14C,resp[33],resp_14C[33],70.2677993774414,197.75401306152344,62.33152389526367,15.0,225.0,0.0007521202110471521,0.0007521202110471521,13
Harvard Forest,US-Ha1,2,log_tau[soil_passive],$\tau_{\mathrm{passive}}$,33,resp_14C,resp_delta14C,resp[34],resp_14C[34],69.19176483154297,184.539794921875,59.58330535888672,15.0,225.0,0.000639702705498257,0.000639702705498257,27
Harvard Forest,US-Ha1,2,log_tau[soil_passive],$\tau_{\mathrm{passive}}$,34,resp_14C,resp_delta14C,resp[35],resp_14C[35],79.25586700439453,187.20851135253906,59.323665618896484,15.0,225.0,0.0006518978851996186,0.0006518978851996186,26
Harvard Forest,US-Ha1,2,log_tau[soil_passive],$\tau_{\mathrm{passive}}$,35,resp_14C,resp_delta14C,resp[36],resp_14C[36],81.99440002441406,196.52978515625,58.75614547729492,15.0,225.0,0.0006972348360147374,0.0006972348360147374,19
Harvard Forest,US-Ha1,2,log_tau[soil_passive],$\tau_{\mathrm{passive}}$,36,resp_14C,resp_delta14C,resp[37],resp_14C[37],70.0555648803711,174.48721313476562,55.94802474975586,15.0,225.0,0.0005369345575397213,0.0005369345575397213,28
Harvard Forest,US-Ha1,2,log_tau[soil_passive],$\tau_{\mathrm{passive}}$,37,resp_14C,resp_delta14C,resp[38],resp_14C[38],68.07653045654297,174.2688446044922,55.530399322509766,15.0,225.0,0.0005298551183860628,0.0005298551183860628,29
Harvard Forest,US-Ha1,2,log_tau[soil_passive],$\tau_{\mathrm{passive}}$,38,resp_14C,resp_delta14C,resp[39],resp_14C[39],70.96666717529297,175.1734161376953,54.021324157714844,15.0,225.0,0.0005107449485336392,0.0005107449485336392,31
Harvard Forest,US-Ha1,2,log_tau[soil_passive],$\tau_{\mathrm{passive}}$,39,resp_14C,resp_delta14C,resp[40],resp_14C[40],67.48580169677734,168.19500732421875,52.88175582885742,15.0,225.0,0.0004595309569623377,0.0004595309569623377,34
Harvard Forest,US-Ha1,2,log_tau[soil_passive],$\tau_{\mathrm{passive}}$,40,resp_14C,resp_delta14C,resp[41],resp_14C[41],61.942665100097656,169.115478515625,50.361637115478516,15.0,225.0,0.0004187071447120371,0.0004187071447120371,36
Harvard Forest,US-Ha1,2,log_tau[soil_passive],$\tau_{\mathrm{passive}}$,41,c_stock,C_stocks,C[1],c_stock[1],2035.449951171875,1091.6514892578125,1216.065185546875,624.3914537371568,389864.6875,4.392905736180086e-06,4.392905736180086e-06,48
Harvard Forest,US-Ha1,2,log_tau[soil_passive],$\tau_{\mathrm{passive}}$,42,c_stock,C_stocks,C[2],c_stock[2],5551.34716796875,2752.367431640625,4155.62890625,1562.6807895408454,2441971.25,1.5852463285850814e-06,1.5852463285850814e-06,49
Harvard Forest,US-Ha1,2,log_tau[soil_passive],$\tau_{\mathrm{passive}}$,43,c_stock,C_stocks,C[3],c_stock[3],4953.3837890625,1390.5198974609375,4967.63427734375,1545.2521638878231,2387804.25,5.49499283615146e-07,5.49499283615146e-07,50
Harvard Forest,US-Ha1,2,log_tau[soil_passive],$\tau_{\mathrm{passive}}$,44,israd_soil_active_1996,pool_delta14C,israd_active_1996,israd_soil_active_1996,29.563507080078125,284.2281799316406,164.91644287109375,35.5226445576225,1261.8582763671875,-0.001182576264208833,0.001182576264208833,3
Harvard Forest,US-Ha1,2,log_tau[soil_passive],$\tau_{\mathrm{passive}}$,45,israd_soil_active_2007,pool_delta14C,israd_active_2007,israd_soil_active_2007,15.806249618530273,67.50889587402344,66.20610809326172,21.24855952148948,451.50128173828125,-7.348843846237989e-05,7.348843846237989e-05,44
Harvard Forest,US-Ha1,2,log_tau[soil_passive],$\tau_{\mathrm{passive}}$,46,israd_soil_active_2011,pool_delta14C,israd_active_2011,israd_soil_active_2011,63.67599868774414,46.45952224731445,47.23358154296875,15.0,225.0,2.0426362078943322e-05,2.0426362078943322e-05,47
Harvard Forest,US-Ha1,2,log_tau[soil_passive],$\tau_{\mathrm{passive}}$,47,israd_soil_passive_1996,pool_delta14C,israd_passive_1996,israd_soil_passive_1996,-74.4139404296875,2316.31884765625,-69.30477905273438,27.447183833512412,753.347900390625,-0.00031507690789898783,0.00031507690789898783,41
Harvard Forest,US-Ha1,2,log_tau[soil_passive],$\tau_{\mathrm{passive}}$,48,israd_soil_passive_2007,pool_delta14C,israd_passive_2007,israd_soil_passive_2007,-86.4000015258789,2191.39794921875,-67.81243133544922,29.18437044082575,851.7274780273438,-0.0006806056971198893,0.0006806056971198893,22
Harvard Forest,US-Ha1,2,log_tau[soil_passive],$\tau_{\mathrm{passive}}$,49,israd_soil_slow_2011,pool_delta14C,israd_slow_2011,israd_soil_slow_2011,1.124901533126831,399.896240234375,56.8382682800293,16.031945761887712,257.0232849121094,-0.0036920157508708836,0.0036920157508708836,1
Harvard Forest,US-Ha1,3,log_f_transfer[soil_active→soil_slow],$f_{\mathrm{a\to s}}$,0,resp_14C,resp_delta14C,resp[1],resp_14C[1],136.4397430419922,401.5320739746094,139.88217163085938,15.0,225.0,0.001410750098005624,0.001410750098005624,3
Harvard Forest,US-Ha1,3,log_f_transfer[soil_active→soil_slow],$f_{\mathrm{a\to s}}$,1,resp_14C,resp_delta14C,resp[2],resp_14C[2],137.98480224609375,379.51458740234375,135.53135681152344,15.0,225.0,0.0011644601855369343,0.0011644601855369343,4
Harvard Forest,US-Ha1,3,log_f_transfer[soil_active→soil_slow],$f_{\mathrm{a\to s}}$,2,resp_14C,resp_delta14C,resp[3],resp_14C[3],111.25503540039062,356.6755676269531,130.28033447265625,15.0,225.0,0.0008040775453296508,0.0008040775453296508,18
Harvard Forest,US-Ha1,3,log_f_transfer[soil_active→soil_slow],$f_{\mathrm{a\to s}}$,3,resp_14C,resp_delta14C,resp[4],resp_14C[4],122.13999938964844,357.9119873046875,128.779541015625,15.0,225.0,0.0005669330475893462,0.0005669330475893462,23
Harvard Forest,US-Ha1,3,log_f_transfer[soil_active→soil_slow],$f_{\mathrm{a\to s}}$,4,resp_14C,resp_delta14C,resp[5],resp_14C[5],116.20269775390625,361.8148498535156,127.8724594116211,15.0,225.0,0.00037338325323286163,0.00037338325323286163,29
Harvard Forest,US-Ha1,3,log_f_transfer[soil_active→soil_slow],$f_{\mathrm{a\to s}}$,5,resp_14C,resp_delta14C,resp[6],resp_14C[6],133.4375,364.6566467285156,126.0113296508789,15.0,225.0,8.09985149904128e-05,8.09985149904128e-05,41
Harvard Forest,US-Ha1,3,log_f_transfer[soil_active→soil_slow],$f_{\mathrm{a\to s}}$,6,resp_14C,resp_delta14C,resp[7],resp_14C[7],140.80340576171875,325.9229736328125,120.10479736328125,15.0,225.0,-1.8287235211745385e-05,1.8287235211745385e-05,46
Harvard Forest,US-Ha1,3,log_f_transfer[soil_active→soil_slow],$f_{\mathrm{a\to s}}$,7,resp_14C,resp_delta14C,resp[8],resp_14C[8],154.47369384765625,319.8359375,118.4300308227539,15.0,225.0,-0.00012606525277962473,0.00012606525277962473,38
Harvard Forest,US-Ha1,3,log_f_transfer[soil_active→soil_slow],$f_{\mathrm{a\to s}}$,8,resp_14C,resp_delta14C,resp[9],resp_14C[9],102.98429870605469,328.4015197753906,116.58540344238281,15.0,225.0,-0.0004621892052512586,0.0004621892052512586,28
Harvard Forest,US-Ha1,3,log_f_transfer[soil_active→soil_slow],$f_{\mathrm{a\to s}}$,9,resp_14C,resp_delta14C,resp[10],resp_14C[10],104.1613998413086,324.26251220703125,115.2850570678711,15.0,225.0,-0.0005319480438941181,0.0005319480438941181,26
Harvard Forest,US-Ha1,3,log_f_transfer[soil_active→soil_slow],$f_{\mathrm{a\to s}}$,10,resp_14C,resp_delta14C,resp[11],resp_14C[11],122.69345092773438,316.0093078613281,113.92848205566406,15.0,225.0,-0.0005413802067727075,0.0005413802067727075,25
Harvard Forest,US-Ha1,3,log_f_transfer[soil_active→soil_slow],$f_{\mathrm{a\to s}}$,11,resp_14C,resp_delta14C,resp[12],resp_14C[12],127.38351440429688,305.64947509765625,112.1668472290039,15.0,225.0,-0.0005571793449299667,0.0005571793449299667,24
Harvard Forest,US-Ha1,3,log_f_transfer[soil_active→soil_slow],$f_{\mathrm{a\to s}}$,12,resp_14C,resp_delta14C,resp[13],resp_14C[13],113.92005157470703,301.0716857910156,111.2138900756836,15.0,225.0,-0.0005795297129576766,0.0005795297129576766,22
Harvard Forest,US-Ha1,3,log_f_transfer[soil_active→soil_slow],$f_{\mathrm{a\to s}}$,13,resp_14C,resp_delta14C,resp[14],resp_14C[14],109.93000030517578,299.8355407714844,110.24927520751953,15.0,225.0,-0.0006496993229358847,0.0006496993229358847,21
Harvard Forest,US-Ha1,3,log_f_transfer[soil_active→soil_slow],$f_{\mathrm{a\to s}}$,14,resp_14C,resp_delta14C,resp[15],resp_14C[15],106.99749755859375,300.1088562011719,110.18736267089844,15.0,225.0,-0.000659186281518135,0.000659186281518135,20
Harvard Forest,US-Ha1,3,log_f_transfer[soil_active→soil_slow],$f_{\mathrm{a\to s}}$,15,resp_14C,resp_delta14C,resp[16],resp_14C[16],122.77144622802734,307.1606750488281,108.77448272705078,15.0,225.0,-0.0008789849636881077,0.0008789849636881077,14
Harvard Forest,US-Ha1,3,log_f_transfer[soil_active→soil_slow],$f_{\mathrm{a\to s}}$,16,resp_14C,resp_delta14C,resp[17],resp_14C[17],120.05235290527344,307.1628112792969,108.76177978515625,15.0,225.0,-0.0008799658539372376,0.0008799658539372376,13
Harvard Forest,US-Ha1,3,log_f_transfer[soil_active→soil_slow],$f_{\mathrm{a\to s}}$,17,resp_14C,resp_delta14C,resp[18],resp_14C[18],107.79945373535156,307.18109130859375,108.75013732910156,15.0,225.0,-0.0008811451487780793,0.0008811451487780793,12
Harvard Forest,US-Ha1,3,log_f_transfer[soil_active→soil_slow],$f_{\mathrm{a\to s}}$,18,resp_14C,resp_delta14C,resp[19],resp_14C[19],119.70320129394531,307.3861389160156,108.13028717041016,15.0,225.0,-0.0009306917608816877,0.0009306917608816877,10
Harvard Forest,US-Ha1,3,log_f_transfer[soil_active→soil_slow],$f_{\mathrm{a\to s}}$,19,resp_14C,resp_delta14C,resp[20],resp_14C[20],114.34712982177734,302.12091064453125,107.26660919189453,15.0,225.0,-0.0009169654639096881,0.0009169654639096881,11
Harvard Forest,US-Ha1,3,log_f_transfer[soil_active→soil_slow],$f_{\mathrm{a\to s}}$,20,resp_14C,resp_delta14C,resp[21],resp_14C[21],104.18087005615234,291.1162109375,105.6877212524414,15.0,225.0,-0.0008733620704606624,0.0008733620704606624,15
Harvard Forest,US-Ha1,3,log_f_transfer[soil_active→soil_slow],$f_{\mathrm{a\to s}}$,21,resp_14C,resp_delta14C,resp[22],resp_14C[22],100.25813293457031,282.7997741699219,104.24925994873047,15.0,225.0,-0.0008592901199844339,0.0008592901199844339,17
Harvard Forest,US-Ha1,3,log_f_transfer[soil_active→soil_slow],$f_{\mathrm{a\to s}}$,22,resp_14C,resp_delta14C,resp[23],resp_14C[23],99.98873901367188,277.275390625,103.07030487060547,15.0,225.0,-0.0008651217751842625,0.0008651217751842625,16
Harvard Forest,US-Ha1,3,log_f_transfer[soil_active→soil_slow],$f_{\mathrm{a\to s}}$,23,resp_14C,resp_delta14C,resp[24],resp_14C[24],104.9538345336914,283.1192626953125,100.32575225830078,15.0,225.0,-0.0011040101165397575,0.0011040101165397575,5
Harvard Forest,US-Ha1,3,log_f_transfer[soil_active→soil_slow],$f_{\mathrm{a\to s}}$,24,resp_14C,resp_delta14C,resp[25],resp_14C[25],91.1726303100586,273.7500915527344,99.00109100341797,15.0,225.0,-0.0010433860751187598,0.0010433860751187598,6
Harvard Forest,US-Ha1,3,log_f_transfer[soil_active→soil_slow],$f_{\mathrm{a\to s}}$,25,resp_14C,resp_delta14C,resp[26],resp_14C[26],102.58723449707031,264.3684997558594,97.6373062133789,15.0,225.0,-0.0009850018384610579,0.0009850018384610579,7
Harvard Forest,US-Ha1,3,log_f_transfer[soil_active→soil_slow],$f_{\mathrm{a\to s}}$,26,resp_14C,resp_delta14C,resp[27],resp_14C[27],105.08200073242188,254.3699188232422,95.97330474853516,15.0,225.0,-0.0009319066742956824,0.0009319066742956824,8
Harvard Forest,US-Ha1,3,log_f_transfer[soil_active→soil_slow],$f_{\mathrm{a\to s}}$,27,resp_14C,resp_delta14C,resp[28],resp_14C[28],117.83086395263672,254.2222137451172,95.93190002441406,15.0,225.0,-0.0009318317431651364,0.0009318317431651364,9
Harvard Forest,US-Ha1,3,log_f_transfer[soil_active→soil_slow],$f_{\mathrm{a\to s}}$,28,resp_14C,resp_delta14C,resp[29],resp_14C[29],86.36949920654297,217.25071716308594,81.06224060058594,15.0,225.0,-0.0007720413530745356,0.0007720413530745356,19
Harvard Forest,US-Ha1,3,log_f_transfer[soil_active→soil_slow],$f_{\mathrm{a\to s}}$,29,resp_14C,resp_delta14C,resp[30],resp_14C[30],68.09839630126953,203.5430450439453,65.74876403808594,15.0,225.0,-0.0002889442806676962,0.0002889442806676962,32
Harvard Forest,US-Ha1,3,log_f_transfer[soil_active→soil_slow],$f_{\mathrm{a\to s}}$,30,resp_14C,resp_delta14C,resp[31],resp_14C[31],69.05946350097656,196.36236572265625,64.53846740722656,15.0,225.0,-0.00021397929807912076,0.00021397929807912076,35
Harvard Forest,US-Ha1,3,log_f_transfer[soil_active→soil_slow],$f_{\mathrm{a\to s}}$,31,resp_14C,resp_delta14C,resp[32],resp_14C[32],49.174835205078125,194.8347930908203,63.55397415161133,15.0,225.0,-0.00016670207405234918,0.00016670207405234918,36
Harvard Forest,US-Ha1,3,log_f_transfer[soil_active→soil_slow],$f_{\mathrm{a\to s}}$,32,resp_14C,resp_delta14C,resp[33],resp_14C[33],70.2677993774414,197.75401306152344,62.33152389526367,15.0,225.0,-0.00011643840068390944,0.00011643840068390944,40
Harvard Forest,US-Ha1,3,log_f_transfer[soil_active→soil_slow],$f_{\mathrm{a\to s}}$,33,resp_14C,resp_delta14C,resp[34],resp_14C[34],69.19176483154297,184.539794921875,59.58330535888672,15.0,225.0,3.6247767913554895e-05,3.6247767913554895e-05,44
Harvard Forest,US-Ha1,3,log_f_transfer[soil_active→soil_slow],$f_{\mathrm{a\to s}}$,34,resp_14C,resp_delta14C,resp[35],resp_14C[35],79.25586700439453,187.20851135253906,59.323665618896484,15.0,225.0,4.745525433872892e-05,4.745525433872892e-05,43
Harvard Forest,US-Ha1,3,log_f_transfer[soil_active→soil_slow],$f_{\mathrm{a\to s}}$,35,resp_14C,resp_delta14C,resp[36],resp_14C[36],81.99440002441406,196.52978515625,58.75614547729492,15.0,225.0,7.254667673328254e-05,7.254667673328254e-05,42
Harvard Forest,US-Ha1,3,log_f_transfer[soil_active→soil_slow],$f_{\mathrm{a\to s}}$,36,resp_14C,resp_delta14C,resp[37],resp_14C[37],70.0555648803711,174.48721313476562,55.94802474975586,15.0,225.0,0.00021828777377596472,0.00021828777377596472,34
Harvard Forest,US-Ha1,3,log_f_transfer[soil_active→soil_slow],$f_{\mathrm{a\to s}}$,37,resp_14C,resp_delta14C,resp[38],resp_14C[38],68.07653045654297,174.2688446044922,55.530399322509766,15.0,225.0,0.00023935772814673054,0.00023935772814673054,33
Harvard Forest,US-Ha1,3,log_f_transfer[soil_active→soil_slow],$f_{\mathrm{a\to s}}$,38,resp_14C,resp_delta14C,resp[39],resp_14C[39],70.96666717529297,175.1734161376953,54.021324157714844,15.0,225.0,0.00032090444596208215,0.00032090444596208215,31
Harvard Forest,US-Ha1,3,log_f_transfer[soil_active→soil_slow],$f_{\mathrm{a\to s}}$,39,resp_14C,resp_delta14C,resp[40],resp_14C[40],67.48580169677734,168.19500732421875,52.88175582885742,15.0,225.0,0.00036953553975495367,0.00036953553975495367,30
Harvard Forest,US-Ha1,3,log_f_transfer[soil_active→soil_slow],$f_{\mathrm{a\to s}}$,40,resp_14C,resp_delta14C,resp[41],resp_14C[41],61.942665100097656,169.115478515625,50.361637115478516,15.0,225.0,0.0005135989864098853,0.0005135989864098853,27
Harvard Forest,US-Ha1,3,log_f_transfer[soil_active→soil_slow],$f_{\mathrm{a\to s}}$,41,c_stock,C_stocks,C[1],c_stock[1],2035.449951171875,1091.6514892578125,1216.065185546875,624.3914537371568,389864.6875,-7.031712159433465e-06,7.031712159433465e-06,47
Harvard Forest,US-Ha1,3,log_f_transfer[soil_active→soil_slow],$f_{\mathrm{a\to s}}$,42,c_stock,C_stocks,C[2],c_stock[2],5551.34716796875,2752.367431640625,4155.62890625,1562.6807895408454,2441971.25,-2.2005923193594257e-07,2.2005923193594257e-07,49
Harvard Forest,US-Ha1,3,log_f_transfer[soil_active→soil_slow],$f_{\mathrm{a\to s}}$,43,c_stock,C_stocks,C[3],c_stock[3],4953.3837890625,1390.5198974609375,4967.63427734375,1545.2521638878231,2387804.25,-1.8742352139918633e-08,1.8742352139918633e-08,50
Harvard Forest,US-Ha1,3,log_f_transfer[soil_active→soil_slow],$f_{\mathrm{a\to s}}$,44,israd_soil_active_1996,pool_delta14C,israd_active_1996,israd_soil_active_1996,29.563507080078125,284.2281799316406,164.91644287109375,35.5226445576225,1261.8582763671875,0.0018929456985552098,0.0018929456985552098,2
Harvard Forest,US-Ha1,3,log_f_transfer[soil_active→soil_slow],$f_{\mathrm{a\to s}}$,45,israd_soil_active_2007,pool_delta14C,israd_active_2007,israd_soil_active_2007,15.806249618530273,67.50889587402344,66.20610809326172,21.24855952148948,451.50128173828125,0.00011763270467741369,0.00011763270467741369,39
Harvard Forest,US-Ha1,3,log_f_transfer[soil_active→soil_slow],$f_{\mathrm{a\to s}}$,46,israd_soil_active_2011,pool_delta14C,israd_active_2011,israd_soil_active_2011,63.67599868774414,46.45952224731445,47.23358154296875,15.0,225.0,-3.269546474277177e-05,3.269546474277177e-05,45
Harvard Forest,US-Ha1,3,log_f_transfer[soil_active→soil_slow],$f_{\mathrm{a\to s}}$,47,israd_soil_passive_1996,pool_delta14C,israd_passive_1996,israd_soil_passive_1996,-74.4139404296875,2316.31884765625,-69.30477905273438,27.447183833512412,753.347900390625,-6.661445573810173e-06,6.661445573810173e-06,48
Harvard Forest,US-Ha1,3,log_f_transfer[soil_active→soil_slow],$f_{\mathrm{a\to s}}$,48,israd_soil_passive_2007,pool_delta14C,israd_passive_2007,israd_soil_passive_2007,-86.4000015258789,2191.39794921875,-67.81243133544922,29.18437044082575,851.7274780273438,0.00012862554917683118,0.00012862554917683118,37
Harvard Forest,US-Ha1,3,log_f_transfer[soil_active→soil_slow],$f_{\mathrm{a\to s}}$,49,israd_soil_slow_2011,pool_delta14C,israd_slow_2011,israd_soil_slow_2011,1.124901533126831,399.896240234375,56.8382682800293,16.031945761887712,257.0232849121094,0.0023042096139973003,0.0023042096139973003,1
Harvard Forest,US-Ha1,4,log_f_transfer[soil_slow→soil_passive],$f_{\mathrm{s\to p}}$,0,resp_14C,resp_delta14C,resp[1],resp_14C[1],136.4397430419922,401.5320739746094,139.88217163085938,15.0,225.0,0.00014767639640579668,0.00014767639640579668,19
Harvard Forest,US-Ha1,4,log_f_transfer[soil_slow→soil_passive],$f_{\mathrm{s\to p}}$,1,resp_14C,resp_delta14C,resp[2],resp_14C[2],137.98480224609375,379.51458740234375,135.53135681152344,15.0,225.0,0.00011737707396311794,0.00011737707396311794,24
Harvard Forest,US-Ha1,4,log_f_transfer[soil_slow→soil_passive],$f_{\mathrm{s\to p}}$,2,resp_14C,resp_delta14C,resp[3],resp_14C[3],111.25503540039062,356.6755676269531,130.28033447265625,15.0,225.0,9.37878117782557e-05,9.37878117782557e-05,28
Harvard Forest,US-Ha1,4,log_f_transfer[soil_slow→soil_passive],$f_{\mathrm{s\to p}}$,3,resp_14C,resp_delta14C,resp[4],resp_14C[4],122.13999938964844,357.9119873046875,128.779541015625,15.0,225.0,0.00010737190311212812,0.00010737190311212812,25
Harvard Forest,US-Ha1,4,log_f_transfer[soil_slow→soil_passive],$f_{\mathrm{s\to p}}$,4,resp_14C,resp_delta14C,resp[5],resp_14C[5],116.20269775390625,361.8148498535156,127.8724594116211,15.0,225.0,0.00012217082298301296,0.00012217082298301296,23
Harvard Forest,US-Ha1,4,log_f_transfer[soil_slow→soil_passive],$f_{\mathrm{s\to p}}$,5,resp_14C,resp_delta14C,resp[6],resp_14C[6],133.4375,364.6566467285156,126.0113296508789,15.0,225.0,0.0001350636818021667,0.0001350636818021667,21
Harvard Forest,US-Ha1,4,log_f_transfer[soil_slow→soil_passive],$f_{\mathrm{s\to p}}$,6,resp_14C,resp_delta14C,resp[7],resp_14C[7],140.80340576171875,325.9229736328125,120.10479736328125,15.0,225.0,6.488011230824115e-05,6.488011230824115e-05,31
Harvard Forest,US-Ha1,4,log_f_transfer[soil_slow→soil_passive],$f_{\mathrm{s\to p}}$,7,resp_14C,resp_delta14C,resp[8],resp_14C[8],154.47369384765625,319.8359375,118.4300308227539,15.0,225.0,5.5754111693770886e-05,5.5754111693770886e-05,34
Harvard Forest,US-Ha1,4,log_f_transfer[soil_slow→soil_passive],$f_{\mathrm{s\to p}}$,8,resp_14C,resp_delta14C,resp[9],resp_14C[9],102.98429870605469,328.4015197753906,116.58540344238281,15.0,225.0,6.634256361407243e-05,6.634256361407243e-05,30
Harvard Forest,US-Ha1,4,log_f_transfer[soil_slow→soil_passive],$f_{\mathrm{s\to p}}$,9,resp_14C,resp_delta14C,resp[10],resp_14C[10],104.1613998413086,324.26251220703125,115.2850570678711,15.0,225.0,5.584959237834184e-05,5.584959237834184e-05,33
Harvard Forest,US-Ha1,4,log_f_transfer[soil_slow→soil_passive],$f_{\mathrm{s\to p}}$,10,resp_14C,resp_delta14C,resp[11],resp_14C[11],122.69345092773438,316.0093078613281,113.92848205566406,15.0,225.0,3.9539026207887594e-05,3.9539026207887594e-05,36
Harvard Forest,US-Ha1,4,log_f_transfer[soil_slow→soil_passive],$f_{\mathrm{s\to p}}$,11,resp_14C,resp_delta14C,resp[12],resp_14C[12],127.38351440429688,305.64947509765625,112.1668472290039,15.0,225.0,1.9532893947194768e-05,1.9532893947194768e-05,37
Harvard Forest,US-Ha1,4,log_f_transfer[soil_slow→soil_passive],$f_{\mathrm{s\to p}}$,12,resp_14C,resp_delta14C,resp[13],resp_14C[13],113.92005157470703,301.0716857910156,111.2138900756836,15.0,225.0,1.0028263448055722e-05,1.0028263448055722e-05,40
Harvard Forest,US-Ha1,4,log_f_transfer[soil_slow→soil_passive],$f_{\mathrm{s\to p}}$,13,resp_14C,resp_delta14C,resp[14],resp_14C[14],109.93000030517578,299.8355407714844,110.24927520751953,15.0,225.0,3.3671331141425065e-06,3.3671331141425065e-06,43
Harvard Forest,US-Ha1,4,log_f_transfer[soil_slow→soil_passive],$f_{\mathrm{s\to p}}$,14,resp_14C,resp_delta14C,resp[15],resp_14C[15],106.99749755859375,300.1088562011719,110.18736267089844,15.0,225.0,3.213347518360352e-06,3.213347518360352e-06,44
Harvard Forest,US-Ha1,4,log_f_transfer[soil_slow→soil_passive],$f_{\mathrm{s\to p}}$,15,resp_14C,resp_delta14C,resp[16],resp_14C[16],122.77144622802734,307.1606750488281,108.77448272705078,15.0,225.0,-1.8941375259118852e-06,1.8941375259118852e-06,47
Harvard Forest,US-Ha1,4,log_f_transfer[soil_slow→soil_passive],$f_{\mathrm{s\to p}}$,16,resp_14C,resp_delta14C,resp[17],resp_14C[17],120.05235290527344,307.1628112792969,108.76177978515625,15.0,225.0,-2.014871945766893e-06,2.014871945766893e-06,46
Harvard Forest,US-Ha1,4,log_f_transfer[soil_slow→soil_passive],$f_{\mathrm{s\to p}}$,17,resp_14C,resp_delta14C,resp[18],resp_14C[18],107.79945373535156,307.18109130859375,108.75013732910156,15.0,225.0,-2.0990737894125576e-06,2.0990737894125576e-06,45
Harvard Forest,US-Ha1,4,log_f_transfer[soil_slow→soil_passive],$f_{\mathrm{s\to p}}$,18,resp_14C,resp_delta14C,resp[19],resp_14C[19],119.70320129394531,307.3861389160156,108.13028717041016,15.0,225.0,-7.790042416089253e-06,7.790042416089253e-06,41
Harvard Forest,US-Ha1,4,log_f_transfer[soil_slow→soil_passive],$f_{\mathrm{s\to p}}$,19,resp_14C,resp_delta14C,resp[20],resp_14C[20],114.34712982177734,302.12091064453125,107.26660919189453,15.0,225.0,-1.9467956177634302e-05,1.9467956177634302e-05,38
Harvard Forest,US-Ha1,4,log_f_transfer[soil_slow→soil_passive],$f_{\mathrm{s\to p}}$,20,resp_14C,resp_delta14C,resp[21],resp_14C[21],104.18087005615234,291.1162109375,105.6877212524414,15.0,225.0,-4.043822980149557e-05,4.043822980149557e-05,35
Harvard Forest,US-Ha1,4,log_f_transfer[soil_slow→soil_passive],$f_{\mathrm{s\to p}}$,21,resp_14C,resp_delta14C,resp[22],resp_14C[22],100.25813293457031,282.7997741699219,104.24925994873047,15.0,225.0,-5.766562100758374e-05,5.766562100758374e-05,32
Harvard Forest,US-Ha1,4,log_f_transfer[soil_slow→soil_passive],$f_{\mathrm{s\to p}}$,22,resp_14C,resp_delta14C,resp[23],resp_14C[23],99.98873901367188,277.275390625,103.07030487060547,15.0,225.0,-7.102225688957593e-05,7.102225688957593e-05,29
Harvard Forest,US-Ha1,4,log_f_transfer[soil_slow→soil_passive],$f_{\mathrm{s\to p}}$,23,resp_14C,resp_delta14C,resp[24],resp_14C[24],104.9538345336914,283.1192626953125,100.32575225830078,15.0,225.0,-0.0001058629946455809,0.0001058629946455809,26
Harvard Forest,US-Ha1,4,log_f_transfer[soil_slow→soil_passive],$f_{\mathrm{s\to p}}$,24,resp_14C,resp_delta14C,resp[25],resp_14C[25],91.1726303100586,273.7500915527344,99.00109100341797,15.0,225.0,-0.00012255653185439024,0.00012255653185439024,22
Harvard Forest,US-Ha1,4,log_f_transfer[soil_slow→soil_passive],$f_{\mathrm{s\to p}}$,25,resp_14C,resp_delta14C,resp[26],resp_14C[26],102.58723449707031,264.3684997558594,97.6373062133789,15.0,225.0,-0.0001383878668900303,0.0001383878668900303,20
Harvard Forest,US-Ha1,4,log_f_transfer[soil_slow→soil_passive],$f_{\mathrm{s\to p}}$,26,resp_14C,resp_delta14C,resp[27],resp_14C[27],105.08200073242188,254.3699188232422,95.97330474853516,15.0,225.0,-0.00015672676669278775,0.00015672676669278775,18
Harvard Forest,US-Ha1,4,log_f_transfer[soil_slow→soil_passive],$f_{\mathrm{s\to p}}$,27,resp_14C,resp_delta14C,resp[28],resp_14C[28],117.83086395263672,254.2222137451172,95.93190002441406,15.0,225.0,-0.000157238524240466,0.000157238524240466,17
Harvard Forest,US-Ha1,4,log_f_transfer[soil_slow→soil_passive],$f_{\mathrm{s\to p}}$,28,resp_14C,resp_delta14C,resp[29],resp_14C[29],86.36949920654297,217.25071716308594,81.06224060058594,15.0,225.0,-0.00037136089822275474,0.00037136089822275474,14
Harvard Forest,US-Ha1,4,log_f_transfer[soil_slow→soil_passive],$f_{\mathrm{s\to p}}$,29,resp_14C,resp_delta14C,resp[30],resp_14C[30],68.09839630126953,203.5430450439453,65.74876403808594,15.0,225.0,-0.0007133550533610911,0.0007133550533610911,12
Harvard Forest,US-Ha1,4,log_f_transfer[soil_slow→soil_passive],$f_{\mathrm{s\to p}}$,30,resp_14C,resp_delta14C,resp[31],resp_14C[31],69.05946350097656,196.36236572265625,64.53846740722656,15.0,225.0,-0.0007111868936242964,0.0007111868936242964,13
Harvard Forest,US-Ha1,4,log_f_transfer[soil_slow→soil_passive],$f_{\mathrm{s\to p}}$,31,resp_14C,resp_delta14C,resp[32],resp_14C[32],49.174835205078125,194.8347930908203,63.55397415161133,15.0,225.0,-0.0007317460820384988,0.0007317460820384988,11
Harvard Forest,US-Ha1,4,log_f_transfer[soil_slow→soil_passive],$f_{\mathrm{s\to p}}$,32,resp_14C,resp_delta14C,resp[33],resp_14C[33],70.2677993774414,197.75401306152344,62.33152389526367,15.0,225.0,-0.0007843845507008055,0.0007843845507008055,10
Harvard Forest,US-Ha1,4,log_f_transfer[soil_slow→soil_passive],$f_{\mathrm{s\to p}}$,33,resp_14C,resp_delta14C,resp[34],resp_14C[34],69.19176483154297,184.539794921875,59.58330535888672,15.0,225.0,-0.0007880440373441062,0.0007880440373441062,9
Harvard Forest,US-Ha1,4,log_f_transfer[soil_slow→soil_passive],$f_{\mathrm{s\to p}}$,34,resp_14C,resp_delta14C,resp[35],resp_14C[35],79.25586700439453,187.20851135253906,59.323665618896484,15.0,225.0,-0.0008124813593260357,0.0008124813593260357,8
Harvard Forest,US-Ha1,4,log_f_transfer[soil_slow→soil_passive],$f_{\mathrm{s\to p}}$,35,resp_14C,resp_delta14C,resp[36],resp_14C[36],81.99440002441406,196.52978515625,58.75614547729492,15.0,225.0,-0.0008885134094679239,0.0008885134094679239,4
Harvard Forest,US-Ha1,4,log_f_transfer[soil_slow→soil_passive],$f_{\mathrm{s\to p}}$,36,resp_14C,resp_delta14C,resp[37],resp_14C[37],70.0555648803711,174.48721313476562,55.94802474975586,15.0,225.0,-0.0008293922872105369,0.0008293922872105369,7
Harvard Forest,US-Ha1,4,log_f_transfer[soil_slow→soil_passive],$f_{\mathrm{s\to p}}$,37,resp_14C,resp_delta14C,resp[38],resp_14C[38],68.07653045654297,174.2688446044922,55.530399322509766,15.0,225.0,-0.0008398771431495174,0.0008398771431495174,6
Harvard Forest,US-Ha1,4,log_f_transfer[soil_slow→soil_passive],$f_{\mathrm{s\to p}}$,38,resp_14C,resp_delta14C,resp[39],resp_14C[39],70.96666717529297,175.1734161376953,54.021324157714844,15.0,225.0,-0.0008902509769175853,0.0008902509769175853,3
Harvard Forest,US-Ha1,4,log_f_transfer[soil_slow→soil_passive],$f_{\mathrm{s\to p}}$,39,resp_14C,resp_delta14C,resp[40],resp_14C[40],67.48580169677734,168.19500732421875,52.88175582885742,15.0,225.0,-0.0008732256167737759,0.0008732256167737759,5
Harvard Forest,US-Ha1,4,log_f_transfer[soil_slow→soil_passive],$f_{\mathrm{s\to p}}$,40,resp_14C,resp_delta14C,resp[41],resp_14C[41],61.942665100097656,169.115478515625,50.361637115478516,15.0,225.0,-0.0009539317474678621,0.0009539317474678621,2
Harvard Forest,US-Ha1,4,log_f_transfer[soil_slow→soil_passive],$f_{\mathrm{s\to p}}$,41,c_stock,C_stocks,C[1],c_stock[1],2035.449951171875,1091.6514892578125,1216.065185546875,624.3914537371568,389864.6875,1.0843014421368397e-06,1.0843014421368397e-06,49
Harvard Forest,US-Ha1,4,log_f_transfer[soil_slow→soil_passive],$f_{\mathrm{s\to p}}$,42,c_stock,C_stocks,C[2],c_stock[2],5551.34716796875,2752.367431640625,4155.62890625,1562.6807895408454,2441971.25,-1.679849650848176e-06,1.679849650848176e-06,48
Harvard Forest,US-Ha1,4,log_f_transfer[soil_slow→soil_passive],$f_{\mathrm{s\to p}}$,43,c_stock,C_stocks,C[3],c_stock[3],4953.3837890625,1390.5198974609375,4967.63427734375,1545.2521638878231,2387804.25,4.938659477238267e-07,4.938659477238267e-07,50
Harvard Forest,US-Ha1,4,log_f_transfer[soil_slow→soil_passive],$f_{\mathrm{s\to p}}$,44,israd_soil_active_1996,pool_delta14C,israd_active_1996,israd_soil_active_1996,29.563507080078125,284.2281799316406,164.91644287109375,35.5226445576225,1261.8582763671875,-0.0002918946591271273,0.0002918946591271273,15
Harvard Forest,US-Ha1,4,log_f_transfer[soil_slow→soil_passive],$f_{\mathrm{s\to p}}$,45,israd_soil_active_2007,pool_delta14C,israd_active_2007,israd_soil_active_2007,15.806249618530273,67.50889587402344,66.20610809326172,21.24855952148948,451.50128173828125,-1.8139135818133274e-05,1.8139135818133274e-05,39
Harvard Forest,US-Ha1,4,log_f_transfer[soil_slow→soil_passive],$f_{\mathrm{s\to p}}$,46,israd_soil_active_2011,pool_delta14C,israd_active_2011,israd_soil_active_2011,63.67599868774414,46.45952224731445,47.23358154296875,15.0,225.0,5.040982514397507e-06,5.040982514397507e-06,42
Harvard Forest,US-Ha1,4,log_f_transfer[soil_slow→soil_passive],$f_{\mathrm{s\to p}}$,47,israd_soil_passive_1996,pool_delta14C,israd_passive_1996,israd_soil_passive_1996,-74.4139404296875,2316.31884765625,-69.30477905273438,27.447183833512412,753.347900390625,-0.00028976844211431335,0.00028976844211431335,16
Harvard Forest,US-Ha1,4,log_f_transfer[soil_slow→soil_passive],$f_{\mathrm{s\to p}}$,48,israd_soil_passive_2007,pool_delta14C,israd_passive_2007,israd_soil_passive_2007,-86.4000015258789,2191.39794921875,-67.81243133544922,29.18437044082575,851.7274780273438,9.866245093638782e-05,9.866245093638782e-05,27
Harvard Forest,US-Ha1,4,log_f_transfer[soil_slow→soil_passive],$f_{\mathrm{s\to p}}$,49,israd_soil_slow_2011,pool_delta14C,israd_slow_2011,israd_soil_slow_2011,1.124901533126831,399.896240234375,56.8382682800293,16.031945761887712,257.0232849121094,0.0023189887563404427,0.0023189887563404427,1
Barrow,US-A10,0,log_tau[soil_active],$\tau_{\mathrm{active}}$,0,resp_14C,resp_delta14C,resp[1],resp_14C[1],32.70000076293945,1165.800048828125,18.128738403320312,20.0,400.0,-0.00014231202022905838,0.00014231202022905838,2
Barrow,US-A10,0,log_tau[soil_active],$\tau_{\mathrm{active}}$,1,resp_14C,resp_delta14C,resp[2],resp_14C[2],-34.400001525878906,1165.5380859375,18.0999813079834,20.0,400.0,-0.00014165221564914034,0.00014165221564914034,3
Barrow,US-A10,0,log_tau[soil_active],$\tau_{\mathrm{active}}$,2,resp_14C,resp_delta14C,resp[3],resp_14C[3],31.350000381469727,1165.349853515625,18.090173721313477,20.0,400.0,-0.0001409784445575912,0.0001409784445575912,4
Barrow,US-A10,0,log_tau[soil_active],$\tau_{\mathrm{active}}$,3,resp_14C,resp_delta14C,resp[4],resp_14C[4],40.400001525878906,1165.05126953125,18.075998306274414,20.0,400.0,-0.00013999875891433774,0.00013999875891433774,5
Barrow,US-A10,0,log_tau[soil_active],$\tau_{\mathrm{active}}$,4,resp_14C,resp_delta14C,resp[5],resp_14C[5],21.0,1164.6441650390625,18.054080963134766,20.0,400.0,-0.00013847966664827914,0.00013847966664827914,6
Barrow,US-A10,0,log_tau[soil_active],$\tau_{\mathrm{active}}$,5,resp_14C,resp_delta14C,resp[6],resp_14C[6],27.799999237060547,1164.2750244140625,18.03061294555664,20.0,400.0,-0.0001368718933020156,0.0001368718933020156,7
Barrow,US-A10,0,log_tau[soil_active],$\tau_{\mathrm{active}}$,6,resp_14C,resp_delta14C,resp[7],resp_14C[7],7.360000133514404,1152.8834228515625,17.126506805419922,20.0,400.0,-9.482749005577243e-05,9.482749005577243e-05,9
Barrow,US-A10,0,log_tau[soil_active],$\tau_{\mathrm{active}}$,7,resp_14C,resp_delta14C,resp[8],resp_14C[8],30.5,1134.14208984375,16.13138771057129,20.0,400.0,-5.770297968210171e-05,5.770297968210171e-05,12
Barrow,US-A10,0,log_tau[soil_active],$\tau_{\mathrm{active}}$,8,resp_14C,resp_delta14C,resp[9],resp_14C[9],31.600000381469727,1133.59130859375,16.10831069946289,20.0,400.0,-5.612254453363846e-05,5.612254453363846e-05,13
Barrow,US-A10,0,log_tau[soil_active],$\tau_{\mathrm{active}}$,9,resp_14C,resp_delta14C,resp[10],resp_14C[10],25.933332443237305,1120.840087890625,15.181221008300781,20.0,400.0,-1.0794560029404073e-05,1.0794560029404073e-05,15
Barrow,US-A10,0,log_tau[soil_active],$\tau_{\mathrm{active}}$,10,resp_14C,resp_delta14C,resp[11],resp_14C[11],17.725000381469727,1120.6087646484375,15.168105125427246,20.0,400.0,-9.908481021569973e-06,9.908481021569973e-06,16
Barrow,US-A10,0,log_tau[soil_active],$\tau_{\mathrm{active}}$,11,resp_14C,resp_delta14C,resp[12],resp_14C[12],22.125,1120.4306640625,15.15748119354248,20.0,400.0,-9.189260492398188e-06,9.189260492398188e-06,17
Barrow,US-A10,0,log_tau[soil_active],$\tau_{\mathrm{active}}$,12,resp_14C,resp_delta14C,resp[13],resp_14C[13],-18.6200008392334,1090.072998046875,13.601741790771484,20.0,400.0,6.384134505744586e-05,6.384134505744586e-05,11
Barrow,US-A10,0,log_tau[soil_active],$\tau_{\mathrm{active}}$,13,resp_14C,resp_delta14C,resp[14],resp_14C[14],-1.649999976158142,1088.7562255859375,13.462249755859375,20.0,400.0,6.724671265098881e-05,6.724671265098881e-05,10
Barrow,US-A10,0,log_tau[soil_active],$\tau_{\mathrm{active}}$,14,c_stock,C_stocks,C[1],c_stock[1],4500.0,1365.5367431640625,3753.67333984375,2025.0,4100625.0,2.4027994288742233e-06,2.4027994288742233e-06,18
Barrow,US-A10,0,log_tau[soil_active],$\tau_{\mathrm{active}}$,15,c_stock,C_stocks,C[2],c_stock[2],12000.0,8508.671875,17035.1875,3960.0,15681600.0,-6.541230366249811e-07,6.541230366249811e-07,19
Barrow,US-A10,0,log_tau[soil_active],$\tau_{\mathrm{active}}$,16,israd_layer_soil_active,pool_delta14C,layer:active,israd_layer_soil_active,-116.10909271240234,1620.1707763671875,112.73575592041016,145.61468579353527,21203.63671875,-0.00012315853086731384,0.00012315853086731384,8
Barrow,US-A10,0,log_tau[soil_active],$\tau_{\mathrm{active}}$,17,israd_layer_soil_slow,pool_delta14C,layer:slow,israd_layer_soil_slow,-278.79998779296875,-697.8045654296875,-404.10406494140625,221.33979463146702,48991.3046875,0.00014992195004104086,0.00014992195004104086,1
Barrow,US-A10,0,log_tau[soil_active],$\tau_{\mathrm{active}}$,18,israd_layer_soil_passive,pool_delta14C,layer:passive,israd_layer_soil_passive,-521.2000122070312,296.7884216308594,-352.1524658203125,122.16460383305592,14924.1904296875,2.622543300273561e-05,2.622543300273561e-05,14
Barrow,US-A10,1,log_tau[soil_slow],$\tau_{\mathrm{slow}}$,0,resp_14C,resp_delta14C,resp[1],resp_14C[1],32.70000076293945,1165.800048828125,18.128738403320312,20.0,400.0,0.00017323911725137086,0.00017323911725137086,4
Barrow,US-A10,1,log_tau[soil_slow],$\tau_{\mathrm{slow}}$,1,resp_14C,resp_delta14C,resp[2],resp_14C[2],-34.400001525878906,1165.5380859375,18.0999813079834,20.0,400.0,0.00017256379531801775,0.00017256379531801775,5
Barrow,US-A10,1,log_tau[soil_slow],$\tau_{\mathrm{slow}}$,2,resp_14C,resp_delta14C,resp[3],resp_14C[3],31.350000381469727,1165.349853515625,18.090173721313477,20.0,400.0,0.00017071630074313426,0.00017071630074313426,6
Barrow,US-A10,1,log_tau[soil_slow],$\tau_{\mathrm{slow}}$,3,resp_14C,resp_delta14C,resp[4],resp_14C[4],40.400001525878906,1165.05126953125,18.075998306274414,20.0,400.0,0.00016799929986818148,0.00016799929986818148,7
Barrow,US-A10,1,log_tau[soil_slow],$\tau_{\mathrm{slow}}$,4,resp_14C,resp_delta14C,resp[5],resp_14C[5],21.0,1164.6441650390625,18.054080963134766,20.0,400.0,0.00016379930475422254,0.00016379930475422254,9
Barrow,US-A10,1,log_tau[soil_slow],$\tau_{\mathrm{slow}}$,5,resp_14C,resp_delta14C,resp[6],resp_14C[6],27.799999237060547,1164.2750244140625,18.03061294555664,20.0,400.0,0.00015932116296365085,0.00015932116296365085,12
Barrow,US-A10,1,log_tau[soil_slow],$\tau_{\mathrm{slow}}$,6,resp_14C,resp_delta14C,resp[7],resp_14C[7],7.360000133514404,1152.8834228515625,17.126506805419922,20.0,400.0,5.777724093063177e-05,5.777724093063177e-05,15
Barrow,US-A10,1,log_tau[soil_slow],$\tau_{\mathrm{slow}}$,7,resp_14C,resp_delta14C,resp[8],resp_14C[8],30.5,1134.14208984375,16.13138771057129,20.0,400.0,-4.396704787231843e-05,4.396704787231843e-05,17
Barrow,US-A10,1,log_tau[soil_slow],$\tau_{\mathrm{slow}}$,8,resp_14C,resp_delta14C,resp[9],resp_14C[9],31.600000381469727,1133.59130859375,16.10831069946289,20.0,400.0,-4.834750451353781e-05,4.834750451353781e-05,16
Barrow,US-A10,1,log_tau[soil_slow],$\tau_{\mathrm{slow}}$,9,resp_14C,resp_delta14C,resp[10],resp_14C[10],25.933332443237305,1120.840087890625,15.181221008300781,20.0,400.0,-0.00016078475380940237,0.00016078475380940237,11
Barrow,US-A10,1,log_tau[soil_slow],$\tau_{\mathrm{slow}}$,10,resp_14C,resp_delta14C,resp[11],resp_14C[11],17.725000381469727,1120.6087646484375,15.168105125427246,20.0,400.0,-0.00016326605818662885,0.00016326605818662885,10
Barrow,US-A10,1,log_tau[soil_slow],$\tau_{\mathrm{slow}}$,11,resp_14C,resp_delta14C,resp[12],resp_14C[12],22.125,1120.4306640625,15.15748119354248,20.0,400.0,-0.00016528467111066208,0.00016528467111066208,8
Barrow,US-A10,1,log_tau[soil_slow],$\tau_{\mathrm{slow}}$,12,resp_14C,resp_delta14C,resp[13],resp_14C[13],-18.6200008392334,1090.072998046875,13.601741790771484,20.0,400.0,-0.00033941873376376245,0.00033941873376376245,3
Barrow,US-A10,1,log_tau[soil_slow],$\tau_{\mathrm{slow}}$,13,resp_14C,resp_delta14C,resp[14],resp_14C[14],-1.649999976158142,1088.7562255859375,13.462249755859375,20.0,400.0,-0.0003462287254147517,0.0003462287254147517,2
Barrow,US-A10,1,log_tau[soil_slow],$\tau_{\mathrm{slow}}$,14,c_stock,C_stocks,C[1],c_stock[1],4500.0,1365.5367431640625,3753.67333984375,2025.0,4100625.0,-2.6672561628349084e-06,2.6672561628349084e-06,19
Barrow,US-A10,1,log_tau[soil_slow],$\tau_{\mathrm{slow}}$,15,c_stock,C_stocks,C[2],c_stock[2],12000.0,8508.671875,17035.1875,3960.0,15681600.0,-2.880937756315628e-06,2.880937756315628e-06,18
Barrow,US-A10,1,log_tau[soil_slow],$\tau_{\mathrm{slow}}$,16,israd_layer_soil_active,pool_delta14C,layer:active,israd_layer_soil_active,-116.10909271240234,1620.1707763671875,112.73575592041016,145.61468579353527,21203.63671875,0.0001367136326920561,0.0001367136326920561,13
Barrow,US-A10,1,log_tau[soil_slow],$\tau_{\mathrm{slow}}$,17,israd_layer_soil_slow,pool_delta14C,layer:slow,israd_layer_soil_slow,-278.79998779296875,-697.8045654296875,-404.10406494140625,221.33979463146702,48991.3046875,-0.0008028465434175816,0.0008028465434175816,1
Barrow,US-A10,1,log_tau[soil_slow],$\tau_{\mathrm{slow}}$,18,israd_layer_soil_passive,pool_delta14C,layer:passive,israd_layer_soil_passive,-521.2000122070312,296.7884216308594,-352.1524658203125,122.16460383305592,14924.1904296875,0.00011437010599148771,0.00011437010599148771,14
Barrow,US-A10,2,log_tau[soil_passive],$\tau_{\mathrm{passive}}$,0,resp_14C,resp_delta14C,resp[1],resp_14C[1],32.70000076293945,1165.800048828125,18.128738403320312,20.0,400.0,-0.00010862219695260425,0.00010862219695260425,9
Barrow,US-A10,2,log_tau[soil_passive],$\tau_{\mathrm{passive}}$,1,resp_14C,resp_delta14C,resp[2],resp_14C[2],-34.400001525878906,1165.5380859375,18.0999813079834,20.0,400.0,-0.00010716446396429818,0.00010716446396429818,10
Barrow,US-A10,2,log_tau[soil_passive],$\tau_{\mathrm{passive}}$,2,resp_14C,resp_delta14C,resp[3],resp_14C[3],31.350000381469727,1165.349853515625,18.090173721313477,20.0,400.0,-0.00010594986634964186,0.00010594986634964186,11
Barrow,US-A10,2,log_tau[soil_passive],$\tau_{\mathrm{passive}}$,3,resp_14C,resp_delta14C,resp[4],resp_14C[4],40.400001525878906,1165.05126953125,18.075998306274414,20.0,400.0,-0.00010419768156435846,0.00010419768156435846,12
Barrow,US-A10,2,log_tau[soil_passive],$\tau_{\mathrm{passive}}$,4,resp_14C,resp_delta14C,resp[5],resp_14C[5],21.0,1164.6441650390625,18.054080963134766,20.0,400.0,-0.00010147348290599665,0.00010147348290599665,13
Barrow,US-A10,2,log_tau[soil_passive],$\tau_{\mathrm{passive}}$,5,resp_14C,resp_delta14C,resp[6],resp_14C[6],27.799999237060547,1164.2750244140625,18.03061294555664,20.0,400.0,-9.859400911401808e-05,9.859400911401808e-05,14
Barrow,US-A10,2,log_tau[soil_passive],$\tau_{\mathrm{passive}}$,6,resp_14C,resp_delta14C,resp[7],resp_14C[7],7.360000133514404,1152.8834228515625,17.126506805419922,20.0,400.0,-1.9645328296350248e-05,1.9645328296350248e-05,17
Barrow,US-A10,2,log_tau[soil_passive],$\tau_{\mathrm{passive}}$,7,resp_14C,resp_delta14C,resp[8],resp_14C[8],30.5,1134.14208984375,16.13138771057129,20.0,400.0,4.562977752327552e-05,4.562977752327552e-05,16
Barrow,US-A10,2,log_tau[soil_passive],$\tau_{\mathrm{passive}}$,8,resp_14C,resp_delta14C,resp[9],resp_14C[9],31.600000381469727,1133.59130859375,16.10831069946289,20.0,400.0,4.845720557704266e-05,4.845720557704266e-05,15
Barrow,US-A10,2,log_tau[soil_passive],$\tau_{\mathrm{passive}}$,9,resp_14C,resp_delta14C,resp[10],resp_14C[10],25.933332443237305,1120.840087890625,15.181221008300781,20.0,400.0,0.0001327734030451944,0.0001327734030451944,7
Barrow,US-A10,2,log_tau[soil_passive],$\tau_{\mathrm{passive}}$,10,resp_14C,resp_delta14C,resp[11],resp_14C[11],17.725000381469727,1120.6087646484375,15.168105125427246,20.0,400.0,0.00013435274416341095,0.00013435274416341095,6
Barrow,US-A10,2,log_tau[soil_passive],$\tau_{\mathrm{passive}}$,11,resp_14C,resp_delta14C,resp[12],resp_14C[12],22.125,1120.4306640625,15.15748119354248,20.0,400.0,0.00013563811204413029,0.00013563811204413029,5
Barrow,US-A10,2,log_tau[soil_passive],$\tau_{\mathrm{passive}}$,12,resp_14C,resp_delta14C,resp[13],resp_14C[13],-18.6200008392334,1090.072998046875,13.601741790771484,20.0,400.0,0.00027286829630852194,0.00027286829630852194,4
Barrow,US-A10,2,log_tau[soil_passive],$\tau_{\mathrm{passive}}$,13,resp_14C,resp_delta14C,resp[14],resp_14C[14],-1.649999976158142,1088.7562255859375,13.462249755859375,20.0,400.0,0.0002794614992180833,0.0002794614992180833,2
Barrow,US-A10,2,log_tau[soil_passive],$\tau_{\mathrm{passive}}$,14,c_stock,C_stocks,C[1],c_stock[1],4500.0,1365.5367431640625,3753.67333984375,2025.0,4100625.0,5.4114242267580665e-06,5.4114242267580665e-06,19
Barrow,US-A10,2,log_tau[soil_passive],$\tau_{\mathrm{passive}}$,15,c_stock,C_stocks,C[2],c_stock[2],12000.0,8508.671875,17035.1875,3960.0,15681600.0,9.922735631077413e-06,9.922735631077413e-06,18
Barrow,US-A10,2,log_tau[soil_passive],$\tau_{\mathrm{passive}}$,16,israd_layer_soil_active,pool_delta14C,layer:active,israd_layer_soil_active,-116.10909271240234,1620.1707763671875,112.73575592041016,145.61468579353527,21203.63671875,-0.0002773693985327363,0.0002773693985327363,3
Barrow,US-A10,2,log_tau[soil_passive],$\tau_{\mathrm{passive}}$,17,israd_layer_soil_slow,pool_delta14C,layer:slow,israd_layer_soil_slow,-278.79998779296875,-697.8045654296875,-404.10406494140625,221.33979463146702,48991.3046875,0.0001318590479293619,0.0001318590479293619,8
Barrow,US-A10,2,log_tau[soil_passive],$\tau_{\mathrm{passive}}$,18,israd_layer_soil_passive,pool_delta14C,layer:passive,israd_layer_soil_passive,-521.2000122070312,296.7884216308594,-352.1524658203125,122.16460383305592,14924.1904296875,-0.0003968550295197193,0.0003968550295197193,1
Barrow,US-A10,3,log_f_transfer[soil_active→soil_slow],$f_{\mathrm{a\to s}}$,0,resp_14C,resp_delta14C,resp[1],resp_14C[1],32.70000076293945,1165.800048828125,18.128738403320312,20.0,400.0,0.00025219455764105667,0.00025219455764105667,8
Barrow,US-A10,3,log_f_transfer[soil_active→soil_slow],$f_{\mathrm{a\to s}}$,1,resp_14C,resp_delta14C,resp[2],resp_14C[2],-34.400001525878906,1165.5380859375,18.0999813079834,20.0,400.0,0.00024865412287729185,0.00024865412287729185,9
Barrow,US-A10,3,log_f_transfer[soil_active→soil_slow],$f_{\mathrm{a\to s}}$,2,resp_14C,resp_delta14C,resp[3],resp_14C[3],31.350000381469727,1165.349853515625,18.090173721313477,20.0,400.0,0.00024587052350313226,0.00024587052350313226,10
Barrow,US-A10,3,log_f_transfer[soil_active→soil_slow],$f_{\mathrm{a\to s}}$,3,resp_14C,resp_delta14C,resp[4],resp_14C[4],40.400001525878906,1165.05126953125,18.075998306274414,20.0,400.0,0.00024184943840863902,0.00024184943840863902,11
Barrow,US-A10,3,log_f_transfer[soil_active→soil_slow],$f_{\mathrm{a\to s}}$,4,resp_14C,resp_delta14C,resp[5],resp_14C[5],21.0,1164.6441650390625,18.054080963134766,20.0,400.0,0.0002355946634919141,0.0002355946634919141,12
Barrow,US-A10,3,log_f_transfer[soil_active→soil_slow],$f_{\mathrm{a\to s}}$,5,resp_14C,resp_delta14C,resp[6],resp_14C[6],27.799999237060547,1164.2750244140625,18.03061294555664,20.0,400.0,0.00022898730973311572,0.00022898730973311572,13
Barrow,US-A10,3,log_f_transfer[soil_active→soil_slow],$f_{\mathrm{a\to s}}$,6,resp_14C,resp_delta14C,resp[7],resp_14C[7],7.360000133514404,1152.8834228515625,17.126506805419922,20.0,400.0,4.516494038233249e-05,4.516494038233249e-05,17
Barrow,US-A10,3,log_f_transfer[soil_active→soil_slow],$f_{\mathrm{a\to s}}$,7,resp_14C,resp_delta14C,resp[8],resp_14C[8],30.5,1134.14208984375,16.13138771057129,20.0,400.0,-0.00010671449366150594,0.00010671449366150594,16
Barrow,US-A10,3,log_f_transfer[soil_active→soil_slow],$f_{\mathrm{a\to s}}$,8,resp_14C,resp_delta14C,resp[9],resp_14C[9],31.600000381469727,1133.59130859375,16.10831069946289,20.0,400.0,-0.00011319030499216368,0.00011319030499216368,15
Barrow,US-A10,3,log_f_transfer[soil_active→soil_slow],$f_{\mathrm{a\to s}}$,9,resp_14C,resp_delta14C,resp[10],resp_14C[10],25.933332443237305,1120.840087890625,15.181221008300781,20.0,400.0,-0.0003091225570485298,0.0003091225570485298,7
Barrow,US-A10,3,log_f_transfer[soil_active→soil_slow],$f_{\mathrm{a\to s}}$,10,resp_14C,resp_delta14C,resp[11],resp_14C[11],17.725000381469727,1120.6087646484375,15.168105125427246,20.0,400.0,-0.0003127490495369451,0.0003127490495369451,6
Barrow,US-A10,3,log_f_transfer[soil_active→soil_slow],$f_{\mathrm{a\to s}}$,11,resp_14C,resp_delta14C,resp[12],resp_14C[12],22.125,1120.4306640625,15.15748119354248,20.0,400.0,-0.0003156908527047249,0.0003156908527047249,5
Barrow,US-A10,3,log_f_transfer[soil_active→soil_slow],$f_{\mathrm{a\to s}}$,12,resp_14C,resp_delta14C,resp[13],resp_14C[13],-18.6200008392334,1090.072998046875,13.601741790771484,20.0,400.0,-0.0006347257946816079,0.0006347257946816079,3
Barrow,US-A10,3,log_f_transfer[soil_active→soil_slow],$f_{\mathrm{a\to s}}$,13,resp_14C,resp_delta14C,resp[14],resp_14C[14],-1.649999976158142,1088.7562255859375,13.462249755859375,20.0,400.0,-0.000650569673206177,0.000650569673206177,1
Barrow,US-A10,3,log_f_transfer[soil_active→soil_slow],$f_{\mathrm{a\to s}}$,14,c_stock,C_stocks,C[1],c_stock[1],4500.0,1365.5367431640625,3753.67333984375,2025.0,4100625.0,-1.2675265456533533e-05,1.2675265456533533e-05,18
Barrow,US-A10,3,log_f_transfer[soil_active→soil_slow],$f_{\mathrm{a\to s}}$,15,c_stock,C_stocks,C[2],c_stock[2],12000.0,8508.671875,17035.1875,3960.0,15681600.0,4.801478012054292e-06,4.801478012054292e-06,19
Barrow,US-A10,3,log_f_transfer[soil_active→soil_slow],$f_{\mathrm{a\to s}}$,16,israd_layer_soil_active,pool_delta14C,layer:active,israd_layer_soil_active,-116.10909271240234,1620.1707763671875,112.73575592041016,145.61468579353527,21203.63671875,0.0006496867718018747,0.0006496867718018747,2
Barrow,US-A10,3,log_f_transfer[soil_active→soil_slow],$f_{\mathrm{a\to s}}$,17,israd_layer_soil_slow,pool_delta14C,layer:slow,israd_layer_soil_slow,-278.79998779296875,-697.8045654296875,-404.10406494140625,221.33979463146702,48991.3046875,-0.0003405992252432899,0.0003405992252432899,4
Barrow,US-A10,3,log_f_transfer[soil_active→soil_slow],$f_{\mathrm{a\to s}}$,18,israd_layer_soil_passive,pool_delta14C,layer:passive,israd_layer_soil_passive,-521.2000122070312,296.7884216308594,-352.1524658203125,122.16460383305592,14924.1904296875,-0.00019187681418974923,0.00019187681418974923,14
Barrow,US-A10,4,log_f_transfer[soil_slow→soil_passive],$f_{\mathrm{s\to p}}$,0,resp_14C,resp_delta14C,resp[1],resp_14C[1],32.70000076293945,1165.800048828125,18.128738403320312,20.0,400.0,-8.050783939998509e-05,8.050783939998509e-05,9
Barrow,US-A10,4,log_f_transfer[soil_slow→soil_passive],$f_{\mathrm{s\to p}}$,1,resp_14C,resp_delta14C,resp[2],resp_14C[2],-34.400001525878906,1165.5380859375,18.0999813079834,20.0,400.0,-7.928012203677978e-05,7.928012203677978e-05,10
Barrow,US-A10,4,log_f_transfer[soil_slow→soil_passive],$f_{\mathrm{s\to p}}$,2,resp_14C,resp_delta14C,resp[3],resp_14C[3],31.350000381469727,1165.349853515625,18.090173721313477,20.0,400.0,-7.840525146825494e-05,7.840525146825494e-05,11
Barrow,US-A10,4,log_f_transfer[soil_slow→soil_passive],$f_{\mathrm{s\to p}}$,3,resp_14C,resp_delta14C,resp[4],resp_14C[4],40.400001525878906,1165.05126953125,18.075998306274414,20.0,400.0,-7.714011298165238e-05,7.714011298165238e-05,12
Barrow,US-A10,4,log_f_transfer[soil_slow→soil_passive],$f_{\mathrm{s\to p}}$,4,resp_14C,resp_delta14C,resp[5],resp_14C[5],21.0,1164.6441650390625,18.054080963134766,20.0,400.0,-7.517005359455657e-05,7.517005359455657e-05,13
Barrow,US-A10,4,log_f_transfer[soil_slow→soil_passive],$f_{\mathrm{s\to p}}$,5,resp_14C,resp_delta14C,resp[6],resp_14C[6],27.799999237060547,1164.2750244140625,18.03061294555664,20.0,400.0,-7.30915959102967e-05,7.30915959102967e-05,14
Barrow,US-A10,4,log_f_transfer[soil_slow→soil_passive],$f_{\mathrm{s\to p}}$,6,resp_14C,resp_delta14C,resp[7],resp_14C[7],7.360000133514404,1152.8834228515625,17.126506805419922,20.0,400.0,-1.3724221758467728e-05,1.3724221758467728e-05,17
Barrow,US-A10,4,log_f_transfer[soil_slow→soil_passive],$f_{\mathrm{s\to p}}$,7,resp_14C,resp_delta14C,resp[8],resp_14C[8],30.5,1134.14208984375,16.13138771057129,20.0,400.0,3.503110029625771e-05,3.503110029625771e-05,16
Barrow,US-A10,4,log_f_transfer[soil_slow→soil_passive],$f_{\mathrm{s\to p}}$,8,resp_14C,resp_delta14C,resp[9],resp_14C[9],31.600000381469727,1133.59130859375,16.10831069946289,20.0,400.0,3.706216597411959e-05,3.706216597411959e-05,15
Barrow,US-A10,4,log_f_transfer[soil_slow→soil_passive],$f_{\mathrm{s\to p}}$,9,resp_14C,resp_delta14C,resp[10],resp_14C[10],25.933332443237305,1120.840087890625,15.181221008300781,20.0,400.0,0.00010009416873684429,0.00010009416873684429,8
Barrow,US-A10,4,log_f_transfer[soil_slow→soil_passive],$f_{\mathrm{s\to p}}$,10,resp_14C,resp_delta14C,resp[11],resp_14C[11],17.725000381469727,1120.6087646484375,15.168105125427246,20.0,400.0,0.00010123555861536381,0.00010123555861536381,7
Barrow,US-A10,4,log_f_transfer[soil_slow→soil_passive],$f_{\mathrm{s\to p}}$,11,resp_14C,resp_delta14C,resp[12],resp_14C[12],22.125,1120.4306640625,15.15748119354248,20.0,400.0,0.00010215687757783098,0.00010215687757783098,6
Barrow,US-A10,4,log_f_transfer[soil_slow→soil_passive],$f_{\mathrm{s\to p}}$,12,resp_14C,resp_delta14C,resp[13],resp_14C[13],-18.6200008392334,1090.072998046875,13.601741790771484,20.0,400.0,0.00020496614023362466,0.00020496614023362466,4
Barrow,US-A10,4,log_f_transfer[soil_slow→soil_passive],$f_{\mathrm{s\to p}}$,13,resp_14C,resp_delta14C,resp[14],resp_14C[14],-1.649999976158142,1088.7562255859375,13.462249755859375,20.0,400.0,0.00021033229958218155,0.00021033229958218155,3
Barrow,US-A10,4,log_f_transfer[soil_slow→soil_passive],$f_{\mathrm{s\to p}}$,14,c_stock,C_stocks,C[1],c_stock[1],4500.0,1365.5367431640625,3753.67333984375,2025.0,4100625.0,4.218129821188601e-06,4.218129821188601e-06,19
Barrow,US-A10,4,log_f_transfer[soil_slow→soil_passive],$f_{\mathrm{s\to p}}$,15,c_stock,C_stocks,C[2],c_stock[2],12000.0,8508.671875,17035.1875,3960.0,15681600.0,9.29769427570821e-06,9.29769427570821e-06,18
Barrow,US-A10,4,log_f_transfer[soil_slow→soil_passive],$f_{\mathrm{s\to p}}$,16,israd_layer_soil_active,pool_delta14C,layer:active,israd_layer_soil_active,-116.10909271240234,1620.1707763671875,112.73575592041016,145.61468579353527,21203.63671875,-0.00021620557968543496,0.00021620557968543496,2
Barrow,US-A10,4,log_f_transfer[soil_slow→soil_passive],$f_{\mathrm{s\to p}}$,17,israd_layer_soil_slow,pool_delta14C,layer:slow,israd_layer_soil_slow,-278.79998779296875,-697.8045654296875,-404.10406494140625,221.33979463146702,48991.3046875,0.00013499014843002815,0.00013499014843002815,5
Barrow,US-A10,4,log_f_transfer[soil_slow→soil_passive],$f_{\mathrm{s\to p}}$,18,israd_layer_soil_passive,pool_delta14C,layer:passive,israd_layer_soil_passive,-521.2000122070312,296.7884216308594,-352.1524658203125,122.16460383305592,14924.1904296875,-0.0003709605295036749,0.0003709605295036749,1
Howland Forest,US-Ho1,0,log_tau[soil_active],$\tau_{\mathrm{active}}$,0,pool_14C,pool_delta14C,pool[1],pool_14C[1],284.0,3960.038818359375,137.87342834472656,15.0,225.0,-8.401098054159736e-05,8.401098054159736e-05,1
Howland Forest,US-Ho1,0,log_tau[soil_active],$\tau_{\mathrm{active}}$,1,pool_14C,pool_delta14C,pool[2],pool_14C[2],113.60723114013672,3804.502685546875,137.48216247558594,15.0,225.0,-8.319896654854137e-05,8.319896654854137e-05,3
Howland Forest,US-Ho1,0,log_tau[soil_active],$\tau_{\mathrm{active}}$,2,pool_14C,pool_delta14C,pool[3],pool_14C[3],207.1999969482422,3514.091064453125,136.7166748046875,15.0,225.0,-8.170694215879572e-05,8.170694215879572e-05,5
Howland Forest,US-Ho1,0,log_tau[soil_active],$\tau_{\mathrm{active}}$,3,pool_14C,pool_delta14C,pool[4],pool_14C[4],118.40078735351562,3721.927001953125,134.4898223876953,15.0,225.0,-7.911792112568195e-05,7.911792112568195e-05,6
Howland Forest,US-Ho1,0,log_tau[soil_active],$\tau_{\mathrm{active}}$,4,pool_14C,pool_delta14C,pool[5],pool_14C[5],23.0,416.0540771484375,-15.02220630645752,15.0,225.0,5.45584676570956e-06,5.45584676570956e-06,20
Howland Forest,US-Ho1,0,log_tau[soil_active],$\tau_{\mathrm{active}}$,5,pool_14C,pool_delta14C,pool[6],pool_14C[6],82.0,-419.22821044921875,17.970266342163086,15.0,225.0,5.345422436913748e-05,5.345422436913748e-05,7
Howland Forest,US-Ho1,0,log_tau[soil_active],$\tau_{\mathrm{active}}$,6,pool_14C,pool_delta14C,pool[7],pool_14C[7],-39.400001525878906,-16.813720703125,36.93771743774414,15.0,225.0,-5.054786382879935e-06,5.054786382879935e-06,21
Howland Forest,US-Ho1,0,log_tau[soil_active],$\tau_{\mathrm{active}}$,7,resp_14C,resp_delta14C,resp[1],resp_14C[1],123.47880554199219,2606.31298828125,120.65266418457031,15.0,225.0,-3.910318278647451e-05,3.910318278647451e-05,9
Howland Forest,US-Ho1,0,log_tau[soil_active],$\tau_{\mathrm{active}}$,8,resp_14C,resp_delta14C,resp[2],resp_14C[2],123.45695495605469,2512.02490234375,120.3411636352539,15.0,225.0,-3.877958256790125e-05,3.877958256790125e-05,10
Howland Forest,US-Ho1,0,log_tau[soil_active],$\tau_{\mathrm{active}}$,9,resp_14C,resp_delta14C,resp[3],resp_14C[3],117.21288299560547,2476.09228515625,120.2197036743164,15.0,225.0,-3.8650097666612425e-05,3.8650097666612425e-05,11
Howland Forest,US-Ho1,0,log_tau[soil_active],$\tau_{\mathrm{active}}$,10,resp_14C,resp_delta14C,resp[4],resp_14C[4],119.98770904541016,2463.42236328125,120.16400909423828,15.0,225.0,-3.8599160023157026e-05,3.8599160023157026e-05,12
Howland Forest,US-Ho1,0,log_tau[soil_active],$\tau_{\mathrm{active}}$,11,resp_14C,resp_delta14C,resp[5],resp_14C[5],144.20352172851562,2445.788330078125,120.09597778320312,15.0,225.0,-3.8532011733084186e-05,3.8532011733084186e-05,13
Howland Forest,US-Ho1,0,log_tau[soil_active],$\tau_{\mathrm{active}}$,12,resp_14C,resp_delta14C,resp[6],resp_14C[6],109.57666778564453,2432.262939453125,120.03776550292969,15.0,225.0,-3.8479093330561855e-05,3.8479093330561855e-05,14
Howland Forest,US-Ho1,0,log_tau[soil_active],$\tau_{\mathrm{active}}$,13,resp_14C,resp_delta14C,resp[7],resp_14C[7],123.51847839355469,2416.3583984375,119.97411346435547,15.0,225.0,-3.841901154864348e-05,3.841901154864348e-05,15
Howland Forest,US-Ho1,0,log_tau[soil_active],$\tau_{\mathrm{active}}$,14,resp_14C,resp_delta14C,resp[8],resp_14C[8],108.93997955322266,2160.4814453125,119.05305480957031,15.0,225.0,-3.751817494006594e-05,3.751817494006594e-05,16
Howland Forest,US-Ho1,0,log_tau[soil_active],$\tau_{\mathrm{active}}$,15,resp_14C,resp_delta14C,resp[9],resp_14C[9],105.45958709716797,2134.583251953125,118.95349884033203,15.0,225.0,-3.742414578982583e-05,3.742414578982583e-05,17
Howland Forest,US-Ho1,0,log_tau[soil_active],$\tau_{\mathrm{active}}$,16,resp_14C,resp_delta14C,resp[10],resp_14C[10],121.03535461425781,2091.422607421875,118.7816390991211,15.0,225.0,-3.7266707368655125e-05,3.7266707368655125e-05,18
Howland Forest,US-Ho1,0,log_tau[soil_active],$\tau_{\mathrm{active}}$,17,resp_14C,resp_delta14C,resp[11],resp_14C[11],122.18989562988281,2000.08251953125,118.3774642944336,15.0,225.0,-3.6929625817121295e-05,3.6929625817121295e-05,19
Howland Forest,US-Ho1,0,log_tau[soil_active],$\tau_{\mathrm{active}}$,18,c_stock,C_stocks,C[1],c_stock[1],5469.0,596.4224243164062,4053.091064453125,2187.6000548546344,4785594.0,1.824686106076738e-08,1.824686106076738e-08,25
Howland Forest,US-Ho1,0,log_tau[soil_active],$\tau_{\mathrm{active}}$,19,c_stock,C_stocks,C[2],c_stock[2],1900.0,2999.938720703125,1870.37646484375,760.0,577600.0,5.673767650612123e-08,5.673767650612123e-08,24
Howland Forest,US-Ho1,0,log_tau[soil_active],$\tau_{\mathrm{active}}$,20,c_stock,C_stocks,C[3],c_stock[3],4900.0,3526.9384765625,5084.79296875,1960.0,3841600.0,-7.938940084151654e-10,7.938940084151654e-10,26
Howland Forest,US-Ho1,0,log_tau[soil_active],$\tau_{\mathrm{active}}$,21,israd_density_soil_active_1986,pool_delta14C,density:active_1986,israd_density_soil_active_1986,83.94999694824219,3960.038818359375,137.87342834472656,15.0,225.0,-8.401098054159736e-05,8.401098054159736e-05,2
Howland Forest,US-Ho1,0,log_tau[soil_active],$\tau_{\mathrm{active}}$,22,israd_density_soil_active_1996,pool_delta14C,density:active_1996,israd_density_soil_active_1996,94.0,3804.502685546875,137.48216247558594,20.0,400.0,-4.679941868355451e-05,4.679941868355451e-05,8
Howland Forest,US-Ho1,0,log_tau[soil_active],$\tau_{\mathrm{active}}$,23,israd_density_soil_active_1997,pool_delta14C,density:active_1997,israd_density_soil_active_1997,45.58000183105469,3514.091064453125,136.7166748046875,15.0,225.0,-8.170694215879572e-05,8.170694215879572e-05,4
Howland Forest,US-Ho1,0,log_tau[soil_active],$\tau_{\mathrm{active}}$,24,israd_density_soil_passive_1996,pool_delta14C,density:passive_1996,israd_density_soil_passive_1996,-78.66666412353516,415.385498046875,-15.06609058380127,24.88492068188585,619.25927734375,1.981261135811981e-06,1.981261135811981e-06,22
Howland Forest,US-Ho1,0,log_tau[soil_active],$\tau_{\mathrm{active}}$,25,israd_density_soil_passive_1997,pool_delta14C,density:passive_1997,israd_density_soil_passive_1997,-68.0,413.7722473144531,-15.14565372467041,27.617928959282953,762.75,1.604306783706297e-06,1.604306783706297e-06,23
Howland Forest,US-Ho1,1,log_tau[soil_slow],$\tau_{\mathrm{slow}}$,0,pool_14C,pool_delta14C,pool[1],pool_14C[1],284.0,3960.038818359375,137.87342834472656,15.0,225.0,-0.0021708368979585593,0.0021708368979585593,2
Howland Forest,US-Ho1,1,log_tau[soil_slow],$\tau_{\mathrm{slow}}$,1,pool_14C,pool_delta14C,pool[2],pool_14C[2],113.60723114013672,3804.502685546875,137.48216247558594,15.0,225.0,-0.0021498544620897134,0.0021498544620897134,4
Howland Forest,US-Ho1,1,log_tau[soil_slow],$\tau_{\mathrm{slow}}$,2,pool_14C,pool_delta14C,pool[3],pool_14C[3],207.1999969482422,3514.091064453125,136.7166748046875,15.0,225.0,-0.0021113005172219506,0.0021113005172219506,6
Howland Forest,US-Ho1,1,log_tau[soil_slow],$\tau_{\mathrm{slow}}$,3,pool_14C,pool_delta14C,pool[4],pool_14C[4],118.40078735351562,3721.927001953125,134.4898223876953,15.0,225.0,-0.0020443983675048167,0.0020443983675048167,7
Howland Forest,US-Ho1,1,log_tau[soil_slow],$\tau_{\mathrm{slow}}$,4,pool_14C,pool_delta14C,pool[5],pool_14C[5],23.0,416.0540771484375,-15.02220630645752,15.0,225.0,-0.000112051145750227,0.000112051145750227,21
Howland Forest,US-Ho1,1,log_tau[soil_slow],$\tau_{\mathrm{slow}}$,5,pool_14C,pool_delta14C,pool[6],pool_14C[6],82.0,-419.22821044921875,17.970266342163086,15.0,225.0,0.0010832558325996522,0.0010832558325996522,20
Howland Forest,US-Ho1,1,log_tau[soil_slow],$\tau_{\mathrm{slow}}$,6,pool_14C,pool_delta14C,pool[7],pool_14C[7],-39.400001525878906,-16.813720703125,36.93771743774414,15.0,225.0,-0.00447000750821395,0.00447000750821395,1
Howland Forest,US-Ho1,1,log_tau[soil_slow],$\tau_{\mathrm{slow}}$,7,resp_14C,resp_delta14C,resp[1],resp_14C[1],123.47880554199219,2606.31298828125,120.65266418457031,15.0,225.0,0.001620852153008156,0.001620852153008156,8
Howland Forest,US-Ho1,1,log_tau[soil_slow],$\tau_{\mathrm{slow}}$,8,resp_14C,resp_delta14C,resp[2],resp_14C[2],123.45695495605469,2512.02490234375,120.3411636352539,15.0,225.0,0.0016014873576668215,0.0016014873576668215,9
Howland Forest,US-Ho1,1,log_tau[soil_slow],$\tau_{\mathrm{slow}}$,9,resp_14C,resp_delta14C,resp[3],resp_14C[3],117.21288299560547,2476.09228515625,120.2197036743164,15.0,225.0,0.001595366269585573,0.001595366269585573,11
Howland Forest,US-Ho1,1,log_tau[soil_slow],$\tau_{\mathrm{slow}}$,10,resp_14C,resp_delta14C,resp[4],resp_14C[4],119.98770904541016,2463.42236328125,120.16400909423828,15.0,225.0,0.0015957454173507375,0.0015957454173507375,10
Howland Forest,US-Ho1,1,log_tau[soil_slow],$\tau_{\mathrm{slow}}$,11,resp_14C,resp_delta14C,resp[5],resp_14C[5],144.20352172851562,2445.788330078125,120.09597778320312,15.0,225.0,0.0015947973855441058,0.0015947973855441058,13
Howland Forest,US-Ho1,1,log_tau[soil_slow],$\tau_{\mathrm{slow}}$,12,resp_14C,resp_delta14C,resp[6],resp_14C[6],109.57666778564453,2432.262939453125,120.03776550292969,15.0,225.0,0.0015949416729233072,0.0015949416729233072,12
Howland Forest,US-Ho1,1,log_tau[soil_slow],$\tau_{\mathrm{slow}}$,13,resp_14C,resp_delta14C,resp[7],resp_14C[7],123.51847839355469,2416.3583984375,119.97411346435547,15.0,225.0,0.0015943874821591486,0.0015943874821591486,14
Howland Forest,US-Ho1,1,log_tau[soil_slow],$\tau_{\mathrm{slow}}$,14,resp_14C,resp_delta14C,resp[8],resp_14C[8],108.93997955322266,2160.4814453125,119.05305480957031,15.0,225.0,0.0015597725901443991,0.0015597725901443991,15
Howland Forest,US-Ho1,1,log_tau[soil_slow],$\tau_{\mathrm{slow}}$,15,resp_14C,resp_delta14C,resp[9],resp_14C[9],105.45958709716797,2134.583251953125,118.95349884033203,15.0,225.0,0.0015561844905131598,0.0015561844905131598,16
Howland Forest,US-Ho1,1,log_tau[soil_slow],$\tau_{\mathrm{slow}}$,16,resp_14C,resp_delta14C,resp[10],resp_14C[10],121.03535461425781,2091.422607421875,118.7816390991211,15.0,225.0,0.0015510905349921443,0.0015510905349921443,17
Howland Forest,US-Ho1,1,log_tau[soil_slow],$\tau_{\mathrm{slow}}$,17,resp_14C,resp_delta14C,resp[11],resp_14C[11],122.18989562988281,2000.08251953125,118.3774642944336,15.0,225.0,0.0015444821063684442,0.0015444821063684442,18
Howland Forest,US-Ho1,1,log_tau[soil_slow],$\tau_{\mathrm{slow}}$,18,c_stock,C_stocks,C[1],c_stock[1],5469.0,596.4224243164062,4053.091064453125,2187.6000548546344,4785594.0,4.7149709878725414e-07,4.7149709878725414e-07,25
Howland Forest,US-Ho1,1,log_tau[soil_slow],$\tau_{\mathrm{slow}}$,19,c_stock,C_stocks,C[2],c_stock[2],1900.0,2999.938720703125,1870.37646484375,760.0,577600.0,1.2242837200784678e-05,1.2242837200784678e-05,24
Howland Forest,US-Ho1,1,log_tau[soil_slow],$\tau_{\mathrm{slow}}$,20,c_stock,C_stocks,C[3],c_stock[3],4900.0,3526.9384765625,5084.79296875,1960.0,3841600.0,1.295640968065003e-07,1.295640968065003e-07,26
Howland Forest,US-Ho1,1,log_tau[soil_slow],$\tau_{\mathrm{slow}}$,21,israd_density_soil_active_1986,pool_delta14C,density:active_1986,israd_density_soil_active_1986,83.94999694824219,3960.038818359375,137.87342834472656,15.0,225.0,-0.0021708368979585593,0.0021708368979585593,3
Howland Forest,US-Ho1,1,log_tau[soil_slow],$\tau_{\mathrm{slow}}$,22,israd_density_soil_active_1996,pool_delta14C,density:active_1996,israd_density_soil_active_1996,94.0,3804.502685546875,137.48216247558594,20.0,400.0,-0.0012092931349254638,0.0012092931349254638,19
Howland Forest,US-Ho1,1,log_tau[soil_slow],$\tau_{\mathrm{slow}}$,23,israd_density_soil_active_1997,pool_delta14C,density:active_1997,israd_density_soil_active_1997,45.58000183105469,3514.091064453125,136.7166748046875,15.0,225.0,-0.0021113005172219506,0.0021113005172219506,5
Howland Forest,US-Ho1,1,log_tau[soil_slow],$\tau_{\mathrm{slow}}$,24,israd_density_soil_passive_1996,pool_delta14C,density:passive_1996,israd_density_soil_passive_1996,-78.66666412353516,415.385498046875,-15.06609058380127,24.88492068188585,619.25927734375,-4.1203215365024844e-05,4.1203215365024844e-05,22
Howland Forest,US-Ho1,1,log_tau[soil_slow],$\tau_{\mathrm{slow}}$,25,israd_density_soil_passive_1997,pool_delta14C,density:passive_1997,israd_density_soil_passive_1997,-68.0,413.7722473144531,-15.14565372467041,27.617928959282953,762.75,-3.4691393477645564e-05,3.4691393477645564e-05,23
Howland Forest,US-Ho1,2,log_tau[soil_passive],$\tau_{\mathrm{passive}}$,0,pool_14C,pool_delta14C,pool[1],pool_14C[1],284.0,3960.038818359375,137.87342834472656,15.0,225.0,-0.0018365286288273145,0.0018365286288273145,2
Howland Forest,US-Ho1,2,log_tau[soil_passive],$\tau_{\mathrm{passive}}$,1,pool_14C,pool_delta14C,pool[2],pool_14C[2],113.60723114013672,3804.502685546875,137.48216247558594,15.0,225.0,-0.0018187775051911833,0.0018187775051911833,4
Howland Forest,US-Ho1,2,log_tau[soil_passive],$\tau_{\mathrm{passive}}$,2,pool_14C,pool_delta14C,pool[3],pool_14C[3],207.1999969482422,3514.091064453125,136.7166748046875,15.0,225.0,-0.0017861609157324917,0.0017861609157324917,6
Howland Forest,US-Ho1,2,log_tau[soil_passive],$\tau_{\mathrm{passive}}$,3,pool_14C,pool_delta14C,pool[4],pool_14C[4],118.40078735351562,3721.927001953125,134.4898223876953,15.0,225.0,-0.0017295623366603763,0.0017295623366603763,7
Howland Forest,US-Ho1,2,log_tau[soil_passive],$\tau_{\mathrm{passive}}$,4,pool_14C,pool_delta14C,pool[5],pool_14C[5],23.0,416.0540771484375,-15.02220630645752,15.0,225.0,-0.00047255224910250164,0.00047255224910250164,21
Howland Forest,US-Ho1,2,log_tau[soil_passive],$\tau_{\mathrm{passive}}$,5,pool_14C,pool_delta14C,pool[6],pool_14C[6],82.0,-419.22821044921875,17.970266342163086,15.0,225.0,0.0005396792681466895,0.0005396792681466895,20
Howland Forest,US-Ho1,2,log_tau[soil_passive],$\tau_{\mathrm{passive}}$,6,pool_14C,pool_delta14C,pool[7],pool_14C[7],-39.400001525878906,-16.813720703125,36.93771743774414,15.0,225.0,-0.002418666429697222,0.002418666429697222,1
Howland Forest,US-Ho1,2,log_tau[soil_passive],$\tau_{\mathrm{passive}}$,7,resp_14C,resp_delta14C,resp[1],resp_14C[1],123.47880554199219,2606.31298828125,120.65266418457031,15.0,225.0,0.0013093792484926978,0.0013093792484926978,13
Howland Forest,US-Ho1,2,log_tau[soil_passive],$\tau_{\mathrm{passive}}$,8,resp_14C,resp_delta14C,resp[2],resp_14C[2],123.45695495605469,2512.02490234375,120.3411636352539,15.0,225.0,0.0012966398144692755,0.0012966398144692755,17
Howland Forest,US-Ho1,2,log_tau[soil_passive],$\tau_{\mathrm{passive}}$,9,resp_14C,resp_delta14C,resp[3],resp_14C[3],117.21288299560547,2476.09228515625,120.2197036743164,15.0,225.0,0.0012951035970240317,0.0012951035970240317,18
Howland Forest,US-Ho1,2,log_tau[soil_passive],$\tau_{\mathrm{passive}}$,10,resp_14C,resp_delta14C,resp[4],resp_14C[4],119.98770904541016,2463.42236328125,120.16400909423828,15.0,225.0,0.001300004972767688,0.001300004972767688,16
Howland Forest,US-Ho1,2,log_tau[soil_passive],$\tau_{\mathrm{passive}}$,11,resp_14C,resp_delta14C,resp[5],resp_14C[5],144.20352172851562,2445.788330078125,120.09597778320312,15.0,225.0,0.001303729018448273,0.001303729018448273,15
Howland Forest,US-Ho1,2,log_tau[soil_passive],$\tau_{\mathrm{passive}}$,12,resp_14C,resp_delta14C,resp[6],resp_14C[6],109.57666778564453,2432.262939453125,120.03776550292969,15.0,225.0,0.0013084904619110307,0.0013084904619110307,14
Howland Forest,US-Ho1,2,log_tau[soil_passive],$\tau_{\mathrm{passive}}$,13,resp_14C,resp_delta14C,resp[7],resp_14C[7],123.51847839355469,2416.3583984375,119.97411346435547,15.0,225.0,0.0013125659081617202,0.0013125659081617202,12
Howland Forest,US-Ho1,2,log_tau[soil_passive],$\tau_{\mathrm{passive}}$,14,resp_14C,resp_delta14C,resp[8],resp_14C[8],108.93997955322266,2160.4814453125,119.05305480957031,15.0,225.0,0.0013265812407701767,0.0013265812407701767,11
Howland Forest,US-Ho1,2,log_tau[soil_passive],$\tau_{\mathrm{passive}}$,15,resp_14C,resp_delta14C,resp[9],resp_14C[9],105.45958709716797,2134.583251953125,118.95349884033203,15.0,225.0,0.0013284677453889754,0.0013284677453889754,10
Howland Forest,US-Ho1,2,log_tau[soil_passive],$\tau_{\mathrm{passive}}$,16,resp_14C,resp_delta14C,resp[10],resp_14C[10],121.03535461425781,2091.422607421875,118.7816390991211,15.0,225.0,0.0013337538136499144,0.0013337538136499144,9
Howland Forest,US-Ho1,2,log_tau[soil_passive],$\tau_{\mathrm{passive}}$,17,resp_14C,resp_delta14C,resp[11],resp_14C[11],122.18989562988281,2000.08251953125,118.3774642944336,15.0,225.0,0.0013554405190742817,0.0013554405190742817,8
Howland Forest,US-Ho1,2,log_tau[soil_passive],$\tau_{\mathrm{passive}}$,18,c_stock,C_stocks,C[1],c_stock[1],5469.0,596.4224243164062,4053.091064453125,2187.6000548546344,4785594.0,3.9888687089578157e-07,3.9888687089578157e-07,25
Howland Forest,US-Ho1,2,log_tau[soil_passive],$\tau_{\mathrm{passive}}$,19,c_stock,C_stocks,C[2],c_stock[2],1900.0,2999.938720703125,1870.37646484375,760.0,577600.0,6.30767330986385e-06,6.30767330986385e-06,24
Howland Forest,US-Ho1,2,log_tau[soil_passive],$\tau_{\mathrm{passive}}$,20,c_stock,C_stocks,C[3],c_stock[3],4900.0,3526.9384765625,5084.79296875,1960.0,3841600.0,3.0916218274076157e-07,3.0916218274076157e-07,26
Howland Forest,US-Ho1,2,log_tau[soil_passive],$\tau_{\mathrm{passive}}$,21,israd_density_soil_active_1986,pool_delta14C,density:active_1986,israd_density_soil_active_1986,83.94999694824219,3960.038818359375,137.87342834472656,15.0,225.0,-0.0018365286288273145,0.0018365286288273145,3
Howland Forest,US-Ho1,2,log_tau[soil_passive],$\tau_{\mathrm{passive}}$,22,israd_density_soil_active_1996,pool_delta14C,density:active_1996,israd_density_soil_active_1996,94.0,3804.502685546875,137.48216247558594,20.0,400.0,-0.0010230623466700407,0.0010230623466700407,19
Howland Forest,US-Ho1,2,log_tau[soil_passive],$\tau_{\mathrm{passive}}$,23,israd_density_soil_active_1997,pool_delta14C,density:active_1997,israd_density_soil_active_1997,45.58000183105469,3514.091064453125,136.7166748046875,15.0,225.0,-0.0017861609157324917,0.0017861609157324917,5
Howland Forest,US-Ho1,2,log_tau[soil_passive],$\tau_{\mathrm{passive}}$,24,israd_density_soil_passive_1996,pool_delta14C,density:passive_1996,israd_density_soil_passive_1996,-78.66666412353516,415.385498046875,-15.06609058380127,24.88492068188585,619.25927734375,-0.00017404254546576488,0.00017404254546576488,22
Howland Forest,US-Ho1,2,log_tau[soil_passive],$\tau_{\mathrm{passive}}$,25,israd_density_soil_passive_1997,pool_delta14C,density:passive_1997,israd_density_soil_passive_1997,-68.0,413.7722473144531,-15.14565372467041,27.617928959282953,762.75,-0.00014662743049134472,0.00014662743049134472,23
Howland Forest,US-Ho1,3,log_f_transfer[soil_active→soil_slow],$f_{\mathrm{a\to s}}$,0,pool_14C,pool_delta14C,pool[1],pool_14C[1],284.0,3960.038818359375,137.87342834472656,15.0,225.0,0.0025582090003901377,0.0025582090003901377,2
Howland Forest,US-Ho1,3,log_f_transfer[soil_active→soil_slow],$f_{\mathrm{a\to s}}$,1,pool_14C,pool_delta14C,pool[2],pool_14C[2],113.60723114013672,3804.502685546875,137.48216247558594,15.0,225.0,0.00253348238231137,0.00253348238231137,4
Howland Forest,US-Ho1,3,log_f_transfer[soil_active→soil_slow],$f_{\mathrm{a\to s}}$,2,pool_14C,pool_delta14C,pool[3],pool_14C[3],207.1999969482422,3514.091064453125,136.7166748046875,15.0,225.0,0.0024880487316694395,0.0024880487316694395,6
Howland Forest,US-Ho1,3,log_f_transfer[soil_active→soil_slow],$f_{\mathrm{a\to s}}$,3,pool_14C,pool_delta14C,pool[4],pool_14C[4],118.40078735351562,3721.927001953125,134.4898223876953,15.0,225.0,0.0024092083327711504,0.0024092083327711504,7
Howland Forest,US-Ho1,3,log_f_transfer[soil_active→soil_slow],$f_{\mathrm{a\to s}}$,4,pool_14C,pool_delta14C,pool[5],pool_14C[5],23.0,416.0540771484375,-15.02220630645752,15.0,225.0,0.00013301056744325582,0.00013301056744325582,21
Howland Forest,US-Ho1,3,log_f_transfer[soil_active→soil_slow],$f_{\mathrm{a\to s}}$,5,pool_14C,pool_delta14C,pool[6],pool_14C[6],82.0,-419.22821044921875,17.970266342163086,15.0,225.0,-0.0018952762596127011,0.0018952762596127011,9
Howland Forest,US-Ho1,3,log_f_transfer[soil_active→soil_slow],$f_{\mathrm{a\to s}}$,6,pool_14C,pool_delta14C,pool[7],pool_14C[7],-39.400001525878906,-16.813720703125,36.93771743774414,15.0,225.0,0.004621587554584742,0.004621587554584742,1
Howland Forest,US-Ho1,3,log_f_transfer[soil_active→soil_slow],$f_{\mathrm{a\to s}}$,7,resp_14C,resp_delta14C,resp[1],resp_14C[1],123.47880554199219,2606.31298828125,120.65266418457031,15.0,225.0,-0.0018965833690964245,0.0018965833690964245,8
Howland Forest,US-Ho1,3,log_f_transfer[soil_active→soil_slow],$f_{\mathrm{a\to s}}$,8,resp_14C,resp_delta14C,resp[2],resp_14C[2],123.45695495605469,2512.02490234375,120.3411636352539,15.0,225.0,-0.001874149573988194,0.001874149573988194,10
Howland Forest,US-Ho1,3,log_f_transfer[soil_active→soil_slow],$f_{\mathrm{a\to s}}$,9,resp_14C,resp_delta14C,resp[3],resp_14C[3],117.21288299560547,2476.09228515625,120.2197036743164,15.0,225.0,-0.0018671734311122006,0.0018671734311122006,13
Howland Forest,US-Ho1,3,log_f_transfer[soil_active→soil_slow],$f_{\mathrm{a\to s}}$,10,resp_14C,resp_delta14C,resp[4],resp_14C[4],119.98770904541016,2463.42236328125,120.16400909423828,15.0,225.0,-0.0018678233003059876,0.0018678233003059876,11
Howland Forest,US-Ho1,3,log_f_transfer[soil_active→soil_slow],$f_{\mathrm{a\to s}}$,11,resp_14C,resp_delta14C,resp[5],resp_14C[5],144.20352172851562,2445.788330078125,120.09597778320312,15.0,225.0,-0.0018669229145191035,0.0018669229145191035,14
Howland Forest,US-Ho1,3,log_f_transfer[soil_active→soil_slow],$f_{\mathrm{a\to s}}$,12,resp_14C,resp_delta14C,resp[6],resp_14C[6],109.57666778564453,2432.262939453125,120.03776550292969,15.0,225.0,-0.0018673018296942112,0.0018673018296942112,12
Howland Forest,US-Ho1,3,log_f_transfer[soil_active→soil_slow],$f_{\mathrm{a\to s}}$,13,resp_14C,resp_delta14C,resp[7],resp_14C[7],123.51847839355469,2416.3583984375,119.97411346435547,15.0,225.0,-0.001866860679796139,0.001866860679796139,15
Howland Forest,US-Ho1,3,log_f_transfer[soil_active→soil_slow],$f_{\mathrm{a\to s}}$,14,resp_14C,resp_delta14C,resp[8],resp_14C[8],108.93997955322266,2160.4814453125,119.05305480957031,15.0,225.0,-0.001828444202745208,0.001828444202745208,16
Howland Forest,US-Ho1,3,log_f_transfer[soil_active→soil_slow],$f_{\mathrm{a\to s}}$,15,resp_14C,resp_delta14C,resp[9],resp_14C[9],105.45958709716797,2134.583251953125,118.95349884033203,15.0,225.0,-0.0018244800535202486,0.0018244800535202486,17
Howland Forest,US-Ho1,3,log_f_transfer[soil_active→soil_slow],$f_{\mathrm{a\to s}}$,16,resp_14C,resp_delta14C,resp[10],resp_14C[10],121.03535461425781,2091.422607421875,118.7816390991211,15.0,225.0,-0.0018189686953871674,0.0018189686953871674,18
Howland Forest,US-Ho1,3,log_f_transfer[soil_active→soil_slow],$f_{\mathrm{a\to s}}$,17,resp_14C,resp_delta14C,resp[11],resp_14C[11],122.18989562988281,2000.08251953125,118.3774642944336,15.0,225.0,-0.0018124734406334744,0.0018124734406334744,19
Howland Forest,US-Ho1,3,log_f_transfer[soil_active→soil_slow],$f_{\mathrm{a\to s}}$,18,c_stock,C_stocks,C[1],c_stock[1],5469.0,596.4224243164062,4053.091064453125,2187.6000548546344,4785594.0,-5.556327800420315e-07,5.556327800420315e-07,25
Howland Forest,US-Ho1,3,log_f_transfer[soil_active→soil_slow],$f_{\mathrm{a\to s}}$,19,c_stock,C_stocks,C[2],c_stock[2],1900.0,2999.938720703125,1870.37646484375,760.0,577600.0,-1.3634933541993778e-05,1.3634933541993778e-05,24
Howland Forest,US-Ho1,3,log_f_transfer[soil_active→soil_slow],$f_{\mathrm{a\to s}}$,20,c_stock,C_stocks,C[3],c_stock[3],4900.0,3526.9384765625,5084.79296875,1960.0,3841600.0,-1.503963131400895e-07,1.503963131400895e-07,26
Howland Forest,US-Ho1,3,log_f_transfer[soil_active→soil_slow],$f_{\mathrm{a\to s}}$,21,israd_density_soil_active_1986,pool_delta14C,density:active_1986,israd_density_soil_active_1986,83.94999694824219,3960.038818359375,137.87342834472656,15.0,225.0,0.0025582090003901377,0.0025582090003901377,3
Howland Forest,US-Ho1,3,log_f_transfer[soil_active→soil_slow],$f_{\mathrm{a\to s}}$,22,israd_density_soil_active_1996,pool_delta14C,density:active_1996,israd_density_soil_active_1996,94.0,3804.502685546875,137.48216247558594,20.0,400.0,0.001425083840050146,0.001425083840050146,20
Howland Forest,US-Ho1,3,log_f_transfer[soil_active→soil_slow],$f_{\mathrm{a\to s}}$,23,israd_density_soil_active_1997,pool_delta14C,density:active_1997,israd_density_soil_active_1997,45.58000183105469,3514.091064453125,136.7166748046875,15.0,225.0,0.0024880487316694395,0.0024880487316694395,5
Howland Forest,US-Ho1,3,log_f_transfer[soil_active→soil_slow],$f_{\mathrm{a\to s}}$,24,israd_density_soil_passive_1996,pool_delta14C,density:passive_1996,israd_density_soil_passive_1996,-78.66666412353516,415.385498046875,-15.06609058380127,24.88492068188585,619.25927734375,4.879993920213056e-05,4.879993920213056e-05,22
Howland Forest,US-Ho1,3,log_f_transfer[soil_active→soil_slow],$f_{\mathrm{a\to s}}$,25,israd_density_soil_passive_1997,pool_delta14C,density:passive_1997,israd_density_soil_passive_1997,-68.0,413.7722473144531,-15.14565372467041,27.617928959282953,762.75,4.0850822154203404e-05,4.0850822154203404e-05,23
Howland Forest,US-Ho1,4,log_f_transfer[soil_slow→soil_passive],$f_{\mathrm{s\to p}}$,0,pool_14C,pool_delta14C,pool[1],pool_14C[1],284.0,3960.038818359375,137.87342834472656,15.0,225.0,-0.00045854001164230947,0.00045854001164230947,3
Howland Forest,US-Ho1,4,log_f_transfer[soil_slow→soil_passive],$f_{\mathrm{s\to p}}$,1,pool_14C,pool_delta14C,pool[2],pool_14C[2],113.60723114013672,3804.502685546875,137.48216247558594,15.0,225.0,-0.0004541079217518851,0.0004541079217518851,5
Howland Forest,US-Ho1,4,log_f_transfer[soil_slow→soil_passive],$f_{\mathrm{s\to p}}$,2,pool_14C,pool_delta14C,pool[3],pool_14C[3],207.1999969482422,3514.091064453125,136.7166748046875,15.0,225.0,-0.00044596420810671727,0.00044596420810671727,7
Howland Forest,US-Ho1,4,log_f_transfer[soil_slow→soil_passive],$f_{\mathrm{s\to p}}$,3,pool_14C,pool_delta14C,pool[4],pool_14C[4],118.40078735351562,3721.927001953125,134.4898223876953,15.0,225.0,-0.000431831884827315,0.000431831884827315,8
Howland Forest,US-Ho1,4,log_f_transfer[soil_slow→soil_passive],$f_{\mathrm{s\to p}}$,4,pool_14C,pool_delta14C,pool[5],pool_14C[5],23.0,416.0540771484375,-15.02220630645752,15.0,225.0,-0.0003013340999166931,0.0003013340999166931,18
Howland Forest,US-Ho1,4,log_f_transfer[soil_slow→soil_passive],$f_{\mathrm{s\to p}}$,5,pool_14C,pool_delta14C,pool[6],pool_14C[6],82.0,-419.22821044921875,17.970266342163086,15.0,225.0,0.001321202261461628,0.001321202261461628,2
Howland Forest,US-Ho1,4,log_f_transfer[soil_slow→soil_passive],$f_{\mathrm{s\to p}}$,6,pool_14C,pool_delta14C,pool[7],pool_14C[7],-39.400001525878906,-16.813720703125,36.93771743774414,15.0,225.0,-0.0019029260604796015,0.0019029260604796015,1
Howland Forest,US-Ho1,4,log_f_transfer[soil_slow→soil_passive],$f_{\mathrm{s\to p}}$,7,resp_14C,resp_delta14C,resp[1],resp_14C[1],123.47880554199219,2606.31298828125,120.65266418457031,15.0,225.0,0.0004023753616845305,0.0004023753616845305,9
Howland Forest,US-Ho1,4,log_f_transfer[soil_slow→soil_passive],$f_{\mathrm{s\to p}}$,8,resp_14C,resp_delta14C,resp[2],resp_14C[2],123.45695495605469,2512.02490234375,120.3411636352539,15.0,225.0,0.00039430993688610675,0.00039430993688610675,10
Howland Forest,US-Ho1,4,log_f_transfer[soil_slow→soil_passive],$f_{\mathrm{s\to p}}$,9,resp_14C,resp_delta14C,resp[3],resp_14C[3],117.21288299560547,2476.09228515625,120.2197036743164,15.0,225.0,0.00038890055286312254,0.00038890055286312254,11
Howland Forest,US-Ho1,4,log_f_transfer[soil_slow→soil_passive],$f_{\mathrm{s\to p}}$,10,resp_14C,resp_delta14C,resp[4],resp_14C[4],119.98770904541016,2463.42236328125,120.16400909423828,15.0,225.0,0.000383712706611874,0.000383712706611874,12
Howland Forest,US-Ho1,4,log_f_transfer[soil_slow→soil_passive],$f_{\mathrm{s\to p}}$,11,resp_14C,resp_delta14C,resp[5],resp_14C[5],144.20352172851562,2445.788330078125,120.09597778320312,15.0,225.0,0.00037832251310405073,0.00037832251310405073,13
Howland Forest,US-Ho1,4,log_f_transfer[soil_slow→soil_passive],$f_{\mathrm{s\to p}}$,12,resp_14C,resp_delta14C,resp[6],resp_14C[6],109.57666778564453,2432.262939453125,120.03776550292969,15.0,225.0,0.0003730205360830723,0.0003730205360830723,14
Howland Forest,US-Ho1,4,log_f_transfer[soil_slow→soil_passive],$f_{\mathrm{s\to p}}$,13,resp_14C,resp_delta14C,resp[7],resp_14C[7],123.51847839355469,2416.3583984375,119.97411346435547,15.0,225.0,0.00036768723296589327,0.00036768723296589327,15
Howland Forest,US-Ho1,4,log_f_transfer[soil_slow→soil_passive],$f_{\mathrm{s\to p}}$,14,resp_14C,resp_delta14C,resp[8],resp_14C[8],108.93997955322266,2160.4814453125,119.05305480957031,15.0,225.0,0.0003110085968252571,0.0003110085968252571,16
Howland Forest,US-Ho1,4,log_f_transfer[soil_slow→soil_passive],$f_{\mathrm{s\to p}}$,15,resp_14C,resp_delta14C,resp[9],resp_14C[9],105.45958709716797,2134.583251953125,118.95349884033203,15.0,225.0,0.00030463308270127693,0.00030463308270127693,17
Howland Forest,US-Ho1,4,log_f_transfer[soil_slow→soil_passive],$f_{\mathrm{s\to p}}$,16,resp_14C,resp_delta14C,resp[10],resp_14C[10],121.03535461425781,2091.422607421875,118.7816390991211,15.0,225.0,0.000292583343696683,0.000292583343696683,19
Howland Forest,US-Ho1,4,log_f_transfer[soil_slow→soil_passive],$f_{\mathrm{s\to p}}$,17,resp_14C,resp_delta14C,resp[11],resp_14C[11],122.18989562988281,2000.08251953125,118.3774642944336,15.0,225.0,0.00025989207146406113,0.00025989207146406113,20
Howland Forest,US-Ho1,4,log_f_transfer[soil_slow→soil_passive],$f_{\mathrm{s\to p}}$,18,c_stock,C_stocks,C[1],c_stock[1],5469.0,596.4224243164062,4053.091064453125,2187.6000548546344,4785594.0,9.959283816719647e-08,9.959283816719647e-08,25
Howland Forest,US-Ho1,4,log_f_transfer[soil_slow→soil_passive],$f_{\mathrm{s\to p}}$,19,c_stock,C_stocks,C[2],c_stock[2],1900.0,2999.938720703125,1870.37646484375,760.0,577600.0,6.604313338106386e-06,6.604313338106386e-06,24
Howland Forest,US-Ho1,4,log_f_transfer[soil_slow→soil_passive],$f_{\mathrm{s\to p}}$,20,c_stock,C_stocks,C[3],c_stock[3],4900.0,3526.9384765625,5084.79296875,1960.0,3841600.0,8.231460743763377e-09,8.231460743763377e-09,26
Howland Forest,US-Ho1,4,log_f_transfer[soil_slow→soil_passive],$f_{\mathrm{s\to p}}$,21,israd_density_soil_active_1986,pool_delta14C,density:active_1986,israd_density_soil_active_1986,83.94999694824219,3960.038818359375,137.87342834472656,15.0,225.0,-0.00045854001164230947,0.00045854001164230947,4
Howland Forest,US-Ho1,4,log_f_transfer[soil_slow→soil_passive],$f_{\mathrm{s\to p}}$,22,israd_density_soil_active_1996,pool_delta14C,density:active_1996,israd_density_soil_active_1996,94.0,3804.502685546875,137.48216247558594,20.0,400.0,-0.0002554357059854354,0.0002554357059854354,21
Howland Forest,US-Ho1,4,log_f_transfer[soil_slow→soil_passive],$f_{\mathrm{s\to p}}$,23,israd_density_soil_active_1997,pool_delta14C,density:active_1997,israd_density_soil_active_1997,45.58000183105469,3514.091064453125,136.7166748046875,15.0,225.0,-0.00044596420810671727,0.00044596420810671727,6
Howland Forest,US-Ho1,4,log_f_transfer[soil_slow→soil_passive],$f_{\mathrm{s\to p}}$,24,israd_density_soil_passive_1996,pool_delta14C,density:passive_1996,israd_density_soil_passive_1996,-78.66666412353516,415.385498046875,-15.06609058380127,24.88492068188585,619.25927734375,-0.00010708033906158375,0.00010708033906158375,22
Howland Forest,US-Ho1,4,log_f_transfer[soil_slow→soil_passive],$f_{\mathrm{s\to p}}$,25,israd_density_soil_passive_1997,pool_delta14C,density:passive_1997,israd_density_soil_passive_1997,-68.0,413.7722473144531,-15.14565372467041,27.617928959282953,762.75,-8.166445876151072e-05,8.166445876151072e-05,23
Eight-mile Lake,US-EML,0,log_tau[soil_active],$\tau_{\mathrm{active}}$,0,resp_14C,resp_delta14C,resp[1],resp_14C[1],60.689998626708984,5941.79833984375,54.07278060913086,20.0,400.0,-7.434455078632069e-05,7.434455078632069e-05,8
Eight-mile Lake,US-EML,0,log_tau[soil_active],$\tau_{\mathrm{active}}$,1,resp_14C,resp_delta14C,resp[2],resp_14C[2],61.182220458984375,5873.0283203125,54.03875732421875,20.0,400.0,-7.452162792604501e-05,7.452162792604501e-05,4
Eight-mile Lake,US-EML,0,log_tau[soil_active],$\tau_{\mathrm{active}}$,2,resp_14C,resp_delta14C,resp[3],resp_14C[3],62.669090270996094,5808.20166015625,54.02235794067383,20.0,400.0,-7.448429367422414e-05,7.448429367422414e-05,5
Eight-mile Lake,US-EML,0,log_tau[soil_active],$\tau_{\mathrm{active}}$,3,resp_14C,resp_delta14C,resp[4],resp_14C[4],55.01599884033203,5707.9296875,54.00114440917969,20.0,400.0,-7.440226883053731e-05,7.440226883053731e-05,6
Eight-mile Lake,US-EML,0,log_tau[soil_active],$\tau_{\mathrm{active}}$,4,resp_14C,resp_delta14C,resp[5],resp_14C[5],48.92399978637695,5632.81884765625,53.9825325012207,20.0,400.0,-7.434727023352941e-05,7.434727023352941e-05,7
Eight-mile Lake,US-EML,0,log_tau[soil_active],$\tau_{\mathrm{active}}$,5,resp_14C,resp_delta14C,resp[6],resp_14C[6],42.89666748046875,5588.30419921875,53.96870040893555,20.0,400.0,-7.433413114712128e-05,7.433413114712128e-05,9
Eight-mile Lake,US-EML,0,log_tau[soil_active],$\tau_{\mathrm{active}}$,6,resp_14C,resp_delta14C,resp[7],resp_14C[7],62.11249923706055,5550.14404296875,53.7387580871582,20.0,400.0,-7.432190857441442e-05,7.432190857441442e-05,10
Eight-mile Lake,US-EML,0,log_tau[soil_active],$\tau_{\mathrm{active}}$,7,resp_14C,resp_delta14C,resp[8],resp_14C[8],54.93363571166992,5379.77294921875,53.681217193603516,20.0,400.0,-7.411759307206708e-05,7.411759307206708e-05,11
Eight-mile Lake,US-EML,0,log_tau[soil_active],$\tau_{\mathrm{active}}$,8,resp_14C,resp_delta14C,resp[9],resp_14C[9],53.12727355957031,5262.10400390625,53.63825607299805,20.0,400.0,-7.402424954802535e-05,7.402424954802535e-05,12
Eight-mile Lake,US-EML,0,log_tau[soil_active],$\tau_{\mathrm{active}}$,9,resp_14C,resp_delta14C,resp[10],resp_14C[10],13.296667098999023,5002.154296875,53.231109619140625,20.0,400.0,-7.383045735413346e-05,7.383045735413346e-05,13
Eight-mile Lake,US-EML,0,log_tau[soil_active],$\tau_{\mathrm{active}}$,10,resp_14C,resp_delta14C,resp[11],resp_14C[11],43.8025016784668,4758.28369140625,52.91923904418945,20.0,400.0,-7.355088976611987e-05,7.355088976611987e-05,14
Eight-mile Lake,US-EML,0,log_tau[soil_active],$\tau_{\mathrm{active}}$,11,resp_14C,resp_delta14C,resp[12],resp_14C[12],38.830833435058594,4521.138671875,52.52912521362305,20.0,400.0,-7.326128665791387e-05,7.326128665791387e-05,15
Eight-mile Lake,US-EML,0,log_tau[soil_active],$\tau_{\mathrm{active}}$,12,c_stock,C_stocks,C[1],c_stock[1],23702.927734375,2651.361083984375,21624.28125,8506.453079868248,72359744.0,3.584839341479644e-08,3.584839341479644e-08,19
Eight-mile Lake,US-EML,0,log_tau[soil_active],$\tau_{\mathrm{active}}$,13,c_stock,C_stocks,C[2],c_stock[2],10989.9365234375,9033.87890625,5279.83251953125,4325.827550885495,18712784.0,-5.66303441551279e-08,5.66303441551279e-08,18
Eight-mile Lake,US-EML,0,log_tau[soil_active],$\tau_{\mathrm{active}}$,14,c_stock,C_stocks,C[3],c_stock[3],12218.2587890625,7228.06884765625,11673.431640625,8676.17381107594,75275992.0,-1.948660705775828e-08,1.948660705775828e-08,20
Eight-mile Lake,US-EML,0,log_tau[soil_active],$\tau_{\mathrm{active}}$,15,israd_layer_soil_active,pool_delta14C,layer:active,israd_layer_soil_active,-57.28982162475586,7244.72314453125,29.882474899291992,33.460245257548735,1119.5880126953125,-0.00010998430105386415,0.00010998430105386415,1
Eight-mile Lake,US-EML,0,log_tau[soil_active],$\tau_{\mathrm{active}}$,16,israd_layer_soil_slow,pool_delta14C,layer:slow,israd_layer_soil_slow,-391.0356140136719,-259.04302978515625,267.9815673828125,174.4508235685633,30433.08984375,8.38836280858994e-06,8.38836280858994e-06,16
Eight-mile Lake,US-EML,0,log_tau[soil_active],$\tau_{\mathrm{active}}$,17,israd_layer_soil_passive,pool_delta14C,layer:passive,israd_layer_soil_passive,-579.0341796875,-288.3943176269531,-559.3822631835938,104.56596957035066,10934.0419921875,5.063785595438954e-06,5.063785595438954e-06,17
Eight-mile Lake,US-EML,0,log_tau[soil_active],$\tau_{\mathrm{active}}$,18,israd_macrofossil_soil_active_2004,pool_delta14C,macro:active_2004,israd_macrofossil_soil_active_2004,238.0065155029297,7244.72314453125,29.882474899291992,35.25952192980997,1243.23388671875,-9.90458081621092e-05,9.90458081621092e-05,2
Eight-mile Lake,US-EML,0,log_tau[soil_active],$\tau_{\mathrm{active}}$,19,israd_macrofossil_soil_slow_2004,pool_delta14C,macro:slow_2004,israd_macrofossil_soil_slow_2004,367.9891357421875,-259.04302978515625,267.9815673828125,51.37374067039259,2639.26123046875,9.672547607212375e-05,9.672547607212375e-05,3
Eight-mile Lake,US-EML,1,log_tau[soil_slow],$\tau_{\mathrm{slow}}$,0,resp_14C,resp_delta14C,resp[1],resp_14C[1],60.689998626708984,5941.79833984375,54.07278060913086,20.0,400.0,-0.00037253063760697106,0.00037253063760697106,3
Eight-mile Lake,US-EML,1,log_tau[soil_slow],$\tau_{\mathrm{slow}}$,1,resp_14C,resp_delta14C,resp[2],resp_14C[2],61.182220458984375,5873.0283203125,54.03875732421875,20.0,400.0,-0.00035392924342410857,0.00035392924342410857,5
Eight-mile Lake,US-EML,1,log_tau[soil_slow],$\tau_{\mathrm{slow}}$,2,resp_14C,resp_delta14C,resp[3],resp_14C[3],62.669090270996094,5808.20166015625,54.02235794067383,20.0,400.0,-0.000348969653221283,0.000348969653221283,6
Eight-mile Lake,US-EML,1,log_tau[soil_slow],$\tau_{\mathrm{slow}}$,3,resp_14C,resp_delta14C,resp[4],resp_14C[4],55.01599884033203,5707.9296875,54.00114440917969,20.0,400.0,-0.0003426604338155062,0.0003426604338155062,7
Eight-mile Lake,US-EML,1,log_tau[soil_slow],$\tau_{\mathrm{slow}}$,4,resp_14C,resp_delta14C,resp[5],resp_14C[5],48.92399978637695,5632.81884765625,53.9825325012207,20.0,400.0,-0.0003373910397136369,0.0003373910397136369,8
Eight-mile Lake,US-EML,1,log_tau[soil_slow],$\tau_{\mathrm{slow}}$,5,resp_14C,resp_delta14C,resp[6],resp_14C[6],42.89666748046875,5588.30419921875,53.96870040893555,20.0,400.0,-0.0003329975420557147,0.0003329975420557147,9
Eight-mile Lake,US-EML,1,log_tau[soil_slow],$\tau_{\mathrm{slow}}$,6,resp_14C,resp_delta14C,resp[7],resp_14C[7],62.11249923706055,5550.14404296875,53.7387580871582,20.0,400.0,-0.00032865269931509506,0.00032865269931509506,10
Eight-mile Lake,US-EML,1,log_tau[soil_slow],$\tau_{\mathrm{slow}}$,7,resp_14C,resp_delta14C,resp[8],resp_14C[8],54.93363571166992,5379.77294921875,53.681217193603516,20.0,400.0,-0.0003207096056064155,0.0003207096056064155,11
Eight-mile Lake,US-EML,1,log_tau[soil_slow],$\tau_{\mathrm{slow}}$,8,resp_14C,resp_delta14C,resp[9],resp_14C[9],53.12727355957031,5262.10400390625,53.63825607299805,20.0,400.0,-0.0003118559449103629,0.0003118559449103629,12
Eight-mile Lake,US-EML,1,log_tau[soil_slow],$\tau_{\mathrm{slow}}$,9,resp_14C,resp_delta14C,resp[10],resp_14C[10],13.296667098999023,5002.154296875,53.231109619140625,20.0,400.0,-0.00029011893651235347,0.00029011893651235347,13
Eight-mile Lake,US-EML,1,log_tau[soil_slow],$\tau_{\mathrm{slow}}$,10,resp_14C,resp_delta14C,resp[11],resp_14C[11],43.8025016784668,4758.28369140625,52.91923904418945,20.0,400.0,-0.0002729545224657777,0.0002729545224657777,14
Eight-mile Lake,US-EML,1,log_tau[soil_slow],$\tau_{\mathrm{slow}}$,11,resp_14C,resp_delta14C,resp[12],resp_14C[12],38.830833435058594,4521.138671875,52.52912521362305,20.0,400.0,-0.00025505093455425093,0.00025505093455425093,15
Eight-mile Lake,US-EML,1,log_tau[soil_slow],$\tau_{\mathrm{slow}}$,12,c_stock,C_stocks,C[1],c_stock[1],23702.927734375,2651.361083984375,21624.28125,8506.453079868248,72359744.0,-5.645103688063785e-07,5.645103688063785e-07,19
Eight-mile Lake,US-EML,1,log_tau[soil_slow],$\tau_{\mathrm{slow}}$,13,c_stock,C_stocks,C[2],c_stock[2],10989.9365234375,9033.87890625,5279.83251953125,4325.827550885495,18712784.0,2.065950801973318e-08,2.065950801973318e-08,20
Eight-mile Lake,US-EML,1,log_tau[soil_slow],$\tau_{\mathrm{slow}}$,14,c_stock,C_stocks,C[3],c_stock[3],12218.2587890625,7228.06884765625,11673.431640625,8676.17381107594,75275992.0,-1.429805524070581e-06,1.429805524070581e-06,18
Eight-mile Lake,US-EML,1,log_tau[soil_slow],$\tau_{\mathrm{slow}}$,15,israd_layer_soil_active,pool_delta14C,layer:active,israd_layer_soil_active,-57.28982162475586,7244.72314453125,29.882474899291992,33.460245257548735,1119.5880126953125,0.0017319403746565713,0.0017319403746565713,1
Eight-mile Lake,US-EML,1,log_tau[soil_slow],$\tau_{\mathrm{slow}}$,16,israd_layer_soil_slow,pool_delta14C,layer:slow,israd_layer_soil_slow,-391.0356140136719,-259.04302978515625,267.9815673828125,174.4508235685633,30433.08984375,-4.165723711288953e-06,4.165723711288953e-06,17
Eight-mile Lake,US-EML,1,log_tau[soil_slow],$\tau_{\mathrm{slow}}$,17,israd_layer_soil_passive,pool_delta14C,layer:passive,israd_layer_soil_passive,-579.0341796875,-288.3943176269531,-559.3822631835938,104.56596957035066,10934.0419921875,0.0003715141026472589,0.0003715141026472589,4
Eight-mile Lake,US-EML,1,log_tau[soil_slow],$\tau_{\mathrm{slow}}$,18,israd_macrofossil_soil_active_2004,pool_delta14C,macro:active_2004,israd_macrofossil_soil_active_2004,238.0065155029297,7244.72314453125,29.882474899291992,35.25952192980997,1243.23388671875,0.0015596901780776415,0.0015596901780776415,2
Eight-mile Lake,US-EML,1,log_tau[soil_slow],$\tau_{\mathrm{slow}}$,19,israd_macrofossil_soil_slow_2004,pool_delta14C,macro:slow_2004,israd_macrofossil_soil_slow_2004,367.9891357421875,-259.04302978515625,267.9815673828125,51.37374067039259,2639.26123046875,-4.8034594873119e-05,4.8034594873119e-05,16
Eight-mile Lake,US-EML,2,log_tau[soil_passive],$\tau_{\mathrm{passive}}$,0,resp_14C,resp_delta14C,resp[1],resp_14C[1],60.689998626708984,5941.79833984375,54.07278060913086,20.0,400.0,-0.0001017935132702681,0.0001017935132702681,5
Eight-mile Lake,US-EML,2,log_tau[soil_passive],$\tau_{\mathrm{passive}}$,1,resp_14C,resp_delta14C,resp[2],resp_14C[2],61.182220458984375,5873.0283203125,54.03875732421875,20.0,400.0,-8.601045468175618e-05,8.601045468175618e-05,6
Eight-mile Lake,US-EML,2,log_tau[soil_passive],$\tau_{\mathrm{passive}}$,2,resp_14C,resp_delta14C,resp[3],resp_14C[3],62.669090270996094,5808.20166015625,54.02235794067383,20.0,400.0,-8.192563525057287e-05,8.192563525057287e-05,7
Eight-mile Lake,US-EML,2,log_tau[soil_passive],$\tau_{\mathrm{passive}}$,3,resp_14C,resp_delta14C,resp[4],resp_14C[4],55.01599884033203,5707.9296875,54.00114440917969,20.0,400.0,-7.67872592030075e-05,7.67872592030075e-05,8
Eight-mile Lake,US-EML,2,log_tau[soil_passive],$\tau_{\mathrm{passive}}$,4,resp_14C,resp_delta14C,resp[5],resp_14C[5],48.92399978637695,5632.81884765625,53.9825325012207,20.0,400.0,-7.246578706940866e-05,7.246578706940866e-05,9
Eight-mile Lake,US-EML,2,log_tau[soil_passive],$\tau_{\mathrm{passive}}$,5,resp_14C,resp_delta14C,resp[6],resp_14C[6],42.89666748046875,5588.30419921875,53.96870040893555,20.0,400.0,-6.880509447688019e-05,6.880509447688019e-05,10
Eight-mile Lake,US-EML,2,log_tau[soil_passive],$\tau_{\mathrm{passive}}$,6,resp_14C,resp_delta14C,resp[7],resp_14C[7],62.11249923706055,5550.14404296875,53.7387580871582,20.0,400.0,-6.597432407673266e-05,6.597432407673266e-05,11
Eight-mile Lake,US-EML,2,log_tau[soil_passive],$\tau_{\mathrm{passive}}$,7,resp_14C,resp_delta14C,resp[8],resp_14C[8],54.93363571166992,5379.77294921875,53.681217193603516,20.0,400.0,-5.960418631549407e-05,5.960418631549407e-05,12
Eight-mile Lake,US-EML,2,log_tau[soil_passive],$\tau_{\mathrm{passive}}$,8,resp_14C,resp_delta14C,resp[9],resp_14C[9],53.12727355957031,5262.10400390625,53.63825607299805,20.0,400.0,-5.2296479446281384e-05,5.2296479446281384e-05,13
Eight-mile Lake,US-EML,2,log_tau[soil_passive],$\tau_{\mathrm{passive}}$,9,resp_14C,resp_delta14C,resp[10],resp_14C[10],13.296667098999023,5002.154296875,53.231109619140625,20.0,400.0,-3.6104469351698774e-05,3.6104469351698774e-05,14
Eight-mile Lake,US-EML,2,log_tau[soil_passive],$\tau_{\mathrm{passive}}$,10,resp_14C,resp_delta14C,resp[11],resp_14C[11],43.8025016784668,4758.28369140625,52.91923904418945,20.0,400.0,-2.1971626339354554e-05,2.1971626339354554e-05,15
Eight-mile Lake,US-EML,2,log_tau[soil_passive],$\tau_{\mathrm{passive}}$,11,resp_14C,resp_delta14C,resp[12],resp_14C[12],38.830833435058594,4521.138671875,52.52912521362305,20.0,400.0,-7.084146231333852e-06,7.084146231333852e-06,17
Eight-mile Lake,US-EML,2,log_tau[soil_passive],$\tau_{\mathrm{passive}}$,12,c_stock,C_stocks,C[1],c_stock[1],23702.927734375,2651.361083984375,21624.28125,8506.453079868248,72359744.0,-1.069974173765724e-07,1.069974173765724e-07,20
Eight-mile Lake,US-EML,2,log_tau[soil_passive],$\tau_{\mathrm{passive}}$,13,c_stock,C_stocks,C[2],c_stock[2],10989.9365234375,9033.87890625,5279.83251953125,4325.827550885495,18712784.0,-1.2284065082687127e-07,1.2284065082687127e-07,19
Eight-mile Lake,US-EML,2,log_tau[soil_passive],$\tau_{\mathrm{passive}}$,14,c_stock,C_stocks,C[3],c_stock[3],12218.2587890625,7228.06884765625,11673.431640625,8676.17381107594,75275992.0,3.1844102252200576e-06,3.1844102252200576e-06,18
Eight-mile Lake,US-EML,2,log_tau[soil_passive],$\tau_{\mathrm{passive}}$,15,israd_layer_soil_active,pool_delta14C,layer:active,israd_layer_soil_active,-57.28982162475586,7244.72314453125,29.882474899291992,33.460245257548735,1119.5880126953125,0.00032827237655347384,0.00032827237655347384,2
Eight-mile Lake,US-EML,2,log_tau[soil_passive],$\tau_{\mathrm{passive}}$,16,israd_layer_soil_slow,pool_delta14C,layer:slow,israd_layer_soil_slow,-391.0356140136719,-259.04302978515625,267.9815673828125,174.4508235685633,30433.08984375,1.756919028378426e-05,1.756919028378426e-05,16
Eight-mile Lake,US-EML,2,log_tau[soil_passive],$\tau_{\mathrm{passive}}$,17,israd_layer_soil_passive,pool_delta14C,layer:passive,israd_layer_soil_passive,-579.0341796875,-288.3943176269531,-559.3822631835938,104.56596957035066,10934.0419921875,-0.000827538548487413,0.000827538548487413,1
Eight-mile Lake,US-EML,2,log_tau[soil_passive],$\tau_{\mathrm{passive}}$,18,israd_macrofossil_soil_active_2004,pool_delta14C,macro:active_2004,israd_macrofossil_soil_active_2004,238.0065155029297,7244.72314453125,29.882474899291992,35.25952192980997,1243.23388671875,0.00029562403471665937,0.00029562403471665937,3
Eight-mile Lake,US-EML,2,log_tau[soil_passive],$\tau_{\mathrm{passive}}$,19,israd_macrofossil_soil_slow_2004,pool_delta14C,macro:slow_2004,israd_macrofossil_soil_slow_2004,367.9891357421875,-259.04302978515625,267.9815673828125,51.37374067039259,2639.26123046875,0.00020258879273324856,0.00020258879273324856,4
Eight-mile Lake,US-EML,3,log_f_transfer[soil_active→soil_slow],$f_{\mathrm{a\to s}}$,0,resp_14C,resp_delta14C,resp[1],resp_14C[1],60.689998626708984,5941.79833984375,54.07278060913086,20.0,400.0,0.0003979820030045943,0.0003979820030045943,5
Eight-mile Lake,US-EML,3,log_f_transfer[soil_active→soil_slow],$f_{\mathrm{a\to s}}$,1,resp_14C,resp_delta14C,resp[2],resp_14C[2],61.182220458984375,5873.0283203125,54.03875732421875,20.0,400.0,0.0003752441850696151,0.0003752441850696151,6
Eight-mile Lake,US-EML,3,log_f_transfer[soil_active→soil_slow],$f_{\mathrm{a\to s}}$,2,resp_14C,resp_delta14C,resp[3],resp_14C[3],62.669090270996094,5808.20166015625,54.02235794067383,20.0,400.0,0.00036922384350857485,0.00036922384350857485,7
Eight-mile Lake,US-EML,3,log_f_transfer[soil_active→soil_slow],$f_{\mathrm{a\to s}}$,3,resp_14C,resp_delta14C,resp[4],resp_14C[4],55.01599884033203,5707.9296875,54.00114440917969,20.0,400.0,0.00036158372545228056,0.00036158372545228056,8
Eight-mile Lake,US-EML,3,log_f_transfer[soil_active→soil_slow],$f_{\mathrm{a\to s}}$,4,resp_14C,resp_delta14C,resp[5],resp_14C[5],48.92399978637695,5632.81884765625,53.9825325012207,20.0,400.0,0.00035519459158089714,0.00035519459158089714,9
Eight-mile Lake,US-EML,3,log_f_transfer[soil_active→soil_slow],$f_{\mathrm{a\to s}}$,5,resp_14C,resp_delta14C,resp[6],resp_14C[6],42.89666748046875,5588.30419921875,53.96870040893555,20.0,400.0,0.0003498495902864836,0.0003498495902864836,10
Eight-mile Lake,US-EML,3,log_f_transfer[soil_active→soil_slow],$f_{\mathrm{a\to s}}$,6,resp_14C,resp_delta14C,resp[7],resp_14C[7],62.11249923706055,5550.14404296875,53.7387580871582,20.0,400.0,0.00034460606030100715,0.00034460606030100715,11
Eight-mile Lake,US-EML,3,log_f_transfer[soil_active→soil_slow],$f_{\mathrm{a\to s}}$,7,resp_14C,resp_delta14C,resp[8],resp_14C[8],54.93363571166992,5379.77294921875,53.681217193603516,20.0,400.0,0.0003350255865750206,0.0003350255865750206,12
Eight-mile Lake,US-EML,3,log_f_transfer[soil_active→soil_slow],$f_{\mathrm{a\to s}}$,8,resp_14C,resp_delta14C,resp[9],resp_14C[9],53.12727355957031,5262.10400390625,53.63825607299805,20.0,400.0,0.00032428221658000963,0.00032428221658000963,13
Eight-mile Lake,US-EML,3,log_f_transfer[soil_active→soil_slow],$f_{\mathrm{a\to s}}$,9,resp_14C,resp_delta14C,resp[10],resp_14C[10],13.296667098999023,5002.154296875,53.231109619140625,20.0,400.0,0.0002980258522842329,0.0002980258522842329,14
Eight-mile Lake,US-EML,3,log_f_transfer[soil_active→soil_slow],$f_{\mathrm{a\to s}}$,10,resp_14C,resp_delta14C,resp[11],resp_14C[11],43.8025016784668,4758.28369140625,52.91923904418945,20.0,400.0,0.0002771677762803471,0.0002771677762803471,15
Eight-mile Lake,US-EML,3,log_f_transfer[soil_active→soil_slow],$f_{\mathrm{a\to s}}$,11,resp_14C,resp_delta14C,resp[12],resp_14C[12],38.830833435058594,4521.138671875,52.52912521362305,20.0,400.0,0.0002553570523052781,0.0002553570523052781,16
Eight-mile Lake,US-EML,3,log_f_transfer[soil_active→soil_slow],$f_{\mathrm{a\to s}}$,12,c_stock,C_stocks,C[1],c_stock[1],23702.927734375,2651.361083984375,21624.28125,8506.453079868248,72359744.0,5.902453097747392e-07,5.902453097747392e-07,19
Eight-mile Lake,US-EML,3,log_f_transfer[soil_active→soil_slow],$f_{\mathrm{a\to s}}$,13,c_stock,C_stocks,C[2],c_stock[2],10989.9365234375,9033.87890625,5279.83251953125,4325.827550885495,18712784.0,4.408172663088514e-07,4.408172663088514e-07,20
Eight-mile Lake,US-EML,3,log_f_transfer[soil_active→soil_slow],$f_{\mathrm{a\to s}}$,14,c_stock,C_stocks,C[3],c_stock[3],12218.2587890625,7228.06884765625,11673.431640625,8676.17381107594,75275992.0,1.6728621579763964e-06,1.6728621579763964e-06,18
Eight-mile Lake,US-EML,3,log_f_transfer[soil_active→soil_slow],$f_{\mathrm{a\to s}}$,15,israd_layer_soil_active,pool_delta14C,layer:active,israd_layer_soil_active,-57.28982162475586,7244.72314453125,29.882474899291992,33.460245257548735,1119.5880126953125,-0.0018108962115659323,0.0018108962115659323,1
Eight-mile Lake,US-EML,3,log_f_transfer[soil_active→soil_slow],$f_{\mathrm{a\to s}}$,16,israd_layer_soil_slow,pool_delta14C,layer:slow,israd_layer_soil_slow,-391.0356140136719,-259.04302978515625,267.9815673828125,174.4508235685633,30433.08984375,-6.378695624420296e-05,6.378695624420296e-05,17
Eight-mile Lake,US-EML,3,log_f_transfer[soil_active→soil_slow],$f_{\mathrm{a\to s}}$,17,israd_layer_soil_passive,pool_delta14C,layer:passive,israd_layer_soil_passive,-579.0341796875,-288.3943176269531,-559.3822631835938,104.56596957035066,10934.0419921875,-0.0004346687411013989,0.0004346687411013989,4
Eight-mile Lake,US-EML,3,log_f_transfer[soil_active→soil_slow],$f_{\mathrm{a\to s}}$,18,israd_macrofossil_soil_active_2004,pool_delta14C,macro:active_2004,israd_macrofossil_soil_active_2004,238.0065155029297,7244.72314453125,29.882474899291992,35.25952192980997,1243.23388671875,-0.0016307934591902199,0.0016307934591902199,2
Eight-mile Lake,US-EML,3,log_f_transfer[soil_active→soil_slow],$f_{\mathrm{a\to s}}$,19,israd_macrofossil_soil_slow_2004,pool_delta14C,macro:slow_2004,israd_macrofossil_soil_slow_2004,367.9891357421875,-259.04302978515625,267.9815673828125,51.37374067039259,2639.26123046875,-0.0007355217997478747,0.0007355217997478747,3
Eight-mile Lake,US-EML,4,log_f_transfer[soil_slow→soil_passive],$f_{\mathrm{s\to p}}$,0,resp_14C,resp_delta14C,resp[1],resp_14C[1],60.689998626708984,5941.79833984375,54.07278060913086,20.0,400.0,-0.0002644404731398469,0.0002644404731398469,16
Eight-mile Lake,US-EML,4,log_f_transfer[soil_slow→soil_passive],$f_{\mathrm{s\to p}}$,1,resp_14C,resp_delta14C,resp[2],resp_14C[2],61.182220458984375,5873.0283203125,54.03875732421875,20.0,400.0,-0.00026725210911307415,0.00026725210911307415,15
Eight-mile Lake,US-EML,4,log_f_transfer[soil_slow→soil_passive],$f_{\mathrm{s\to p}}$,2,resp_14C,resp_delta14C,resp[3],resp_14C[3],62.669090270996094,5808.20166015625,54.02235794067383,20.0,400.0,-0.00026784034531860713,0.00026784034531860713,14
Eight-mile Lake,US-EML,4,log_f_transfer[soil_slow→soil_passive],$f_{\mathrm{s\to p}}$,3,resp_14C,resp_delta14C,resp[4],resp_14C[4],55.01599884033203,5707.9296875,54.00114440917969,20.0,400.0,-0.0002685111152189685,0.0002685111152189685,13
Eight-mile Lake,US-EML,4,log_f_transfer[soil_slow→soil_passive],$f_{\mathrm{s\to p}}$,4,resp_14C,resp_delta14C,resp[5],resp_14C[5],48.92399978637695,5632.81884765625,53.9825325012207,20.0,400.0,-0.00026911410026858417,0.00026911410026858417,11
Eight-mile Lake,US-EML,4,log_f_transfer[soil_slow→soil_passive],$f_{\mathrm{s\to p}}$,5,resp_14C,resp_delta14C,resp[6],resp_14C[6],42.89666748046875,5588.30419921875,53.96870040893555,20.0,400.0,-0.00026969560053841405,0.00026969560053841405,10
Eight-mile Lake,US-EML,4,log_f_transfer[soil_slow→soil_passive],$f_{\mathrm{s\to p}}$,6,resp_14C,resp_delta14C,resp[7],resp_14C[7],62.11249923706055,5550.14404296875,53.7387580871582,20.0,400.0,-0.00026904055008307947,0.00026904055008307947,12
Eight-mile Lake,US-EML,4,log_f_transfer[soil_slow→soil_passive],$f_{\mathrm{s\to p}}$,7,resp_14C,resp_delta14C,resp[8],resp_14C[8],54.93363571166992,5379.77294921875,53.681217193603516,20.0,400.0,-0.00026977964994238506,0.00026977964994238506,9
Eight-mile Lake,US-EML,4,log_f_transfer[soil_slow→soil_passive],$f_{\mathrm{s\to p}}$,8,resp_14C,resp_delta14C,resp[9],resp_14C[9],53.12727355957031,5262.10400390625,53.63825607299805,20.0,400.0,-0.0002708790620413642,0.0002708790620413642,7
Eight-mile Lake,US-EML,4,log_f_transfer[soil_slow→soil_passive],$f_{\mathrm{s\to p}}$,9,resp_14C,resp_delta14C,resp[10],resp_14C[10],13.296667098999023,5002.154296875,53.231109619140625,20.0,400.0,-0.0002707967658189443,0.0002707967658189443,8
Eight-mile Lake,US-EML,4,log_f_transfer[soil_slow→soil_passive],$f_{\mathrm{s\to p}}$,10,resp_14C,resp_delta14C,resp[11],resp_14C[11],43.8025016784668,4758.28369140625,52.91923904418945,20.0,400.0,-0.00027300553351762195,0.00027300553351762195,6
Eight-mile Lake,US-EML,4,log_f_transfer[soil_slow→soil_passive],$f_{\mathrm{s\to p}}$,11,resp_14C,resp_delta14C,resp[12],resp_14C[12],38.830833435058594,4521.138671875,52.52912521362305,20.0,400.0,-0.00027559589370566514,0.00027559589370566514,5
Eight-mile Lake,US-EML,4,log_f_transfer[soil_slow→soil_passive],$f_{\mathrm{s\to p}}$,12,c_stock,C_stocks,C[1],c_stock[1],23702.927734375,2651.361083984375,21624.28125,8506.453079868248,72359744.0,-4.717814930184598e-07,4.717814930184598e-07,19
Eight-mile Lake,US-EML,4,log_f_transfer[soil_slow→soil_passive],$f_{\mathrm{s\to p}}$,13,c_stock,C_stocks,C[2],c_stock[2],10989.9365234375,9033.87890625,5279.83251953125,4325.827550885495,18712784.0,-2.7620082101112515e-07,2.7620082101112515e-07,20
Eight-mile Lake,US-EML,4,log_f_transfer[soil_slow→soil_passive],$f_{\mathrm{s\to p}}$,14,c_stock,C_stocks,C[3],c_stock[3],12218.2587890625,7228.06884765625,11673.431640625,8676.17381107594,75275992.0,2.8786575634791707e-06,2.8786575634791707e-06,18
Eight-mile Lake,US-EML,4,log_f_transfer[soil_slow→soil_passive],$f_{\mathrm{s\to p}}$,15,israd_layer_soil_active,pool_delta14C,layer:active,israd_layer_soil_active,-57.28982162475586,7244.72314453125,29.882474899291992,33.460245257548735,1119.5880126953125,0.0014474444473913293,0.0014474444473913293,1
Eight-mile Lake,US-EML,4,log_f_transfer[soil_slow→soil_passive],$f_{\mathrm{s\to p}}$,16,israd_layer_soil_slow,pool_delta14C,layer:slow,israd_layer_soil_slow,-391.0356140136719,-259.04302978515625,267.9815673828125,174.4508235685633,30433.08984375,4.033216483636871e-05,4.033216483636871e-05,17
Eight-mile Lake,US-EML,4,log_f_transfer[soil_slow→soil_passive],$f_{\mathrm{s\to p}}$,17,israd_layer_soil_passive,pool_delta14C,layer:passive,israd_layer_soil_passive,-579.0341796875,-288.3943176269531,-559.3822631835938,104.56596957035066,10934.0419921875,-0.0007479723893214866,0.0007479723893214866,3
Eight-mile Lake,US-EML,4,log_f_transfer[soil_slow→soil_passive],$f_{\mathrm{s\to p}}$,18,israd_macrofossil_soil_active_2004,pool_delta14C,macro:active_2004,israd_macrofossil_soil_active_2004,238.0065155029297,7244.72314453125,29.882474899291992,35.25952192980997,1243.23388671875,0.0013034888042014329,0.0013034888042014329,2
Eight-mile Lake,US-EML,4,log_f_transfer[soil_slow→soil_passive],$f_{\mathrm{s\to p}}$,19,israd_macrofossil_soil_slow_2004,pool_delta14C,macro:slow_2004,israd_macrofossil_soil_slow_2004,367.9891357421875,-259.04302978515625,267.9815673828125,51.37374067039259,2639.26123046875,0.0004650666564901371,0.0004650666564901371,4
